,M,Rate,E,T,I,barE,th,E_th,E_T,E_M
2008-07-31,0.029556650246305383,3.99,-0.024547562192321903,-0.013143759639368535,-0.019656019656019708,0.026717151801315734,0.0,-0.0,0.0003226472571883296,-0.0007255437101178879
2008-08-01,-0.023923444976076458,3.97,0.0016131387548554699,-0.005578395005305659,-0.005012531328320802,0.02667125310243535,0.0,0.0,-8.998725172950742e-06,-3.8591836240561325e-05
2008-08-04,-0.03431372549019607,3.98,-0.02818489282814185,-0.00896608636190177,0.0025188916876572875,0.026625354403554964,0.0,-0.0,0.00025270818319806564,0.0009671286754754553
2008-08-05,0.0,4.04,-0.02469343179812522,0.028718741112345736,0.015075376884422065,0.026579455704674567,0.0,-0.0,-0.0007091642749857243,-0.0
2008-08-06,0.02030456852791862,4.06,-0.005947297930262496,0.003354349438903892,0.004950495049504955,0.026533557005794184,0.0,-0.0,-1.9949315475370282e-05,-0.00012075731838096343
2008-08-07,-0.02487562189054715,3.92,0.007350432567107434,-0.017933738369047658,-0.03448275862068961,0.0264876583069138,0.0,0.0,-0.00013182073455783206,-0.00018284658127132837
2008-08-08,0.025510204081632626,3.94,-0.038435421312046136,0.02389283474318682,0.005102040816326481,0.026441759608033417,0.0,-0.0,-0.0009183311696934791,-0.000980495441633829
2008-08-11,-0.00995024875621886,3.99,-0.00582373291666638,0.006942730477737413,0.012690355329949332,0.02639586090915303,0.0,-0.0,-4.0432608014742275e-05,5.794759121061048e-05
2008-08-12,-0.02010050251256279,3.91,-0.01349069555133231,-0.012050670422580567,-0.020050125313283207,0.026349962210272634,0.0,-0.0,0.0001625719258604795,0.00027116975982577476
2008-08-13,0.01538461538461533,3.94,0.02087269152474147,-0.0029156630132689543,0.007672634271099765,0.02630406351139225,0.0,0.0,-6.085773466606108e-05,0.00032111833114986763
2008-08-14,0.05555555555555558,3.89,0.001850701350255557,0.005521801403690407,-0.012690355329949221,0.02622572681591551,0.0,0.0,1.0219205313652867e-05,0.00010281674168086432
2008-08-15,-0.004784688995215225,3.84,-0.009940158782410946,0.004075933919094776,-0.01285347043701801,0.026147390120438773,0.0,-0.0,-4.051543034241661e-05,4.7560568336893625e-05
2008-08-18,-0.08173076923076927,3.82,-0.005419818692239842,-0.015097809523290096,-0.00520833333333337,0.026069053424962033,0.0,-0.0,8.182739026620435e-05,0.0004429659508080642
2008-08-19,0.015706806282722585,3.83,0.011702675808672236,-0.009314902555218274,0.002617801047120505,0.02599071672948527,0.0,0.0,-0.00010900928479309209,0.0001838116619163187
2008-08-20,0.020618556701030855,3.79,0.009801329892729083,0.006197331643397197,-0.010443864229765065,0.02591238003400853,0.0,0.0,6.07420918915848e-05,0.00020208927613874324
2008-08-21,0.015151515151515138,3.84,0.05071706034279977,0.0024949640993341404,0.01319261213720302,0.0264876583069138,1.0,0.05071706034279977,0.00012653724477904867,0.0007684403082242382
2008-08-22,0.004975124378109541,3.87,-0.05193080312073717,0.011332671321386378,0.0078125,0.026441759608033417,0.0,-0.0,-0.0005885147232229404,-0.0002583622045807865
2008-08-25,-0.004950495049505066,3.79,0.0009655952608815799,-0.019625434383095275,-0.02067183462532296,0.02639586090915303,0.0,0.0,-1.895022643305921e-05,-4.780174558819814e-06
2008-08-26,-0.06467661691542281,3.79,0.0052617598925206455,0.0036863724474374138,0.0,0.026349962210272634,0.0,0.0,1.9396806692819354e-05,-0.0003403128288694941
2008-08-27,0.05319148936170226,3.77,0.013870749414484074,0.007982653959549557,-0.00527704485488123,0.02630406351139225,0.0,0.0,0.000110725392735451,0.0007378058199193674
2008-08-28,0.005050505050504972,3.79,-0.017638986665168166,0.014840144050698667,0.0053050397877985045,0.02622572681591551,0.0,-0.0,-0.00026176510301944845,-8.908579123822168e-05
2008-08-29,-0.025125628140703515,3.83,-0.0010510214514494187,-0.013723665251360151,0.01055408970976246,0.026147390120438773,0.0,-0.0,1.4423866571690498e-05,2.640757415702057e-05
2008-09-02,0.010309278350515427,3.74,-0.05006581815939004,-0.004092514347066145,-0.023498694516971286,0.026069053424962033,0.0,-0.0,0.0002048950791149085,-0.0005161424552514419
2008-09-03,0.025510204081632626,3.71,-0.0025844451611721775,-0.0020350785667978544,-0.008021390374331583,0.02599071672948527,0.0,-0.0,5.2595489545659244e-06,-6.592972349929017e-05
2008-09-04,-0.00995024875621886,3.64,-0.016287197358871075,-0.02992205759970956,-0.018867924528301883,0.02591238003400853,0.0,-0.0,0.00048734645750997776,0.00016206166526239803
2008-09-05,-0.01005025125628145,3.66,-0.020790278931517303,0.004430764724152825,0.005494505494505475,0.02583404333853179,0.0,-0.0,-9.211683449506455e-05,0.00020894752694992355
2008-09-08,-0.025380710659898553,3.66,-0.006244537605462175,0.02051016192977806,0.0,0.025755706643055053,0.0,-0.0,-0.00012807647746461773,0.0001584908021690912
2008-09-09,0.02083333333333326,3.62,-0.02996912248983785,-0.03413816796421554,-0.010928961748633892,0.025677369947578313,0.0,-0.0,0.001023090937298234,-0.0006243567185382863
2008-09-10,0.08163265306122458,3.65,-0.013653529671000753,0.006149422411268146,0.008287292817679592,0.02559903325210155,0.0,-0.0,-8.396132135176663e-05,-0.0011145738506939402
2008-09-11,-0.05660377358490576,3.64,-0.013438434016877276,0.013806377411702098,-0.002739726027397249,0.02552069655662481,0.0,-0.0,-0.0001855360918592635,0.000760666076427017
2008-09-12,0.050000000000000044,3.74,-0.0006144772528553499,0.002121534158087801,0.027472527472527597,0.025290129984013268,0.0,-0.0,-1.3036344813005797e-06,-3.0723862642767525e-05
2008-09-15,0.2571428571428571,3.47,-0.034228365490993506,-0.04713589702129706,-0.07219251336898391,0.025059563411401725,0.0,-0.0,0.0016133847109907878,-0.008801579697684043
2008-09-16,-0.25,3.48,-0.05326821685971561,0.017523287725070613,0.0028818443804032867,0.02482899683879018,0.0,-0.0,-0.0009334342906342541,0.013317054214928903
2008-09-17,0.41414141414141414,3.41,0.06299030531601701,-0.04714070706031326,-0.02011494252873558,0.02599071672948527,1.0,0.06299030531601701,-0.002969407530542051,0.026086894120774723
2008-09-18,-0.22857142857142843,3.54,0.0036904904790235893,0.043341774386062015,0.038123167155425186,0.02591238003400853,0.0,0.0,0.00015995240571575035,-0.000843540680919677
2008-09-19,-0.3148148148148149,3.78,0.046433428464990545,0.0402565630586833,0.06779661016949157,0.026487658306913815,1.0,0.046433428464990545,0.001869250241031752,-0.014617931183422953
2008-09-22,0.020270270270270396,3.83,0.06455175450031647,-0.038236599989398545,0.013227513227513255,0.026927792202621478,1.0,0.06455175450031647,-0.0024682396154424584,0.0013084815101415581
2008-09-23,-0.03311258278145701,3.85,-0.027913985844178035,-0.01563263356626765,0.005221932114882533,0.02687287830181301,0.0,-0.0,0.0004363691120760176,0.0009243041670257643
2008-09-24,-0.18493150684931503,3.8,-0.006111805118562796,-0.001977727730452905,-0.012987012987013102,0.02681796440100458,0.0,-0.0,1.2087486466105648e-05,0.0011302653301451745
2008-09-25,0.03361344537815136,3.88,0.02098586227352528,0.019656504245599393,0.021052631578947434,0.026763050500196117,0.0,0.0,0.0004125086908771138,0.0007054071352445494
2008-09-26,-0.12195121951219501,3.85,-0.010133820019662787,0.0033824291161275166,-0.0077319587628865705,0.026717151801315748,0.0,-0.0,-3.427692789210333e-05,0.001235831709714973
2008-09-29,0.4444444444444444,3.61,-0.0923314417042862,-0.08806776221769597,-0.06233766233766236,0.02667125310243535,0.0,-0.0,0.008131423453230134,-0.04103619631301609
2008-09-30,0.3012820512820511,3.85,0.04458389723714129,0.0541746705821724,0.06648199445983383,0.027147447805855266,1.0,0.04458389723714129,0.0024153179460915555,0.013432328013754099
2008-10-01,-0.43349753694581283,3.77,-0.028929371405336468,-0.004543988840816637,-0.020779220779220786,0.027092533905046835,0.0,-0.0,0.00013145474083768884,0.012540811249603987
2008-10-02,-0.417391304347826,3.66,-0.050036758426947436,-0.04029079197981711,-0.02917771883289122,0.027037620004238372,0.0,-0.0,0.0020160206251245,0.020884907865160666
2008-10-03,0.6417910447761195,3.63,-0.0034231180096175873,-0.013506522985628489,-0.00819672131147553,0.02698270610342994,0.0,-0.0,4.6234422079418784e-05,-0.002196926483784422
2008-10-06,0.7818181818181817,3.48,-0.07279778055206887,-0.03851784119121027,-0.04132231404958675,0.026927792202621478,0.0,-0.0,0.002804013350377164,-0.05691462843161747
2008-10-07,0.5153061224489797,3.5,0.01171132114435447,-0.05739484084336377,0.005747126436781658,0.02687287830181301,0.0,0.0,-0.0006721694131457456,0.006034915487652049
2008-10-08,-0.24579124579124578,3.72,-0.0035436220030791166,-0.01133270253725105,0.06285714285714294,0.02681796440100458,0.0,-0.0,4.015881406535335e-05,0.0008709912667500859
2008-10-09,-0.3750000000000001,3.84,-0.020151694356834615,-0.07616709580816616,0.032258064516129004,0.026763050500196117,0.0,-0.0,0.0015348960347739036,0.007556885383812983
2008-10-10,-0.4357142857142856,3.89,-0.10367779995813342,-0.011759289177065702,0.013020833333333481,0.026717151801315748,0.0,-0.0,0.0012191772309496612,0.045173898553186695
2008-10-14,0.39240506329113933,4.08,-0.03782597908348184,-0.005322136791994336,0.04884318766066831,0.02667125310243535,0.0,-0.0,0.0002013150349734069,-0.014843105716303005
2008-10-15,-0.054545454545454564,4.04,-0.05004690444963744,-0.0903497780862258,-0.009803921568627416,0.02662535440355495,0.0,-0.0,0.0045217267109272895,0.002729831151798407
2008-10-17,-0.27710843373493976,3.98,-0.016949216467680994,0.03603053398163025,-0.014851485148514865,0.02657945570467458,0.0,-0.0,-0.0006106893199007872,0.0046967708283935285
2008-10-20,0.16666666666666674,3.91,0.03491379825359209,0.04768490479313692,-0.017587939698492372,0.027037620004238372,1.0,0.03491379825359209,0.0016648611456893288,0.005818966375598684
2008-10-21,-0.042857142857142705,3.76,-0.03206993749467757,-0.030799711659374562,-0.038363171355498826,0.02698270610342994,0.0,-0.0,0.0009877448277702341,0.0013744258926290337
2008-10-22,0.20895522388059695,3.65,-0.07458411483923777,-0.06101246975642627,-0.029255319148936088,0.026927792202621478,0.0,-0.0,0.004550561050938818,-0.01558474041416908
2008-10-23,0.14814814814814814,3.63,0.021698722856789754,0.012634041442215027,-0.005479452054794498,0.02687287830181301,0.0,0.0,0.0002741425638158202,0.0032146256084132968
2008-10-24,0.021505376344086002,3.76,-0.05870750969935412,-0.034511200543819176,0.03581267217630857,0.02681796440100458,0.0,-0.0,0.0020260666406626193,-0.0012625270903086896
2008-10-27,-0.03157894736842093,3.79,-0.010314252981750038,-0.03176435781413156,0.007978723404255428,0.026763050500196117,0.0,-0.0,0.00032762562229778156,0.0003257132520552631
2008-10-28,-0.2717391304347826,3.89,-0.01823805462738437,0.10789005877973534,0.02638522427440626,0.026717151801315748,0.0,-0.0,-0.001967704785776524,0.0049559931052674915
2008-10-29,-0.4626865671641791,3.93,0.08591806645406264,-0.011079077098555157,0.010282776349614497,0.027202361706663732,1.0,0.08591806645406264,-0.0009518928824033455,-0.03975313522501406
2008-10-30,-0.16666666666666663,4.0,-0.026882573750035554,0.025803953710955563,0.01781170483460559,0.027147447805855266,0.0,-0.0,-0.0006936766886772665,0.0044804289583392585
2008-10-31,-0.2666666666666666,4.01,0.02527076806604356,0.01536539816147986,0.0024999999999999467,0.027092533905046835,0.0,0.0,0.00038829541318116965,-0.006738871484278281
2008-11-03,0.045454545454545414,3.96,-0.07409675712186814,-0.0025290448588709546,-0.012468827930174564,0.027037620004238372,0.0,-0.0,0.00018739402265807042,-0.003368034414630367
2008-11-04,0.0,3.81,0.09854502222685602,0.04082584363592434,-0.037878787878787845,0.027701083599019138,1.0,0.09854502222685602,0.0040231836685323125,0.0
2008-11-05,0.0,3.73,-0.06878391543636364,-0.05267708721725084,-0.02099737532808399,0.027603860076334495,0.0,-0.0,0.003623336312585334,-0.0
2008-11-06,0.0,3.75,-0.071763353860684,-0.05026398151360678,0.00536193029490617,0.027506636553649856,0.0,-0.0,0.0036071118918078425,-0.0
2008-11-07,0.17391304347826098,3.83,-0.0013930320499663251,0.028854638416884848,0.021333333333333426,0.02740941303096527,0.0,-0.0,-4.019543610491018e-05,-0.0002422664434724045
2008-11-10,0.07407407407407396,3.82,0.03016570885724179,-0.012653163176065019,-0.0026109660574412663,0.028284424735126823,1.0,0.03016570885724179,-0.00038169163649235023,0.0022344969523882775
2008-11-12,0.2068965517241379,3.75,-0.059953333467542724,-0.05189390264262972,-0.018324607329842868,0.028187201212442236,0.0,-0.0,0.0031112124500657762,-0.012404137958801941
2008-11-14,-0.02857142857142847,3.72,0.03570751928053806,0.024627467482110976,-0.007999999999999896,0.02844196860926518,1.0,0.03570751928053806,0.0008793857699483017,-0.001020214836586798
2008-11-17,0.08823529411764697,3.68,-0.03558260039549355,-0.025810416464710606,-0.010752688172043001,0.02842227562499788,0.0,-0.0,0.0009184017351050647,-0.0031396412113670743
2008-11-18,0.027027027027026973,3.53,-0.00898492082516178,0.00983837216243022,-0.04076086956521752,0.028402582640730593,0.0,-0.0,-8.839699492791122e-05,-0.00024283569797734492
2008-11-19,0.0,3.38,-0.0023147942039266622,-0.06115557585198217,-0.04249291784702547,0.028382889656463295,0.0,-0.0,0.00014156257251996568,-0.0
2008-11-20,0.2894736842105263,3.1,-0.07037895018825668,-0.06712293077105447,-0.08284023668639051,0.028363196672196007,0.0,-0.0,0.004724041401225844,-0.02037285400186378
2008-11-21,0.16326530612244894,3.2,0.023086454937224055,0.06324760339835156,0.032258064516129004,0.02834350368792871,0.0,0.0,0.0014601629457434622,0.003769217132608008
2008-11-24,0.08771929824561409,3.35,0.09636108580602998,0.06472253086203117,0.046875,0.028773212814252807,1.0,0.09636108580602998,0.006236733349979609,0.008452726825090354
2008-11-25,-0.048387096774193616,3.11,-0.06638238106427574,0.006550776705881445,-0.07164179104477619,0.02862728369602633,0.0,-0.0,-0.000434856155556803,0.003212050696658508
2008-11-26,-0.10169491525423724,2.99,0.07090367036771861,0.03532812081997916,-0.03858520900321538,0.029940645760065054,1.0,0.07090367036771861,0.002504893433330739,-0.007210542749259516
2008-11-28,-0.018867924528301883,2.93,-0.00797471263131766,0.009643111965147444,-0.02006688963210701,0.029794716641838574,0.0,-0.0,-7.690104679367178e-05,0.00015046627606259732
2008-12-01,0.0,2.72,-0.10319686454573118,-0.0892952436107991,-0.07167235494880542,0.029648787523612014,0.0,-0.0,0.009214989159481702,-0.0
2008-12-02,-0.09615384615384626,2.68,-0.052741349376956626,0.03994067054843109,-0.014705882352941235,0.02950285840538545,0.0,-0.0,-0.0021065248597447257,0.005071283593938143
2008-12-03,-0.23404255319148937,2.67,0.0,0.025836162084397873,-0.003731343283582156,0.029356929287158974,0.0,0.0,0.0,-0.0
2008-12-04,-0.4444444444444444,2.55,-0.06954225226482968,-0.02930842710506598,-0.0449438202247191,0.02921100016893241,0.0,-0.0,0.0020381740312258706,0.030907667673257637
2008-12-05,-0.4,2.67,-0.06007561906727943,0.03649941753675101,0.04705882352941182,0.02906507105070593,0.0,-0.0,-0.0021927251041154324,0.024030247626911774
2008-12-08,0.0,2.77,0.09260182020758512,0.0383873487297306,0.03745318352059934,0.03000816468921808,1.0,0.09260182020758512,0.0035547383653163835,0.0
2008-12-09,0.08333333333333348,2.67,-0.04352831573816596,-0.023117543162227583,-0.036101083032491044,0.029985658379500398,0.0,-0.0,0.0010062677178561217,-0.0036273596448471697
2008-12-10,-0.15384615384615385,2.69,0.020948778525265332,0.01189418741207482,0.0074906367041198685,0.02996315206978273,0.0,0.0,0.0002491686978335542,-0.0032228890038869746
2008-12-11,0.27272727272727293,2.64,0.11768862462714491,-0.0285240465920793,-0.018587360594795488,0.03016570885724179,1.0,0.11768862462714491,-0.0033569558122224126,0.032096897625585
2008-12-12,0.0714285714285714,2.6,-0.02067945884908351,0.007028415417449585,-0.015151515151515138,0.030143202547524124,0.0,-0.0,-0.0001453438273994128,-0.0014771042035059644
2008-12-15,0.19999999999999996,2.53,-0.03900024518944156,-0.012685680143110334,-0.02692307692307705,0.030120696237806447,0.0,-0.0,0.0004947446359761332,-0.00780004903788831
2008-12-17,-0.2941176470588236,2.2,0.02085202549312659,0.04127471048232434,-0.13043478260869557,0.030098189928088766,0.0,0.0,0.0008606613151988465,-0.006132948674448998
2008-12-18,-0.08333333333333326,2.08,-0.04766084399571824,-0.021162683238924562,-0.054545454545454564,0.0300756836183711,0.0,-0.0,0.0010086313443811847,0.003971736999643183
2008-12-19,0.0,2.13,0.01476013331733328,0.002936896236101161,0.024038461538461453,0.030053177308653423,0.0,0.0,4.3348979984027445e-05,0.0
2008-12-22,0.0,2.16,-0.05795452811501245,-0.018302022695223075,0.014084507042253724,0.030030670998935756,0.0,-0.0,0.0010606850888519015,-0.0
2008-12-23,0.0,2.18,-0.02629674626115963,-0.009717462330154691,0.0092592592592593,0.03000816468921808,0.0,-0.0,0.0002555376411984549,-0.0
2008-12-24,0.0,2.2,-0.09291377461075156,0.005781143038123382,0.00917431192660545,0.029985658379500398,0.0,-0.0,-0.0005371478212367114,-0.0
2008-12-26,-0.18181818181818188,2.16,0.04807424999155985,0.005356174910027267,-0.018181818181818188,0.030202106884327194,1.0,0.04807424999155985,0.00025749409162317144,-0.008740772725738156
2008-12-29,0.11111111111111116,2.13,0.056815229759212826,-0.003872599599089699,-0.01388888888888895,0.030529689128095727,1.0,0.056815229759212826,-0.00022002263598771673,0.006312803306579206
2008-12-30,-0.10000000000000009,2.11,-0.009864308722750015,0.024407112966569722,-0.009389671361502372,0.030493291101010345,0.0,-0.0,-0.0002407592973332787,0.0009864308722750024
2008-12-31,0.5555555555555558,2.25,0.135491866001614,0.01415834135471683,0.06635071090047395,0.030594869975942497,1.0,0.135491866001614,0.0019183400896384028,0.07527325888978559
2009-01-02,-0.4285714285714286,2.46,0.02895371112977041,0.03160806841181141,0.09333333333333327,0.03058672236996165,0.0,0.0,0.0009151708821656084,-0.012408733341330176
2009-01-05,0.375,2.49,0.057770178923207904,-0.004668357633531128,0.012195121951219523,0.032391683927728086,1.0,0.057770178923207904,-0.0002696918557666167,0.021663817096202964
2009-01-06,-0.18181818181818188,2.51,0.018339376602190205,0.0078171328961949,0.008032128514056103,0.03209493080442405,0.0,0.0,0.0001433613441326881,-0.003334432109489129
2009-01-07,0.22222222222222232,2.52,-0.09242031034559817,-0.030009615306130777,0.003984063745019917,0.03179817768112018,0.0,-0.0,0.0027734979599446192,-0.02053784674346627
2009-01-08,-0.09090909090909083,2.47,-0.025948591922557496,0.0033970727091503505,-0.01984126984126977,0.03150142455781614,0.0,-0.0,-8.81492534609993e-05,0.0023589629020506794
2009-01-09,-0.10000000000000009,2.43,-0.005596597498269018,-0.021303029798827477,-0.01619433198380571,0.0312046714345121,0.0,-0.0,0.0001192244832776682,0.0005596597498269023
2009-01-12,0.11111111111111116,2.34,-0.033993660148074145,-0.02256412239141281,-0.0370370370370372,0.03090791831120823,0.0,-0.0,0.0007670371081132371,-0.003777073349786018
2009-01-13,0.0,2.33,0.04474486111559317,0.0017580587922576552,-0.004273504273504147,0.03357869642094391,1.0,0.04474486111559317,7.866409649261624e-05,0.0
2009-01-14,0.4999999999999998,2.24,0.005576622569460232,-0.03345987410426654,-0.03862660944205998,0.03328194329764004,0.0,0.0,-0.00018659308910115075,0.002788311284730115
2009-01-16,0.05555555555555558,2.36,0.033052302645274034,0.008900809431844792,0.05357142857142838,0.03347341766580994,0.0,0.0,0.0002941922471292437,0.0018362390358485582
2009-01-20,0.05263157894736836,2.4,-0.0633455181934931,-0.052816102046715274,0.016949152542372836,0.03342077828824294,0.0,-0.0,0.0033456633531095906,-0.003333974641762791
2009-01-21,0.1499999999999999,2.56,0.03209540486383533,0.04349124562903017,0.06666666666666665,0.03336813891067597,0.0,0.0,0.0013958691364962322,0.0048143107295752965
2009-01-22,-0.08695652173913049,2.62,0.008218545715739989,-0.015162323124874533,0.0234375,0.03331549953310897,0.0,0.0,-0.00012461224575860294,-0.0007146561491947821
2009-01-23,-0.1428571428571429,2.65,0.06565321838087401,0.005377658256231044,0.011450381679389166,0.03362634087867856,1.0,0.06565321838087401,0.00035306057187404685,-0.009379031197267719
2009-01-26,0.05555555555555558,2.7,-0.029150297261690827,0.005553212391849582,0.018867924528301883,0.03361442976424489,0.0,-0.0,-0.00016187779197972046,-0.0016194609589828244
2009-01-27,-0.052631578947368474,2.59,-0.06878193367138141,0.010925582519593302,-0.040740740740740855,0.03360251864981123,0.0,-0.0,-0.0007514826921838707,0.0036201017721779727
2009-01-28,0.05555555555555558,2.71,0.026755133681456877,0.03355760738960489,0.04633204633204646,0.03359060753537757,0.0,0.0,0.0008978382717387241,0.0014863963156364938
2009-01-29,0.21052631578947367,2.87,0.011135857082584133,-0.03312017219917118,0.05904059040590415,0.03357869642094391,0.0,0.0,-0.0003688215041605465,0.002344390964754554
2009-01-30,0.0,2.87,0.01057267678642515,-0.022789134855526583,0.0,0.03352605704337694,0.0,0.0,-0.00024094215706973817,0.0
2009-02-02,0.04347826086956519,2.76,-0.0448997673350674,-0.0005327680035899229,-0.03832752613240431,0.03347341766580994,0.0,-0.0,2.392115940475589e-05,-0.0019521637971768421
2009-02-03,0.0,2.89,0.005933412552286743,0.01583398827965876,0.04710144927536253,0.03342077828824294,0.0,0.0,9.394958481128847e-05,0.0
2009-02-04,0.0,2.95,0.0015880147893938545,-0.007489510230927809,0.02076124567474058,0.03336813891067597,0.0,0.0,-1.1893453012029943e-05,0.0
2009-02-05,-0.04166666666666663,2.95,0.05232157369778845,0.016365662661559144,0.0,0.03363825199311221,1.0,0.05232157369778845,0.0008562772250599114,-0.0021800655707411836
2009-02-06,0.0,3.05,-0.005380972985932542,0.026896022529575125,0.03389830508474567,0.03362634087867856,0.0,-0.0,-0.00014472677066067676,-0.0
2009-02-09,-0.0434782608695653,3.07,-0.0041116345049404535,0.0014851935283901607,0.006557377049180246,0.03361442976424489,0.0,-0.0,-6.1065729578432435e-06,0.000178766717606107
2009-02-10,0.09090909090909083,2.9,-0.03063884905229808,-0.04912120013376109,-0.055374592833876246,0.03360251864981123,0.0,-0.0,0.0015050170361660302,-0.0027853499138452776
2009-02-11,-0.08333333333333326,2.78,-0.007397485463788822,0.007954951041488467,-0.04137931034482767,0.03359060753537757,0.0,-0.0,-5.8846634694562686e-05,0.0006164571219824013
2009-02-13,-0.0434782608695653,2.89,0.044715438049245826,-0.008275917503928976,0.039568345323741205,0.03369780756528051,1.0,0.044715438049245826,-0.00037006127644760524,-0.001944149480401996
2009-02-17,0.13636363636363646,2.64,-0.08236052089998158,-0.0455590473632177,-0.08650519031141868,0.03368589645084686,0.0,-0.0,0.003752266872541542,-0.01123098012272477
2009-02-18,-0.07999999999999996,2.74,-0.040047131504968636,-0.000950365594538094,0.037878787878787845,0.03367398533641319,0.0,-0.0,3.805941594226475e-05,0.0032037705203974893
2009-02-19,-0.08695652173913049,2.85,0.06208585961464719,-0.01202402358417931,0.04014598540145986,0.034459140588339356,1.0,0.06208585961464719,-0.0007465218402505636,-0.005398770401273672
2009-02-20,-0.04761904761904756,2.78,-0.0032347364509494048,-0.01141296456796903,-0.024561403508772006,0.03435037872790241,0.0,-0.0,3.6917932501403445e-05,0.0001540350690928286
2009-02-23,-0.050000000000000044,2.78,-0.018080639553370914,-0.034699008021163436,0.0,0.03424161686746541,0.0,-0.0,0.0006273802568901823,0.0009040319776685465
2009-02-24,0.10526315789473673,2.8,0.03493861003096055,0.04010331464253336,0.007194244604316502,0.03483677500322702,1.0,0.03493861003096055,0.0014011540712443832,0.0036777484243116325
2009-02-25,0.0,2.95,0.03604010061264007,-0.010657824039959851,0.0535714285714286,0.03492124178680263,1.0,0.03604010061264007,-0.0003841090507119671,0.0
2009-02-26,0.04761904761904767,2.98,0.04821670034552317,-0.01577984957375933,0.010169491525423568,0.03509239188087604,1.0,0.04821670034552317,-0.0007608522783953851,0.00229603334978682
2009-02-27,0.0,3.02,-0.0086116328955258,-0.023564403426620917,0.01342281879194629,0.035015500955918315,0.0,-0.0,0.0002029279917121296,-0.0
2009-03-02,0.0,2.91,-0.0855932383522221,-0.04662016661802437,-0.03642384105960261,0.03493861003096055,0.0,-0.0,0.003990371033356868,-0.0
2009-03-03,-0.09090909090909083,2.93,0.03243747754468185,-0.006406766626880556,0.0068728522336769515,0.034936128853223704,0.0,0.0,-0.00020781934859345508,-0.0029488615949710742
2009-03-04,0.04999999999999982,3.01,0.05453321881251805,0.02375307342984989,0.027303754266211566,0.03555373743062257,1.0,0.05453321881251805,0.0012953315508198128,0.002726660940625893
2009-03-05,-0.04761904761904756,2.83,-0.04703134326940572,-0.04253230958224652,-0.05980066445182719,0.035476846505664794,0.0,-0.0,0.0020003516520032704,0.002239587774733603
2009-03-06,0.0,2.83,0.025904418915446925,0.0012160531897855709,0.0,0.03539995558070707,0.0,0.0,3.150115125167091e-05,0.0
2009-03-09,0.0,2.89,-0.012842842190353698,-0.010023669901070842,0.021201413427561766,0.0353230646557493,0.0,-0.0,0.00012873241070765108,-0.0
2009-03-10,0.0,2.99,-0.00441007618459599,0.06366302222212594,0.03460207612456756,0.03524617373079158,0.0,-0.0,-0.00028075877814120293,-0.0
2009-03-11,-0.050000000000000044,2.95,-0.0575858737751781,0.002445816877900686,-0.013377926421404673,0.03516928280583381,0.0,-0.0,-0.0001408445020079891,0.0028792936887589073
2009-03-12,-0.052631578947368474,2.89,0.08578147100646238,0.04072863130673077,-0.02033898305084747,0.03571386786826638,1.0,0.08578147100646238,0.0034937619055712215,-0.004514814263498024
2009-03-13,-0.16666666666666663,2.89,-0.006926400206489047,0.007739027671590959,0.0,0.03571069357440222,0.0,-0.0,-5.3603602862532066e-05,0.0011544000344148409
2009-03-16,0.3333333333333335,2.97,0.012641630402238535,-0.0035159251701146754,0.02768166089965396,0.03570751928053806,0.0,0.0,-4.4447026522517374e-05,0.00421387680074618
2009-03-17,0.0,3.02,0.03831258349268962,0.032139940837456527,0.01683501683501687,0.03573608792531551,1.0,0.03831258349268962,0.001231364166785158,0.0
2009-03-18,-0.10000000000000009,2.51,-0.012023254785946347,0.020857940382711382,-0.16887417218543055,0.03573291363145135,0.0,-0.0,-0.0002507803315314182,0.0012023254785946357
2009-03-19,-0.05555555555555547,2.61,0.0631556510946285,-0.012979162680767709,0.03984063745019917,0.03576455917004251,1.0,0.0631556510946285,-0.0008197074697669886,-0.0035086472830349116
2009-03-20,0.0588235294117645,2.65,0.010854609663177417,-0.01976940007446848,0.015325670498084198,0.035760945319919246,0.0,0.0,-0.00021458912108354591,0.0006385064507751399
2009-03-23,-0.05555555555555547,2.68,0.043928152018289035,0.07075754864749229,0.01132075471698113,0.035907750666526184,1.0,0.043928152018289035,0.0031082483534285226,-0.0024404528899049428
2009-03-24,0.0,2.68,0.0005610394354220727,-0.020415092769478838,0.0,0.035881280677303416,0.0,0.0,-1.1453672121477645e-05,0.0
2009-03-25,0.0,2.81,-0.032710280373831724,0.009626370531222062,0.04850746268656714,0.035854810688080635,0.0,-0.0,-0.00031488127905866505,-0.0
2009-03-26,-0.05882352941176472,2.76,0.03304346056952001,0.02332036707485252,-0.017793594306049876,0.03582834069885785,0.0,0.0,0.000770585629904622,-0.0019437329746776482
2009-03-27,-0.0625,2.78,-0.027684241817845234,-0.020315519064124654,0.007246376811594235,0.03580187070963508,0.0,-0.0,0.0005624197424262718,0.0017302651136153271
2009-03-30,0.06666666666666665,2.73,-0.07676025199899161,-0.03481870365409789,-0.017985611510791255,0.0357754007204123,0.0,-0.0,0.0026726924667667645,-0.005117350133266106
2009-03-31,0.0,2.71,0.0258386709814582,0.013129614663131228,-0.0073260073260073,0.035771786870289035,0.0,0.0,0.000339251793393977,0.0
2009-04-01,0.0,2.68,-0.016047144482493225,0.01655660953977356,-0.011070110701106972,0.03576817302016577,0.0,-0.0,-0.000265686305424972,-0.0
2009-04-02,0.0,2.77,0.08897608372173971,0.028727113604116505,0.033582089552238736,0.03596069064497173,1.0,0.08897608372173971,0.0025560260651237977,0.0
2009-04-03,-0.1875,2.91,0.013649312240817446,0.00973177097925304,0.05054151624548742,0.035934220655748965,0.0,0.0,0.00013283198075195052,-0.002559246045153271
2009-04-06,0.0769230769230771,2.95,-0.02300354430813223,-0.008332367396142404,0.013745704467353903,0.035907750666526184,0.0,-0.0,0.00019167398258879815,-0.0017695034083178678
2009-04-07,0.0,2.93,-0.01952527612923327,-0.02385454246862917,-0.006779661016949157,0.035881280677303416,0.0,-0.0,0.0004657665286365064,-0.0
2009-04-08,0.0,2.86,0.007223719700639286,0.011783441230339475,-0.023890784982935287,0.035854810688080635,0.0,0.0,8.512027655692849e-05,0.0
2009-04-09,0.0,2.96,0.047877519158705084,0.0380532568665477,0.034965034965035,0.036128500258968625,1.0,0.047877519158705084,0.0018218955346792633,0.0
2009-04-13,-0.07142857142857151,2.88,-0.03551612902087675,0.0025333694269418228,-0.027027027027027084,0.03608430043580436,0.0,-0.0,-8.997547542481038e-05,0.0025368663586340565
2009-04-14,0.23076923076923084,2.8,-0.0034522498519921063,-0.02006449158715151,-0.02777777777777779,0.03604010061264007,0.0,-0.0,6.926763811204066e-05,-0.0007966730427674094
2009-05-01,0.09999999999999987,3.21,0.017128548986337533,0.042804538955733884,0.14642857142857157,0.0360136306234173,0.0,0.0,0.000733179642340881,0.001712854898633751
2009-05-04,0.0,3.19,0.032734217727190984,0.03386813980494785,-0.006230529595015577,0.03598716063419452,0.0,0.0,0.0011086470623901065,0.0
2009-05-05,-0.09090909090909083,3.2,-0.00842804843784728,-0.0037917226736418064,0.0031347962382446415,0.03596069064497173,0.0,-0.0,3.1956822356336934e-05,0.0007661862216224793
2009-05-06,-0.10000000000000009,3.18,0.037509287399452695,0.01740433914180306,-0.006249999999999978,0.036305299551625765,1.0,0.037509287399452695,0.0006528243588674349,-0.0037509287399452728
2009-05-07,0.0,3.29,0.005699014890974352,-0.013202412386380091,0.03459119496855334,0.03626109972846148,0.0,0.0,-7.524074478676437e-05,0.0
2009-05-08,-0.05555555555555547,3.29,0.02957319165654737,0.024068995104353563,0.0,0.03621689990529721,0.0,0.0,0.0007117970052015483,-0.001642955092030407
2009-05-11,0.0,3.17,-0.011351906679407664,-0.02151242496964101,-0.03647416413373861,0.03617270008213292,0.0,-0.0,0.00024420704070312395,-0.0
2009-05-12,-0.05882352941176472,3.17,0.00800276771287467,-0.0009788555914792552,0.0,0.036128500258968625,0.0,0.0,-7.833553923057021e-06,-0.00047075104193380424
2009-05-13,0.0,3.11,-0.010355514123959741,-0.02689491201893024,-0.018927444794952675,0.03608430043580436,0.0,-0.0,0.0002785106412746867,-0.0
2009-05-15,0.0625,3.14,-0.02371818288685834,-0.0011765522303498477,0.009646302250803984,0.03604010061264007,0.0,-0.0,2.790568097537877e-05,-0.0014823864304286463
2009-05-18,-0.05882352941176472,3.22,0.04448020183687418,0.030389200051489373,0.02547770700636942,0.03643789902111862,1.0,0.04448020183687418,0.0013517177519513945,-0.0026164824609925994
2009-05-19,-0.0625,3.25,0.0076962021352386945,-0.0017368359715522752,0.009316770186335255,0.03639369919795433,0.0,0.0,-1.3367040712819993e-05,-0.0004810126334524184
2009-05-20,-0.06666666666666654,3.19,0.028343551180264326,-0.005131461524926495,-0.01846153846153853,0.03634949937479003,0.0,0.0,-0.00014544384236131133,-0.001889570078684285
2009-05-21,0.2142857142857142,3.35,-0.01089288406915312,-0.016757561517510733,0.050156739811912265,0.036305299551625765,0.0,-0.0,0.00018253817489194602,-0.002334189443389953
2009-05-22,0.0,3.45,0.01418318821613096,-0.00149721056843366,0.029850746268656803,0.03626109972846148,0.0,0.0,-2.1235219291275025e-05,0.0
2009-05-26,0.0588235294117645,3.5,0.007568326890565968,0.02630216131887675,0.014492753623188248,0.03621689990529721,0.0,0.0,0.00019906335478965894,0.0004451956994450554
2009-05-27,-0.05555555555555547,3.71,0.020574759748516636,-0.018971163431981575,0.06000000000000005,0.03617270008213292,0.0,0.0,-0.0003903271297628652,-0.0011430422082509225
2009-05-28,0.0,3.67,0.03023999023437507,0.015418918738823617,-0.010781671159029615,0.036128500258968625,0.0,0.0,0.0004662679520866489,0.0
2009-05-29,0.11764705882352944,3.47,0.017549266409833786,0.013574757481119137,-0.054495912806539426,0.03608430043580436,0.0,0.0,0.00023822703548504397,0.0020646195776275046
2009-06-01,0.10526315789473673,3.71,0.0373932341752643,0.025817590454732198,0.06916426512968288,0.036482098844282884,1.0,0.0373932341752643,0.0009654032057148694,0.003936129913185711
2009-06-02,-0.04761904761904756,3.65,0.0029424296697124763,0.0019833011198484574,-0.016172506738544534,0.03643789902111862,0.0,0.0,5.835724059016081e-06,-0.00014011569855773678
2009-06-03,0.04999999999999982,3.56,-0.03359250369718436,-0.013739209309357014,-0.024657534246575352,0.03639369919795433,0.0,-0.0,0.0004615344395209653,-0.001679625184859212
2009-06-04,-0.04761904761904756,3.72,0.04295692090223735,0.011483656837475431,0.04494382022471921,0.03666407120093751,1.0,0.04295692090223735,0.0004933025384358692,-0.0020455676620113
2009-06-05,0.04999999999999982,3.84,-0.005384991289654195,-0.002514690344346815,0.032258064516129004,0.036638075149986855,0.0,-0.0,1.3541585600485107e-05,-0.0002692495644827088
2009-06-08,0.0,3.91,-0.006731037593246336,-0.001010554499986549,0.01822916666666674,0.03661207909903619,0.0,-0.0,6.802080329433715e-06,-0.0
2009-06-09,-0.1428571428571429,3.86,0.02563355279270363,0.0035031816087351952,-0.01278772378516635,0.036586083048085534,0.0,0.0,8.979899070994206e-05,-0.0036619361132433767
2009-06-10,0.0,3.98,0.01694915625716087,-0.0034803309393901527,0.031088082901554515,0.036560086997134866,0.0,0.0,-5.898867291835517e-05,0.0
2009-06-11,-0.05555555555555547,3.88,0.013983020071987928,0.006111899148334876,-0.025125628140703515,0.036534090946184206,0.0,0.0,8.546280846913249e-05,-0.0007768344484437726
2009-06-12,0.0,3.81,-0.012118717585833827,0.0013969957389272647,-0.018041237113401998,0.03650809489523355,0.0,-0.0,-1.6929796828672764e-05,-0.0
2009-06-15,0.2941176470588234,3.76,-0.020868524615770934,-0.023768561680042266,-0.013123359580052618,0.036482098844282884,0.0,-0.0,0.0004960148145014318,-0.006137801357579683
2009-06-16,0.0,3.67,0.011520670999951577,-0.012720305257724385,-0.02393617021276595,0.03643789902111862,0.0,0.0,-0.00014654645189319688,0.0
2009-06-17,0.09090909090909083,3.68,0.008684519204209762,-0.0013815682214813885,0.0027247956403271267,0.03639369919795433,0.0,0.0,-1.1998255751381044e-05,0.0007895017458372504
2009-06-18,0.04166666666666674,3.86,0.0029639956103790777,0.008410990281999098,0.048913043478260754,0.03634949937479003,0.0,0.0,2.4930138274786407e-05,0.00012349981709912846
2009-06-19,0.0,3.79,-0.026315721663873748,0.003114197291689047,-0.01813471502590669,0.036305299551625765,0.0,-0.0,-8.195234913447841e-05,-0.0
2009-06-22,-0.040000000000000036,3.72,-0.03194101758189993,-0.030600396251826645,-0.01846965699208436,0.03626109972846148,0.0,-0.0,0.0009774077946926997,0.0012776407032759984
2009-06-23,0.0,3.65,0.027172284317836137,0.0023067249051313965,-0.018817204301075363,0.03621689990529721,0.0,0.0,6.267898496526389e-05,0.0
2009-06-24,-0.125,3.72,-0.00683141278859456,0.006524440861084724,0.019178082191780854,0.03617270008213292,0.0,-0.0,-4.4571148736843084e-05,0.00085392659857432
2009-06-25,-0.09523809523809523,3.55,0.021220502113073136,0.021444277390130884,-0.045698924731182866,0.036128500258968625,0.0,0.0,0.0004550583336705989,-0.0020210002012450603
2009-06-26,-0.052631578947368474,3.52,-0.012324457228375829,-0.001477827284822375,-0.008450704225352101,0.03608430043580436,0.0,-0.0,1.8213419162720145e-05,0.0006486556435987285
2009-06-29,-0.05555555555555547,3.51,0.030034819353157438,0.009065138571521025,-0.0028409090909091717,0.03604010061264007,0.0,0.0,0.0002722697994069737,-0.0016686010751754106
2009-06-30,0.2941176470588234,3.53,-0.0238060975189045,-0.008530756458643096,0.005698005698005604,0.0360136306234173,0.0,-0.0,0.00020308402016448195,-0.0070017933879130845
2009-07-01,-0.09090909090909083,3.55,-0.007359337861061355,0.004361930267673175,0.0056657223796034994,0.03598716063419452,0.0,-0.0,-3.2100918566196685e-05,0.0006690307146419407
2009-07-02,-0.15000000000000002,3.51,-0.031109163558179165,-0.029144546025377416,-0.011267605633802802,0.03596069064497173,0.0,-0.0,0.0009066624491323466,0.004666374533726875
2009-07-06,0.0588235294117645,3.52,-0.039009728651117404,0.0025657480163505664,0.002849002849002913,0.035934220655748965,0.0,-0.0,-0.00010008913390497833,-0.0022946899206539566
2009-07-07,0.0,3.47,-0.012802552231868769,-0.019683485382449017,-0.014204545454545414,0.035907750666526184,0.0,-0.0,0.000251998849714029,-0.0
2009-07-08,-0.11111111111111105,3.33,-0.044282765417232084,-0.001668537608706111,-0.04034582132564846,0.035881280677303416,0.0,-0.0,7.388745951616209e-05,0.00492030726858134
2009-07-09,-0.0625,3.44,0.011087177983812202,0.003547222617954038,0.033033033033033066,0.035854810688080635,0.0,0.0,3.932868851346069e-05,-0.0006929486239882626
2009-07-10,0.0,3.32,-0.009492602796104532,-0.00402182877421664,-0.03488372093023262,0.03582834069885785,0.0,-0.0,3.8177623067582544e-05,-0.0
2009-07-13,-0.1333333333333333,3.38,0.002808958487433566,0.024933721734452963,0.01807228915662651,0.03580187070963508,0.0,0.0,7.003778928929842e-05,-0.00037452779832447536
2009-07-14,0.0,3.5,0.002801153196397621,0.005316063622877065,0.035502958579881616,0.0357754007204123,0.0,0.0,1.4891108609475209e-05,0.0
2009-07-15,0.0769230769230771,3.63,0.036641464342296315,0.02962991811422233,0.037142857142857144,0.0360136306234173,1.0,0.036641464342296315,0.0010856835880474372,0.002818574180176646
2009-07-17,0.0,3.67,0.03629730694708422,0.008255792198287093,0.011019283746556585,0.03624586568019539,1.0,0.03629730694708422,0.0002996630235125698,0.0
2009-07-20,0.0,3.61,0.016212989178932213,0.01143154888894049,-0.016348773841961872,0.03622014504675097,0.0,0.0,0.00018533957843482672,0.0
2009-07-21,-0.06666666666666654,3.5,0.006472009171808901,0.003627277227424175,-0.030470914127423754,0.036194424413306565,0.0,0.0,2.3475771484582823e-05,-0.0004314672781205926
2009-07-22,0.0,3.58,0.005084437325045599,-0.0005342765996504406,0.02285714285714291,0.036168703779862144,0.0,0.0,-2.7164958851611446e-06,0.0
2009-07-23,0.0714285714285714,3.72,0.030352640132659037,0.023289664838582524,0.03910614525139677,0.036142983146417736,0.0,0.0,0.000706902815655738,0.002168045723761359
2009-07-24,0.0,3.7,0.015451259131035622,0.003042161453180592,-0.005376344086021501,0.036117262512973314,0.0,0.0,4.7005224931541215e-05,0.0
2009-07-27,0.06666666666666665,3.75,0.00696811527155905,0.0029818259512661704,0.013513513513513375,0.0360915418795289,0.0,0.0,2.0777706948148893e-05,0.00046454101810393655
2009-07-28,-0.0625,3.72,-0.013133742935186876,-0.0026064444171983725,-0.007999999999999896,0.03606582124608449,0.0,-0.0,3.42323709503364e-05,0.0008208589334491798
2009-07-29,0.13333333333333353,3.69,-0.047939304604898814,-0.004562963930304753,-0.008064516129032362,0.03604010061264007,0.0,-0.0,0.00021874531775604585,-0.006391907280653184
2009-07-30,0.0,3.67,0.05381033964739412,0.01189558047020256,-0.005420054200542035,0.03627158631363981,1.0,0.05381033964739412,0.0006401052254045081,0.0
2009-07-31,0.0588235294117645,3.52,0.02267859540791206,0.0007397825880415265,-0.04087193460490457,0.03624586568019539,0.0,0.0,1.6777230004011864e-05,0.0013340350239948223
2009-08-03,0.0,3.66,0.02580203880414511,0.015342107904679603,0.03977272727272729,0.03622014504675097,0.0,0.0,0.00039585766349392457,0.0
2009-08-04,-0.05555555555555547,3.7,0.009925162437115942,0.003012097699592653,0.010928961748633892,0.036194424413306565,0.0,0.0,2.9895558944920338e-05,-0.000551397913173107
2009-08-05,0.0,3.8,0.016559011539408086,-0.002913591845875696,0.027027027027026973,0.036168703779862144,0.0,0.0,-4.824620099698095e-05,0.0
2009-08-06,0.0,3.79,-0.009005433531162788,-0.005624654717235167,-0.002631578947368318,0.036142983146417736,0.0,-0.0,5.065245419180252e-05,-0.0
2009-08-07,0.0,3.89,-0.016570967029556516,0.013439205629671047,0.02638522427440626,0.036117262512973314,0.0,-0.0,-0.00022270063339270923,-0.0
2009-08-10,0.0,3.8,-0.0012229425515583037,-0.0033449498734695604,-0.02313624678663251,0.0360915418795289,0.0,-0.0,4.090681533095489e-06,-0.0
2009-08-11,-0.05882352941176472,3.71,-0.014149672320099893,-0.012660113503211945,-0.023684210526315752,0.03606582124608449,0.0,-0.0,0.00017913645760572094,0.0008323336658882292
2009-08-12,-0.0625,3.72,0.00593431287067081,0.011525139291026054,0.0026954177897575704,0.03604010061264007,0.0,0.0,6.839378243100977e-05,-0.00037089455441692565
2009-08-13,0.0,3.59,0.008094443301215781,0.0068800100684554,-0.034946236559139865,0.0360136306234173,0.0,0.0,5.568985141090594e-05,0.0
2009-08-14,0.0,3.55,-0.01456178070143288,-0.008531349698250423,-0.011142061281337101,0.03598716063419452,0.0,-0.0,0.00012423164339315823,-0.0
2009-08-17,0.13333333333333353,3.48,-0.025825198895281454,-0.02426081898553223,-0.019718309859154903,0.03596069064497173,0.0,-0.0,0.0006265404756637902,-0.003443359852704199
2009-08-18,0.0,3.51,0.02594275315145156,0.01014565506778764,0.008620689655172376,0.035934220655748965,0.0,0.0,0.0002632062249833883,0.0
2009-08-19,0.0,3.45,0.03067560462975716,0.006860912404894393,-0.017094017094017033,0.035907750666526184,0.0,0.0,0.00021046263633193676,0.0
2009-08-20,0.0,3.42,-0.0168922720029131,0.010948731413161106,-0.008695652173913104,0.035881280677303416,0.0,-0.0,-0.00018494894911795653,-0.0
2009-08-21,-0.05882352941176472,3.56,0.011727813839864876,0.018622760114512582,0.040935672514619936,0.035854810688080635,0.0,0.0,0.00021840426380746427,-0.0006898714023449928
2009-08-24,0.0,3.48,0.0009435192414166682,-0.0005457969176273503,-0.022471910112359605,0.03582834069885785,0.0,0.0,-5.149698936873132e-07,0.0
2009-08-25,-0.0625,3.45,-0.03285755953696379,0.0023694665778091206,-0.008620689655172376,0.03580187070963508,0.0,-0.0,-7.785488915120902e-05,0.0020535974710602367
2009-08-26,0.0,3.44,-0.0023670031978232364,0.0001167267676920325,-0.0028985507246377384,0.0357754007204123,0.0,-0.0,-2.7629263239861097e-07,-0.0
2009-08-27,-0.06666666666666654,3.47,0.01200279960972428,0.002781762211750971,0.008720930232558155,0.035771786870289035,0.0,0.0,3.3388934389550304e-05,-0.0008001866406482838
2009-08-28,0.0,3.46,0.0038615193910878087,-0.001988328383331406,-0.0028818443804035088,0.03576817302016577,0.0,0.0,-7.677968608084498e-06,0.0
2009-08-31,0.0714285714285714,3.4,-0.04313778472530039,-0.008076407685613796,-0.017341040462427793,0.03576455917004251,0.0,-0.0,0.00034839833609576947,-0.003081270337521455
2009-09-01,0.0,3.38,-0.027566376552510596,-0.022123823948061228,-0.00588235294117645,0.035760945319919246,0.0,-0.0,0.0006098736617337075,-0.0
2009-09-02,0.06666666666666665,3.29,-0.0010335108719148334,-0.003296439120451411,-0.026627218934911157,0.03575733146979598,0.0,-0.0,3.406905669591904e-06,-6.890072479432221e-05
2009-09-03,-0.0625,3.33,-0.007981094979303882,0.008534797923473336,0.012158054711246313,0.03575371761967272,0.0,-0.0,-6.811703285640625e-05,0.0004988184362064926
2009-09-04,0.0,3.45,-0.004469651958902698,0.013117533499250822,0.03603603603603611,0.03575010376954946,0.0,-0.0,-5.86308093008982e-05,-0.0
2009-09-08,0.0,3.47,0.038910483178623556,0.008844933115342624,0.005797101449275477,0.03582834069885785,1.0,0.038910483178623556,0.0003441606212005896,0.0
2009-09-09,0.0,3.48,0.005906131848513851,0.007782385584753415,0.0028818443804032867,0.03580187070963508,0.0,0.0,4.5963795359527236e-05,0.0
2009-09-10,0.06666666666666665,3.36,0.0004295972864134523,0.010422229774562641,-0.034482758620689724,0.0357754007204123,0.0,0.0,4.477361629529597e-06,2.8639819094230147e-05
2009-09-11,-0.0625,3.34,-0.03106209776676938,-0.0013504263412050799,-0.005952380952380931,0.035771786870289035,0.0,-0.0,4.194707503733286e-05,0.0019413811104230863
2009-09-14,0.06666666666666665,3.42,-0.0036933075931915305,0.0063391150876768165,0.0239520958083832,0.03576817302016577,0.0,-0.0,-2.341230188743178e-05,-0.00024622050621276865
2009-09-16,0.0,3.48,0.06272235430617301,0.01850691346739186,0.01754385964912286,0.03596069064497173,1.0,0.06272235430617301,0.0011607971836154372,0.0
2009-09-17,-0.05882352941176472,3.42,-0.0016742726420145848,-0.003059638741504833,-0.017241379310344862,0.035934220655748965,0.0,-0.0,5.122669439349476e-06,9.848662600085795e-05
2009-09-18,0.0,3.49,-0.003214582070209193,0.0026373392706691146,0.02046783625731008,0.035907750666526184,0.0,-0.0,-8.477943532551527e-06,-0.0
2009-09-21,-0.0625,3.49,-0.03687601324553613,-0.0034072961546995906,0.0,0.035881280677303416,0.0,-0.0,0.00012564749813216643,0.0023047508278460083
2009-09-22,0.0,3.46,0.026786959855769066,0.006574868761175523,-0.008595988538682042,0.035854810688080635,0.0,0.0,0.00017612074556255884,0.0
2009-09-23,0.0,3.44,-0.0360130576986899,-0.010068528001755062,-0.005780346820809301,0.03582834069885785,0.0,-0.0,0.00036259847986807995,-0.0
2009-09-24,-0.06666666666666654,3.4,-0.046624478137166414,-0.00951102950102567,-0.011627906976744207,0.03580187070963508,0.0,-0.0,0.0004434467870325161,0.003108298542477755
2009-09-25,-0.07142857142857151,3.34,0.004473941945274396,-0.006090736629573268,-0.01764705882352946,0.0357754007204123,0.0,0.0,-2.724960208466704e-05,-0.0003195672818053143
2009-09-28,0.0,3.31,0.00660421288811075,0.017809586069224448,-0.008982035928143617,0.035771786870289035,0.0,0.0,0.00011761829785028977,0.0
2009-09-29,-0.15384615384615385,3.31,-0.0007629394424675251,-0.0022295764367475934,0.0,0.03576817302016577,0.0,-0.0,1.7010318035909401e-06,0.00011737529884115772
2009-09-30,-0.36363636363636354,3.31,0.05466486406827653,-0.003328301020761093,0.0,0.03596069064497173,1.0,0.05466486406827653,-0.00018194112287821119,-0.019878132388464188
2009-10-01,0.5714285714285714,3.21,0.0017374076605218836,-0.025759622356647194,-0.030211480362537846,0.035934220655748965,0.0,0.0,-4.475496521458961e-05,0.0009928043774410763
2009-10-02,0.18181818181818188,3.24,-0.016187349430006326,-0.004505524841904807,0.009345794392523477,0.035907750666526184,0.0,-0.0,7.293250498148711e-05,-0.0029431544418193328
2009-10-05,0.0,3.24,-0.0004407048542877101,0.014875001786029074,0.0,0.035881280677303416,0.0,-0.0,-6.555485494641371e-06,-0.0
2009-10-06,-0.07692307692307698,3.27,0.007642513757634806,0.013705486324313787,0.0092592592592593,0.035854810688080635,0.0,0.0,0.0001047443677886438,-0.0005878856736642163
2009-10-07,0.08333333333333348,3.21,-0.019836649048729282,0.002711606332490124,-0.01834862385321101,0.03582834069885785,0.0,-0.0,-5.3789183175918514e-05,-0.00165305408739411
2009-10-08,-0.07692307692307698,3.27,0.038244044814520484,0.007469907470196047,0.01869158878504673,0.03606582124608449,1.0,0.038244044814520484,0.00028567947605049893,-0.0029418496011169625
2009-10-09,0.0,3.4,0.0032965940662181836,0.005640659492242017,0.039755351681957096,0.03604010061264007,0.0,0.0,1.8594964611682307e-05,0.0
2009-10-13,0.0,3.34,0.014574003736436136,-0.0027876120046986808,-0.01764705882352946,0.0360136306234173,0.0,0.0,-4.0626667772212804e-05,0.0
2009-10-14,0.0,3.45,0.00966846593217241,0.0175458950913443,0.03293413173652704,0.03598716063419452,0.0,0.0,0.00016964188894013347,0.0
2009-10-16,-0.07692307692307698,3.43,0.053214767043060496,-0.003974254814646527,-0.005797101449275366,0.03622014504675097,1.0,0.053214767043060496,-0.00021148904413117653,-0.004093443618696965
2009-10-19,0.0,3.41,0.010131170294056302,0.009405321384581278,-0.005830903790087438,0.036194424413306565,0.0,0.0,9.528691261752233e-05,0.0
2009-10-20,0.0,3.35,-0.00681495180884939,-0.006239104637617676,-0.017595307917888547,0.036168703779862144,0.0,-0.0,4.25191974357332e-05,-0.0
2009-10-21,-0.08333333333333326,3.42,0.031719376558734025,-0.008853806079326398,0.020895522388059584,0.036142983146417736,0.0,0.0,-0.00028083720900816254,-0.0026432813798945
2009-10-22,0.0,3.44,-0.00225875642691975,0.010643618925255227,0.005847953216374213,0.036117262512973314,0.0,-0.0,-2.4041342653104928e-05,-0.0
2009-10-23,0.0,3.51,-0.007420499955140936,-0.012178549173757158,0.02034883720930236,0.0360915418795289,0.0,-0.0,9.037092359754667e-05,-0.0
2009-10-26,0.0,3.59,-0.0210339086572362,-0.01171732558366989,0.02279202279202286,0.03606582124608449,0.0,-0.0,0.00024646115603400935,-0.0
2009-10-27,0.0,3.49,0.008542531898343642,-0.0033177910438061398,-0.02785515320334253,0.03604010061264007,0.0,0.0,-2.8342335823752796e-05,0.0
2009-10-28,0.0,3.44,-0.026437340952284005,-0.019540937765275768,-0.014326647564469996,0.0360136306234173,0.0,-0.0,0.0005166104342279582,-0.0
2009-10-29,0.0,3.53,0.028737151168415798,0.02251995469034007,0.026162790697674465,0.03598716063419452,0.0,0.0,0.000647159342242177,0.0
2009-10-30,0.0,3.41,-0.03639164446396226,-0.02806468784310845,-0.03399433427762033,0.03596069064497173,0.0,-0.0,0.0010213201419784865,-0.0
2009-11-02,0.09090909090909083,3.45,0.017952209551880705,0.006456406503505763,0.011730205278592365,0.035934220655748965,0.0,0.0,0.00011590676250306085,0.0016320190501709717
2009-11-03,0.0,3.5,0.02037880465581421,0.0024260023061419833,0.014492753623188248,0.035907750666526184,0.0,0.0,4.943902709142226e-05,0.0
2009-11-04,0.08333333333333348,3.57,0.009985901590090496,0.0010426203926459099,0.020000000000000018,0.035881280677303416,0.0,0.0,1.0411504636783569e-05,0.0008321584658408761
2009-11-05,0.0,3.57,-0.011408309454201904,0.01923555172748448,0.0,0.035854810688080635,0.0,-0.0,-0.00021944512662945095,-0.0
2009-11-06,-0.07692307692307698,3.54,-0.027182910312302355,0.0025032522365671106,-0.008403361344537785,0.03582834069885785,0.0,-0.0,-6.804568103567404e-05,0.0020909931009463366
2009-11-09,0.0,3.52,0.025042755077137047,0.022238760067974983,-0.005649717514124353,0.03580187070963508,0.0,0.0,0.0005569198216015131,0.0
2009-11-10,0.08333333333333348,3.5,-0.0034717327339691684,-6.399009393143196e-05,-0.005681818181818232,0.0357754007204123,0.0,-0.0,2.2215650375151415e-07,-0.00028931106116409787
2009-11-12,-0.07692307692307698,3.45,-0.02475946607743007,-0.010259368991689555,-0.014285714285714235,0.035771786870289035,0.0,-0.0,0.00025401649852557545,0.0019045743136484683
2009-11-13,0.0,3.43,-0.006182499500958061,0.0057392942592462415,-0.005797101449275366,0.03576817302016577,0.0,-0.0,-3.548318389364135e-05,-0.0
2009-11-16,0.0,3.33,0.042488404431612725,0.014467634197192325,-0.029154518950437303,0.03596069064497173,1.0,0.042488404431612725,0.0006147066929389382,0.0
2009-11-17,0.0,3.33,0.002666316388735268,0.0009194063067201608,0.0,0.035934220655748965,0.0,0.0,2.4514281035145292e-06,0.0
2009-11-18,-0.08333333333333326,3.36,0.0063315182002163795,-0.00046824112515952976,0.009009009009008917,0.035907750666526184,0.0,0.0,-2.9646772060373583e-06,-0.0005276265166846979
2009-11-19,0.0,3.35,-0.023027580256006597,-0.013425863902056911,-0.0029761904761904656,0.035881280677303416,0.0,-0.0,0.0003091651585108374,-0.0
2009-11-20,0.0,3.36,-0.005667213354781597,-0.00321492323752004,0.0029850746268655914,0.035854810688080635,0.0,-0.0,1.8219655906271258e-05,-0.0
2009-11-23,0.09090909090909083,3.37,0.003367903452182519,0.013615775701478094,0.0029761904761904656,0.03582834069885785,0.0,0.0,4.585661798915094e-05,0.0003061730411075015
2009-11-24,0.0,3.32,-0.01290988912754143,-0.0005333072620051782,-0.014836795252225587,0.03580187070963508,0.0,-0.0,6.884937623399538e-06,-0.0
2009-11-25,-0.08333333333333326,3.28,0.02589593749204866,0.004504120073066664,-0.012048192771084376,0.0357754007204123,0.0,0.0,0.00011663841186881598,-0.002157994791004053
2009-11-27,0.09090909090909083,3.21,-0.016063259778346883,-0.017233475202623416,-0.021341463414634054,0.035771786870289035,0.0,-0.0,0.0002768257890634391,-0.001460296343486079
2009-11-30,0.08333333333333348,3.21,0.0167141864527931,0.003792993692547375,0.0,0.03576817302016577,0.0,0.0,6.339680379150501e-05,0.0013928488710660942
2009-12-01,0.0,3.28,0.011214441694003652,0.012075226499629332,0.02180685358255441,0.03576455917004251,0.0,0.0,0.00013541692352198097,0.0
2009-12-02,0.0,3.32,-0.01852553558879455,0.00034269870662884117,0.012195121951219523,0.035760945319919246,0.0,-0.0,-6.34867708588646e-06,-0.0
2009-12-03,0.0,3.39,0.006163371518512983,-0.008402100871871099,0.02108433734939763,0.03575733146979598,0.0,0.0,-5.178526920936343e-05,0.0
2009-12-04,-0.07692307692307698,3.48,-0.010719805522489856,0.0055094336691066115,0.026548672566371723,0.03575371761967272,0.0,-0.0,-5.90600574718806e-05,0.0008246004248069126
2009-12-07,0.0,3.44,-0.014060840880958936,-0.0024683814508043023,-0.011494252873563204,0.03575010376954946,0.0,-0.0,3.4707518813269864e-05,-0.0
2009-12-08,0.0,3.4,-0.016223967798225436,-0.010251582681849114,-0.011627906976744207,0.035746489919426194,0.0,-0.0,0.00016632134731116557,-0.0
2009-12-09,0.0,3.45,-0.03723903392528527,0.0036723720907769763,0.014705882352941346,0.03574287606930293,0.0,-0.0,-0.00013675558887471463,-0.0
2009-12-10,0.0,3.49,-0.007321436438258444,0.005839705004064388,0.011594202898550732,0.03573926221917967,0.0,-0.0,-4.2755029005437185e-05,-0.0
2009-12-11,0.0,3.55,0.00027827223624488084,0.003683094011583732,0.017191977077363862,0.035736087925315504,0.0,0.0,1.0249028069035342e-06,0.0
2009-12-14,0.0,3.56,0.00013915048153401166,0.006959401066516824,0.0028169014084507005,0.03573291363145135,0.0,0.0,9.684040095941302e-07,0.0
2009-12-15,0.08333333333333348,3.6,0.002225673438139175,-0.005546967284989268,0.011235955056179803,0.035729739337587184,0.0,0.0,-1.2345737748427591e-05,0.00018547278651159826
2009-12-16,0.0769230769230771,3.61,0.02081887489890133,0.0011282300681465518,0.002777777777777768,0.03572656504372303,0.0,0.0,2.3488480645921985e-05,0.0016014519153001057
2009-12-17,-0.07142857142857151,3.5,-0.0024473187995535106,-0.011810614167124256,-0.030470914127423754,0.03572339074985886,0.0,-0.0,2.890433808547622e-05,0.0001748084856823938
2009-12-18,-0.07692307692307698,3.55,0.005179190938979117,0.005829880031232637,0.014285714285714235,0.0357202164559947,0.0,0.0,3.0194061833095365e-05,-0.0003983993029983939
2009-12-21,0.0,3.69,-0.01030511371159959,0.010503758317892853,0.03943661971830981,0.03571704216213054,0.0,-0.0,-0.00010824242386504587,-0.0
2009-12-22,0.0,3.76,0.006439255164527369,0.0035635478920368335,0.01897018970189701,0.03571386786826638,0.0,0.0,2.2946594167838798e-05,0.0
2009-12-23,-0.08333333333333326,3.77,0.02708954381392248,0.0022986585608189003,0.0026595744680850686,0.03571069357440222,0.0,0.0,6.22696117965516e-05,-0.002257461984493538
2009-12-24,0.0,3.82,0.011398285555153986,0.005256172933982839,0.013262599469495928,0.03570751928053806,0.0,0.0,5.991136002880794e-05,0.0
2009-12-28,0.09090909090909083,3.85,0.013235515247591811,0.0011540807210652648,0.007853403141361293,0.03563062835558029,0.0,0.0,1.5274852980611063e-05,0.0012032286588719817
2009-12-29,0.0,3.82,0.004138640663311266,-0.0014010516979849896,-0.007792207792207906,0.03555373743062261,0.0,0.0,-5.798449528681973e-06,0.0
2009-12-30,-0.08333333333333326,3.8,0.005023176103997162,0.00019542957110640913,-0.005235602094240788,0.03547684650566484,0.0,0.0,9.816771515961285e-07,-0.00041859800866642983
2009-12-31,-0.5454545454545454,3.85,-0.0012815388400034822,-0.010049597767921581,0.013157894736842257,0.03539995558070707,0.0,-0.0,1.2878949866003806e-05,0.0006990211854564448
2010-01-04,1.4,3.85,0.028102174166946492,0.01604341766668682,0.0,0.0353230646557493,0.0,0.0,0.00045085491750229933,0.03934304383372508
2010-01-05,0.0,3.77,0.0058661205091963264,0.0031156756258232665,-0.020779220779220786,0.03524617373079154,0.0,0.0,1.8276928688644963e-05,0.0
2010-01-06,0.0,3.85,0.016131072227715038,0.0005455206301101523,0.021220159151193574,0.035169282805833854,0.0,0.0,8.799832686015485e-06,0.0
2010-01-07,-0.16666666666666663,3.85,-0.004640337724388877,0.00400120187417663,0.0,0.03509239188087609,0.0,-0.0,-1.856692799963729e-05,0.0007733896207314792
2010-01-08,0.09999999999999987,3.83,-0.001717573131877148,0.0028817272914287706,-0.0051948051948051965,0.035015500955918315,0.0,-0.0,-4.949577369155165e-06,-0.0001717573131877146
2010-01-11,0.0,3.85,-0.004915835226461329,0.0017467554316374923,0.005221932114882533,0.03493861003096055,0.0,-0.0,-8.586761882856248e-06,-0.0
2010-01-12,0.0,3.74,-0.020624899885987813,-0.009381166148364262,-0.02857142857142858,0.034936128853223704,0.0,-0.0,0.00019348561262383078,-0.0
2010-01-13,0.0,3.8,-0.012484305864627787,0.008325925658531075,0.016042780748662944,0.03493364767548686,0.0,-0.0,-0.00010394340252725447,-0.0
2010-01-14,0.0,3.76,-0.006257155906599254,0.0024264254383745687,-0.010526315789473717,0.034931166497750014,0.0,-0.0,-1.5182522263648118e-05,-0.0
2010-01-15,0.09090909090909083,3.7,-0.0091236068781414,-0.010823130159869354,-0.015957446808510523,0.03492868532001316,0.0,-0.0,9.874598476960366e-05,-0.0008294188071037628
2010-01-19,0.08333333333333348,3.73,0.006743569432634544,0.012499626599363545,0.008108108108108025,0.03492620414227632,0.0,0.0,8.429209985481368e-05,0.000561964119386213
2010-01-20,0.0,3.68,-0.016874888637666063,-0.010597829662970737,-0.013404825737265313,0.03492372296453947,0.0,-0.0,0.00017883719536358525,-0.0
2010-01-21,-0.07692307692307698,3.62,-0.022798714239087303,-0.01894490338978838,-0.016304347826086918,0.03492124178680263,0.0,-0.0,0.0004319194386709017,0.0017537472491605632
2010-01-22,-0.08333333333333326,3.62,-0.023464735278020732,-0.022140988764300484,0.0,0.034918760609065784,0.0,-0.0,0.0005195324401479422,0.001955394606501726
2010-01-25,0.09090909090909083,3.66,0.011808328830562598,0.004598098012701168,0.011049723756906049,0.03491627943132893,0.0,0.0,5.429585332913179e-05,0.0010734844391420534
2010-01-26,0.0,3.65,-0.005428165458360001,-0.004203199573680982,-0.002732240437158584,0.03491379825359209,0.0,-0.0,2.281566274044859e-05,-0.0
2010-01-27,0.0,3.66,-0.014326689024987571,0.004880152210944955,0.00273972602739736,0.03490096104519791,0.0,-0.0,-6.991642312081391e-05,-0.0
2010-01-28,0.0,3.68,-0.0015227105980678557,-0.011817740959567224,0.005464480874316946,0.03488812383680374,0.0,-0.0,1.7994999404353604e-05,-0.0
2010-01-29,0.0,3.63,-0.009288759107966893,-0.009829173828039273,-0.013586956521739246,0.03487528662840956,0.0,-0.0,9.13008279189896e-05,-0.0
2010-02-01,0.16666666666666674,3.68,0.023089862118923943,0.014266108894671836,0.01377410468319562,0.03486244942001537,0.0,0.0,0.00032940248735152715,0.0038483103531539923
2010-02-02,0.0,3.67,0.04035011521836185,0.01297294837718499,-0.0027173913043478937,0.03492620414227632,1.0,0.04035011521836185,0.0005234599617412747,0.0
2010-02-03,-0.07142857142857151,3.73,-0.0018406441512253124,-0.00547431142933863,0.016348773841961872,0.03492372296453947,0.0,-0.0,1.0076259314398028e-05,0.0001314745822303796
2010-02-04,0.0769230769230771,3.62,-0.049920982704628414,-0.031140677888039425,-0.029490616621983934,0.03492124178680263,0.0,-0.0,0.0015545732422592206,-0.003840075592663733
2010-02-05,-0.07142857142857151,3.59,-0.0352142106231258,0.002897118921960873,-0.008287292817679592,0.034918760609065784,0.0,-0.0,-0.00010201975591817333,0.0025153007587947027
2010-02-08,0.0,3.62,0.007472399767576965,-0.00886329049344714,0.008356545961002881,0.03491627943132893,0.0,0.0,-6.623004982320153e-05,0.0
2010-02-09,0.0,3.67,0.028811818934261435,0.013040132316577413,0.013812154696132506,0.03491379825359209,0.0,0.0,0.00037570993118403955,0.0
2010-02-10,-0.07692307692307698,3.72,0.0056842323266543815,-0.0022325735201887964,0.013623978201634968,0.03490096104519791,0.0,0.0,-1.2690466575089725e-05,-0.00043724864051187585
2010-02-11,0.0,3.73,0.007030633165063804,0.009680437561949251,0.0026881720430107503,0.03488812383680374,0.0,0.0,6.80596053753698e-05,0.0
2010-02-12,0.0,3.69,-0.0020534088927091076,-0.002744592819371894,-0.01072386058981234,0.03487528662840956,0.0,-0.0,5.635771302163808e-06,-0.0
2010-02-16,0.08333333333333348,3.66,0.038134413183928295,0.01800074864554846,-0.008130081300812941,0.03492868532001316,1.0,0.038134413183928295,0.0006864479864693826,0.0031778677653273636
2010-02-17,-0.07692307692307698,3.74,0.007795934665849602,0.0042379594555796984,0.021857923497267784,0.03492620414227632,0.0,0.0,3.303885503221888e-05,-0.0005996872819884314
2010-02-18,0.0,3.79,0.019798114628181818,0.006584742448973557,0.013368983957219305,0.03492372296453947,0.0,0.0,0.00013036548580183316,0.0
2010-02-19,0.08333333333333348,3.78,0.005271325129134752,0.002186622042297248,-0.0026385224274406704,0.03492124178680263,0.0,0.0,1.1526395719481437e-05,0.00043927709409456343
2010-02-22,-0.07692307692307698,3.8,0.005371507300566236,-0.0010458578339902491,0.005291005291005346,0.034918760609065784,0.0,0.0,-5.617832990633013e-06,-0.0004131928692743262
2010-02-23,0.0,3.69,-0.017300605518281498,-0.012102809596931441,-0.02894736842105261,0.03491627943132893,0.0,-0.0,0.00020938593449938237,-0.0
2010-02-24,-0.08333333333333326,3.7,0.010873739001820315,0.00972045942422195,0.0027100271002711285,0.03491379825359209,0.0,0.0,0.00010569773875677406,-0.0009061449168183588
2010-02-25,0.09090909090909083,3.64,-0.023050269007246604,-0.002081040179913507,-0.016216216216216273,0.03490096104519791,0.0,-0.0,4.7968535961895205e-05,-0.0020954790006587802
2010-02-26,0.08333333333333348,3.61,0.0170401809773566,0.0014053791778985136,-0.008241758241758323,0.03488812383680374,0.0,0.0,2.394791553319931e-05,0.0014200150814463858
2010-03-01,0.0769230769230771,3.61,-0.009021742251331233,0.01015850827289455,0.0,0.03487528662840956,0.0,-0.0,-9.164744329607064e-05,-0.0006939801731793272
2010-03-02,0.0,3.62,0.016777226242259635,0.0023304422719907514,0.0027700831024930483,0.03486244942001537,0.0,0.0,3.90983572417144e-05,0.0
2010-03-03,0.0714285714285714,3.63,0.013686360842254608,0.00042920160206150193,0.0027624309392264568,0.034849612211621195,0.0,0.0,5.874207999887484e-06,0.0009775972030181858
2010-03-04,0.06666666666666665,3.61,-0.008958978983882093,0.0037361180334851696,-0.005509641873278293,0.034836775003227016,0.0,-0.0,-3.3471802943296526e-05,-0.0005972652655921395
2010-03-05,0.0625,3.69,0.017188674030868212,0.014007480947064943,0.02216066481994461,0.034823937794832845,0.0,0.0,0.00024077002399269646,0.0010742921269292632
2010-03-08,-0.11764705882352955,3.72,0.007260005451068308,-0.00017559601339156572,0.008130081300813163,0.034811100586438666,0.0,0.0,-1.2748280144086308e-06,-0.0008541182883609784
2010-03-09,-0.06666666666666654,3.71,-0.006959084753308975,0.0017127370855292146,-0.0026881720430108613,0.03479826337804448,0.0,-0.0,-1.1919082538333207e-05,0.0004639389835539308
2010-03-10,0.0,3.73,0.007133020506849164,0.00452455995494172,0.005390835579514919,0.0347854261696503,0.0,0.0,3.227377894306782e-05,0.0
2010-03-11,0.0714285714285714,3.73,-0.002485146238745628,0.004041519314613495,0.0,0.0346766643092133,0.0,-0.0,-1.0043766523529537e-05,-0.00017751044562468765
2010-03-12,0.13333333333333353,3.71,-0.011086190871716362,-0.00021734594703937127,-0.00536193029490617,0.034567902448776416,0.0,-0.0,2.4095386540724253e-06,-0.0014781587828955171
2010-03-15,0.17647058823529416,3.71,-0.01889406740813737,0.000452194832708086,0.0,0.03445914058833942,0.0,-0.0,-8.54379965079798e-06,-0.0033342471896713015
2010-03-16,0.0,3.66,0.01450760382940941,0.0077791163013856135,-0.013477088948786964,0.03435037872790241,0.0,0.0,0.00011285633744340309,0.0
2010-03-17,-0.10000000000000009,3.65,0.037205803167598805,0.005821675803744153,-0.002732240437158584,0.034849612211621195,1.0,0.037205803167598805,0.00021660012405967752,-0.0037205803167598838
2010-03-18,0.0,3.68,-0.0058564633101612085,-0.0003258460273372066,0.008219178082191858,0.034836775003227016,0.0,-0.0,1.9083053038621363e-06,-0.0
2010-03-19,0.0,3.7,-0.019636794766767385,-0.005086446449439896,0.005434782608695565,0.034823937794832845,0.0,-0.0,9.98815050198039e-05,-0.0
2010-03-22,0.0,3.67,0.008262439719614934,0.005095296193887933,-0.008108108108108136,0.034811100586438666,0.0,0.0,4.209957765558245e-05,0.0
2010-03-23,-0.05555555555555547,3.69,0.0019865412328794463,0.007170966908320198,0.005449591280654031,0.03479826337804448,0.0,0.0,1.4245421442992117e-05,-0.00011036340182663573
2010-03-24,0.0,3.84,-0.013382828283783232,-0.005493304207041971,0.04065040650406493,0.0347854261696503,0.0,-0.0,7.351594691342671e-05,-0.0
2010-03-25,0.0,3.91,-0.0001256234097642972,-0.001704167338318907,0.01822916666666674,0.0346766643092133,0.0,-0.0,2.1408331184856776e-07,-0.0
2010-03-26,0.0,3.86,-0.004019591663997679,0.000737722599547963,-0.01278772378516635,0.034567902448776416,0.0,-0.0,-2.9653436114856905e-06,-0.0
2010-03-29,-0.05882352941176472,3.88,0.023710395153366814,0.005683234964352302,0.005181347150259086,0.03445914058833942,0.0,0.0,0.00013475174675422363,-0.0013947291266686365
2010-03-30,0.0,3.88,0.0013551880353945833,4.265937281555665e-05,0.0,0.03435037872790241,0.0,0.0,5.781147163707931e-08,0.0
2010-03-31,-0.4375,3.84,0.017470450175584906,-0.00327287474868454,-0.010309278350515427,0.03424161686746541,0.0,0.0,-5.717859522782323e-05,-0.0076433219518183965
2010-04-01,0.8888888888888891,3.89,0.01584045025791414,0.0074138011482498545,0.013020833333333481,0.0341328550070284,0.0,0.0,0.00011743794831091855,0.014080400229257016
2010-04-05,0.0,4.01,0.0222591961627987,0.00792799084446738,0.03084832904884305,0.03402409314659152,0.0,0.0,0.00017647070338387154,0.0
2010-04-06,0.0,3.98,0.0031439716010259744,0.0016842957106795176,-0.007481296758104716,0.033915331286154524,0.0,0.0,5.295377882106264e-06,0.0
2010-04-07,-0.050000000000000044,3.89,-0.006500350296802515,-0.005876707172041695,-0.022613065326633097,0.03380656942571752,0.0,-0.0,3.82006552100027e-05,0.000325017514840126
2010-04-08,0.0,3.91,-0.009113200288239365,0.003374341747336196,0.005141388174807249,0.03369780756528051,0.0,-0.0,-3.075105218444234e-05,-0.0
2010-04-09,0.0,3.9,0.00023587163113769627,0.00668390656297202,-0.002557544757033292,0.03368589645084685,0.0,0.0,1.5765439433801635e-06,0.0
2010-04-12,0.0,3.87,-0.0007073580890377684,0.0017666094762833762,-0.007692307692307665,0.0336739853364132,0.0,-0.0,-1.249625503219822e-06,-0.0
2010-04-13,0.05263157894736836,3.84,-0.0005897773309322396,0.0006854008197059169,-0.007751937984496138,0.03366207422197954,0.0,-0.0,-4.0423386606492487e-07,-3.104091215432837e-05
2010-04-14,0.0,3.88,0.01687913461486512,0.011150066851666862,0.01041666666666674,0.03365016310754587,0.0,0.0,0.0001882034793540303,0.0
2010-04-15,0.09999999999999987,3.86,0.011839775101571082,0.0008425387276917995,-0.005154639175257714,0.03363825199311221,0.0,0.0,9.975469050234746e-06,0.0011839775101571066
2010-04-16,-0.045454545454545525,3.79,-0.013536771021708693,-0.016126534744455467,-0.01813471502590669,0.03362634087867855,0.0,-0.0,0.0002183012082093232,0.0006153077737140325
2010-04-19,-0.04761904761904756,3.83,-0.02046743284752983,0.004521331252766547,0.01055408970976246,0.0336144297642449,0.0,-0.0,-9.254004379743724e-05,0.0009746396594061813
2010-04-20,0.0,3.82,0.00676718119562203,0.008058340784849571,-0.0026109660574412663,0.03360251864981124,0.0,0.0,5.453225222714809e-05,0.0
2010-04-21,0.0,3.77,0.010613135189807332,-0.0010189969053922,-0.01308900523560208,0.03359060753537757,0.0,0.0,-1.0814751914922729e-05,0.0
2010-04-22,0.0,3.8,-0.0003500441116117692,0.002263879356942944,0.007957559681697646,0.03357869642094391,0.0,-0.0,-7.924576382973161e-07,-0.0
2010-04-23,0.0,3.84,0.01844288391297555,0.0071235200993795544,0.010526315789473717,0.03352605704337691,0.0,0.0,0.00013137825424460516,0.0
2010-04-26,0.0,3.83,-0.004813732595361775,-0.004296448099761374,-0.0026041666666666297,0.03347341766580997,0.0,-0.0,2.0681952262101486e-05,-0.0
2010-04-27,0.0,3.71,-0.012092629616671013,-0.023381945257149872,-0.031331592689295085,0.03342077828824297,0.0,-0.0,0.00028274920371199085,-0.0
2010-04-28,0.0,3.8,0.0044299940338097255,0.006462752419523099,0.02425876010781658,0.03336813891067597,0.0,0.0,2.8629954660476695e-05,0.0
2010-04-29,-0.050000000000000044,3.76,0.008588647078887623,0.012943228020842135,-0.010526315789473717,0.03331549953310897,0.0,0.0,0.00011116481753258223,-0.00042943235394438155
2010-04-30,0.05263157894736836,3.69,0.0062140495517313266,-0.016647680109796337,-0.018617021276595702,0.03326286015554197,0.0,0.0,-0.00010344950912364645,0.0003270552395648063
2010-05-03,0.0,3.72,0.01715461983209754,0.013120586781854904,0.008130081300813163,0.03321022077797503,0.0,0.0,0.00022507867821676498,0.0
2010-05-05,0.0,3.58,-0.07117159497746695,-0.030268007213790304,-0.037634408602150615,0.03315758140040803,0.0,-0.0,0.002154222350194931,-0.0
2010-05-06,-0.04761904761904756,3.41,-0.033652085204663784,-0.032353496411350324,-0.04748603351955305,0.03310494202284103,0.0,-0.0,0.001088762617903545,0.0016024802478411305
2010-05-07,0.0,3.45,-0.019541590281931143,-0.015308264998017185,0.011730205278592365,0.033052302645274034,0.0,-0.0,0.0002991478425184793,-0.0
2010-05-10,0.0,3.57,0.023636210334238017,0.04397412445198401,0.03478260869565197,0.03305141843769863,0.0,0.0,0.001039381654811053,0.0
2010-05-11,0.0,3.56,0.004618011788613874,-0.003397292018489928,-0.0028011204481792618,0.03305053423012323,0.0,0.0,-1.568873459075031e-05,0.0
2010-05-12,0.0,3.56,0.00882096040894842,0.013739523915341278,0.0,0.033049650022547825,0.0,0.0,0.00012119579649502539,0.0
2010-05-13,0.0,3.55,-0.013423600724830065,-0.012145144968583543,-0.002808988764045006,0.033048765814972424,0.0,-0.0,0.00016303157680344426,-0.0
2010-05-14,0.0,3.44,-0.036574713304860174,-0.018800014512092122,-0.030985915492957705,0.03304788160739702,0.0,-0.0,0.0006876051409069801,-0.0
2010-05-17,0.04999999999999982,3.47,-0.026950010661184187,0.0011093685155389998,0.008720930232558155,0.03304699739982162,0.0,-0.0,-2.989749332095812e-05,-0.0013475005330592046
2010-05-18,0.0,3.38,-0.008921413882267748,-0.014195906037184347,-0.025936599423631246,0.03304611319224622,0.0,-0.0,0.00012664755319150497,-0.0
2010-05-19,-0.04761904761904756,3.36,-0.009942198854432482,-0.005130263873571406,-0.00591715976331364,0.03304522898467081,0.0,-0.0,5.100610360675798e-05,0.0004734380406872605
2010-05-20,0.0,3.25,-0.02510525230320948,-0.03897590341661106,-0.03273809523809523,0.03304434477709541,0.0,-0.0,0.000978499889019545,-0.0
2010-05-21,0.0,3.2,-0.0022271163818317063,0.015024380686144978,-0.01538461538461533,0.03304346056952001,0.0,-0.0,-3.346104435298937e-05,-0.0
2010-05-24,0.04999999999999982,3.23,-0.007114985129173412,-0.012908014000787449,0.009374999999999911,0.0330125362852871,0.0,-0.0,9.18403276627649e-05,-0.00035574925645866934
2010-05-25,0.0,3.18,-0.022762331865485153,0.00035393738571354305,-0.015479876160990669,0.03298161200105423,0.0,-0.0,-8.05644023321389e-06,-0.0
2010-05-26,-0.04761904761904756,3.21,0.03148806205489252,-0.0056609945338124135,0.00943396226415083,0.03295068771682132,0.0,0.0,-0.00017825374717309262,-0.0014994315264234513
2010-05-27,0.0,3.34,0.0407026189753279,0.032876173067238,0.04049844236760114,0.033048765814972424,1.0,0.0407026189753279,0.0013381463457227255,0.0
2010-05-28,-0.050000000000000044,3.31,-0.008572287538846979,-0.01237468831159061,-0.008982035928143617,0.03304788160739702,0.0,-0.0,0.00010607938641056354,0.0004286143769423493
2010-06-01,0.05263157894736836,3.29,-0.017697887300788695,-0.01716532127985071,-0.006042296072507614,0.03304699739982162,0.0,-0.0,0.0003037899214926278,-0.0009314677526730882
2010-06-02,0.0,3.35,0.01430340982839362,0.025842707133391096,0.01823708206686936,0.03304611319224622,0.0,0.0,0.0003696388312040441,0.0
2010-06-03,-0.050000000000000044,3.39,0.022508524231991567,0.004051376711240895,0.011940298507462588,0.03304522898467081,0.0,0.0,9.119051087789198e-05,-0.0011254262115995793
2010-06-04,0.0,3.2,-0.044026086235120054,-0.034411425771964765,-0.05604719764011801,0.03304434477709541,0.0,-0.0,0.0015150003985099534,-0.0
2010-06-07,0.0,3.17,0.0,-0.01353207320412908,-0.009375000000000022,0.03304346056952001,0.0,0.0,-0.0,0.0
2010-06-08,0.0,3.18,0.0,0.010976067492112662,0.003154574132492094,0.0330125362852871,0.0,0.0,0.0,0.0
2010-06-09,-0.052631578947368474,3.2,0.0,-0.005941674758709992,0.0062893081761006275,0.03298161200105423,0.0,0.0,-0.0,-0.0
2010-06-10,0.0,3.33,0.044389024000474064,0.029506792849203878,0.04062499999999991,0.033049650022547825,1.0,0.044389024000474064,0.0013097777359603274,0.0
2010-06-11,0.0,3.24,-0.012485090051478354,0.004379678623643857,-0.027027027027026973,0.033048765814972424,0.0,-0.0,-5.468068201272833e-05,-0.0
2010-06-14,0.0,3.28,0.01143239396860185,-0.0018046635646612463,0.012345679012345512,0.03304788160739702,0.0,0.0,-2.0631624851988747e-05,0.0
2010-06-15,0.05555555555555558,3.32,0.013297872880078332,0.023494191121040897,0.012195121951219523,0.03304699739982162,0.0,0.0,0.0003124227669478669,0.0007387707155599077
2010-06-16,0.0,3.27,0.025459350644383427,-0.0005559347650669899,-0.015060240963855387,0.03304611319224622,0.0,0.0,-1.4153738119243418e-05,0.0
2010-06-17,0.0,3.21,0.006910684921234811,0.0012830081640498037,-0.01834862385321101,0.03304522898467081,0.0,0.0,8.866465173120138e-06,0.0
2010-06-18,-0.052631578947368474,3.24,-0.005846455041795373,0.0013171307943036226,0.009345794392523477,0.03304434477709541,0.0,-0.0,-7.700545973060359e-06,0.0003077081600944936
2010-06-21,-0.05555555555555547,3.26,0.00767065283504853,-0.003856841152281021,0.006172839506172645,0.03304346056952001,0.0,0.0,-2.958448951907625e-05,-0.00042614737972491767
2010-06-22,0.0588235294117645,3.18,-0.009895950042081658,-0.016070691127224812,-0.024539877300613355,0.0330125362852871,0.0,-0.0,0.0001590347565367417,-0.0005821147083577426
2010-06-23,-0.05555555555555547,3.13,-0.022680731057100334,-0.0029854738442266493,-0.01572327044025168,0.03298161200105423,0.0,-0.0,6.771272933891209e-05,0.00126004061428335
2010-06-24,-0.05882352941176472,3.14,0.002622323147235983,-0.01680350261882635,0.0031948881789138905,0.03295068771682132,0.0,0.0,-4.4064213871988794e-05,-0.00015425430277858727
2010-06-25,0.0,3.12,0.02157710866404683,0.002859362131449217,-0.006369426751592355,0.03291976343258841,0.0,0.0,6.169676742014031e-05,0.0
2010-06-28,0.0625,3.05,-0.0067845160017560024,-0.00203393834902843,-0.022435897435897578,0.0328888391483555,0.0,-0.0,1.3799287275568569e-05,-0.00042403225010975015
2010-06-29,-0.11764705882352955,2.97,-0.027709679056067138,-0.03101701864061035,-0.026229508196721207,0.03285791486412259,0.0,-0.0,0.0008594716318073647,0.003259962241890255
2010-06-30,-0.4,2.97,-0.005699897816277999,-0.0101129704925228,0.0,0.03282699057988971,0.0,-0.0,5.7642898426414544e-05,0.0022799591265111998
2010-07-01,0.8888888888888891,2.96,-0.03559533025329975,-0.0032404516759250157,-0.0033670033670034627,0.0327960662956568,0.0,-0.0,0.00011534494757440959,-0.03164029355848867
2010-07-02,0.0588235294117645,3.0,-0.009538220167842448,-0.004662369010297374,0.013513513513513598,0.032765142011423894,0.0,-0.0,4.447070212394204e-05,-0.0005610717745789655
2010-07-06,0.0,2.95,-0.002791410654254922,0.00535903441522545,-0.016666666666666607,0.032734217727190984,0.0,-0.0,-1.4959265763179117e-05,-0.0
2010-07-07,0.0,3.0,0.028831424436316366,0.03133081639370272,0.016949152542372836,0.03270454370894006,0.0,0.0,0.000903312065383142,0.0
2010-07-08,-0.05555555555555547,3.04,0.016324267628483158,0.00941267817151159,0.01333333333333342,0.032674869690689175,0.0,0.0,0.00015365507757253668,-0.0009069037571379518
2010-07-09,0.0588235294117645,3.07,0.009503401059741456,0.007203887818266752,0.009868421052631415,0.03264519567243826,0.0,0.0,6.846143512637483e-05,0.0005590235917494955
2010-07-12,-0.05555555555555547,3.08,-0.013921976237804001,0.0007329020475055348,0.0032573289902280145,0.03261552165418734,0.0,-0.0,-1.0203444890009954e-05,0.0007734431243224434
2010-07-13,0.0,3.15,0.03065750564869596,0.015378879091830777,0.022727272727272707,0.032585847635936416,0.0,0.0,0.00047147807262841424,0.0
2010-07-14,0.0,3.07,0.0015654939960696446,-0.0001551316306374062,-0.025396825396825418,0.032556173617685494,0.0,0.0,-2.4285763636335315e-07,0.0
2010-07-16,0.0,2.96,-0.018236211511034606,-0.027657841108748027,-0.03583061889250816,0.032526499599434607,0.0,-0.0,0.0005043742403977168,-0.0
2010-07-19,0.0,2.99,0.003316969495683608,0.005981890060832162,0.01013513513513531,0.03249682558118369,0.0,0.0,1.9841746858313247e-05,0.0
2010-07-20,-0.052631578947368474,2.98,0.007934388420109073,0.011416551196032687,-0.0033444816053512794,0.03246715156293277,0.0,0.0,9.058335160738414e-05,-0.0004175993905320569
2010-07-21,0.0,2.9,-0.01115190842964997,-0.012819816608358736,-0.02684563758389269,0.03243747754468185,0.0,-0.0,0.00014296542090132247,-0.0
2010-07-22,0.0,2.96,0.03250626056734873,0.022513373250030444,0.020689655172413834,0.03249938226508204,1.0,0.03250626056734873,0.0007318255771154684,0.0
2010-07-23,0.05555555555555558,3.02,-0.004754597121986892,0.008220020548377116,0.020270270270270396,0.03249250396281536,0.0,-0.0,-3.908288604198695e-05,-0.00026414428455482747
2010-07-26,0.0,3.03,0.0006456172205044908,0.011200166146517754,0.0033112582781456013,0.03248562566054867,0.0,0.0,7.231020136703286e-06,0.0
2010-07-27,0.0,3.08,-0.017677454794606806,-0.0010493573466290318,0.01650165016501659,0.03247874735828198,0.0,-0.0,1.8549967058423254e-05,-0.0
2010-07-28,0.05263157894736836,3.03,-0.0009194758616791754,-0.006921964711350426,-0.016233766233766267,0.03247186905601529,0.0,-0.0,6.364579467481777e-06,-4.8393466404167074e-05
2010-07-29,-0.050000000000000044,3.03,0.02011568272952191,-0.004158621107493432,0.0,0.0324649907537486,0.0,0.0,-8.365350279063091e-05,-0.0010057841364760965
2010-07-30,-0.052631578947368474,2.94,0.007604124180078609,6.349921218862242e-05,-0.02970297029702962,0.03245811245148192,0.0,0.0,4.828558948194461e-07,-0.00040021706210940087
2010-08-02,0.05555555555555558,2.99,0.033768219229255436,0.022022522061804883,0.017006802721088565,0.03255185199931719,1.0,0.033768219229255436,0.0007436613529641417,0.0018760121794030805
2010-08-03,0.0,2.94,0.023014113058338337,-0.004796355216742376,-0.016722408026755953,0.03252905628333296,0.0,0.0,-0.00011038386122605993,0.0
2010-08-04,0.0,2.98,-0.005805555819567987,0.006051112519185553,0.013605442176870763,0.03250626056734873,0.0,-0.0,-3.513007150061839e-05,-0.0
2010-08-05,0.0,2.94,-0.007177571287041773,-0.001268524584838171,-0.01342281879194629,0.03249938226508204,0.0,-0.0,9.104925637041042e-06,-0.0
2010-08-06,-0.052631578947368474,2.86,-0.017767392934662785,-0.003704038628435491,-0.027210884353741527,0.03249250396281536,0.0,-0.0,6.581110975658277e-05,0.0009351259439296212
2010-08-09,0.0,2.86,0.010354218609554433,0.005483064382283187,0.0,0.03248562566054867,0.0,0.0,5.677284726442166e-05,0.0
2010-08-10,0.0,2.79,-0.017162605584784774,-0.0059674054882985494,-0.02447552447552437,0.03247874735828198,0.0,-0.0,0.00010241622676014799,-0.0
2010-08-11,-0.05555555555555547,2.72,-0.02462310454829819,-0.028178764954173263,-0.02508960573476693,0.03247186905601529,0.0,-0.0,0.0006938486755085294,0.0013679502526832308
2010-08-12,0.0588235294117645,2.74,-0.027305548212880115,-0.0053787488495717906,0.007352941176470562,0.0324649907537486,0.0,-0.0,0.00014686968603695597,-0.001606208718404707
2010-08-13,0.05555555555555558,2.68,-0.00542897313214441,-0.004023574358396065,-0.021897810218978075,0.03245811245148192,0.0,-0.0,2.1843877086917418e-05,-0.00030160961845246734
2010-08-16,0.05263157894736836,2.58,-0.003461618081715634,0.00012045854325926086,-0.03731343283582089,0.032451234149215226,0.0,-0.0,-4.169814714433823e-07,-0.00018219042535345422
2010-08-17,0.0,2.64,0.02778893618513356,0.012192216013040102,0.023255813953488413,0.03244435584694854,0.0,0.0,0.00033880871274173495,0.0
2010-08-18,-0.050000000000000044,2.64,-0.005979449923929181,0.0014827787168125717,0.0,0.03243747754468185,0.0,-0.0,-8.86620108544874e-06,0.0002989724961964593
2010-08-19,0.0,2.58,-0.015300093504229673,-0.016935392189468268,-0.022727272727272707,0.03240327027659719,0.0,-0.0,0.0002591130840296654,-0.0
2010-08-20,0.05263157894736836,2.62,-0.013811432581383731,-0.0036630286052607985,0.015503875968992276,0.03236906300851257,0.0,-0.0,5.05916726252396e-05,-0.0007269175042833535
2010-08-23,-0.050000000000000044,2.6,-0.008618359429539924,-0.004040306703826824,-0.007633587786259555,0.03233485574042791,0.0,-0.0,3.4820815379159274e-05,0.00043091797147699657
2010-08-24,0.0,2.5,-0.016843323103809982,-0.014512432962598854,-0.03846153846153855,0.03230064847234325,0.0,-0.0,0.0002444375974114348,-0.0
2010-08-25,0.0,2.54,0.015197653291755042,0.0032893427453595248,0.016000000000000014,0.03226644120425859,0.0,0.0,4.999029060172375e-05,0.0
2010-08-26,0.0,2.5,0.020957991504875206,-0.007684786454732473,-0.015748031496062964,0.03223223393617393,0.0,0.0,-0.00016105768923506321,0.0
2010-08-27,0.0,2.66,0.021727605381906434,0.01658676839931239,0.06400000000000006,0.03219802666808931,0.0,0.0,0.00036039075834133546,0.0
2010-08-30,0.0,2.54,-0.0006523555220142585,-0.01471920868888299,-0.045112781954887216,0.03216381940000465,0.0,-0.0,9.602157067873072e-06,-0.0
2010-08-31,0.10526315789473673,2.47,-0.025587455920574653,0.000390794428747121,-0.027559055118110187,0.03212961213191999,0.0,-0.0,-9.99943521957311e-06,-0.002693416412692066
2010-09-01,-0.09523809523809523,2.58,0.022909955767092427,0.029504621333996228,0.04453441295546545,0.03209540486383533,0.0,0.0,0.0006759495696866652,-0.0021819005492468976
2010-09-02,0.0,2.63,0.007596618764194041,0.009080835857702363,0.019379844961240345,0.03205780203332519,0.0,0.0,6.898364807118786e-05,0.0
2010-09-03,0.0,2.72,-0.0033797235824652994,0.013219002387319545,0.034220532319391817,0.0320201992028151,0.0,-0.0,-4.467657410508896e-05,-0.0
2010-09-07,0.05263157894736836,2.61,0.013955911313137559,-0.011471189788493708,-0.040441176470588314,0.03198259637230495,0.0,0.0,-0.00016009090734438736,0.0007345216480598707
2010-09-08,-0.050000000000000044,2.66,0.0055312621172090015,0.006438699367075529,0.019157088122605526,0.031944993541794815,0.0,0.0,3.561413389320245e-05,-0.0002765631058604503
2010-09-09,-0.052631578947368474,2.77,-0.00895480318074604,0.0048322900955937165,0.041353383458646586,0.03190739071128468,0.0,-0.0,-4.32722067183102e-05,0.00047130543056558155
2010-09-10,0.0,2.81,0.008906704924923403,0.004863332840635781,0.014440433212996373,0.03186978788077454,0.0,0.0,4.331627056323244e-05,0.0
2010-09-13,0.0,2.74,0.011130950312496779,0.011130616053760978,-0.02491103202846967,0.031832185050264444,0.0,0.0,0.00012389433424189243,0.0
2010-09-14,0.05555555555555558,2.68,0.0016450067673106084,-0.0007131195389205036,-0.021897810218978075,0.0317945822197543,0.0,0.0,-1.1730864674256493e-06,9.138926485058939e-05
2010-09-15,0.10526315789473673,2.74,-0.00315816054111262,0.00354113887216001,0.02238805970149249,0.03175697938924416,0.0,-0.0,-1.118348505665579e-05,-0.00033243795169606493
2010-09-16,0.0,2.77,-0.005449249590926741,-0.00036434366656679096,0.010948905109488871,0.031719376558734025,0.0,-0.0,1.9853995759958345e-06,-0.0
2010-09-17,0.0,2.75,-0.0034404212654391975,0.0008268557718451586,-0.0072202166064981865,0.03169624510834987,0.0,-0.0,-2.8447321809072247e-06,-0.0
2010-09-20,0.0,2.72,0.014192566466503687,0.015209797205957498,-0.010909090909090868,0.03167311365796574,0.0,0.0,0.00021586605778759385,0.0
2010-09-21,-0.04761904761904756,2.61,-0.011346464061290584,-0.002564020390809607,-0.040441176470588314,0.031649982207581584,0.0,-0.0,2.9092565216737446e-05,0.0005403078124424081
2010-09-22,0.04999999999999982,2.56,-0.005993384744674035,-0.004825492514895946,-0.019157088122605304,0.03162685075719743,0.0,-0.0,2.8921033224316107e-05,-0.0002996692372337007
2010-09-23,-0.04761904761904756,2.56,0.002052644879712018,-0.008331340584428193,0.0,0.03160371930681327,0.0,0.0,-1.710128359176346e-05,-9.774499427200073e-05
2010-09-24,0.04999999999999982,2.62,0.009729895407653455,0.021194392772258208,0.0234375,0.031580587856429115,0.0,0.0,0.00020621922490279872,0.00048649477038267103
2010-09-27,-0.09523809523809523,2.54,-0.0038037662141556794,-0.005667432349210744,-0.03053435114503822,0.03155745640604499,0.0,-0.0,2.155758769094078e-05,0.0003622634489672075
2010-09-28,0.0,2.48,0.0017818428177702739,0.004850385958537151,-0.023622047244094557,0.03153432495566083,0.0,0.0,8.642625383633208e-06,0.0
2010-09-29,0.0,2.52,0.026171993171832275,-0.0025877588476783675,0.016129032258064502,0.031511193505276675,0.0,0.0,-6.77268068917868e-05,0.0
2010-09-30,-0.21052631578947367,2.53,0.019066497208521938,-0.003083722237648967,0.003968253968253954,0.03148806205489252,0.0,0.0,-5.879578143599105e-05,-0.004013999412320408
2010-10-01,0.3333333333333335,2.54,0.017494866773397177,0.004416438203773465,0.0039525691699606735,0.03140681631237897,0.0,0.0,7.72649979879583e-05,0.0058316222577990615
2010-10-04,0.0,2.5,-0.005611954874067182,-0.008034932488803492,-0.015748031496062964,0.0313255705698655,0.0,-0.0,4.5091678543341516e-05,-0.0
2010-10-05,0.0,2.5,0.018731959431555145,0.02086134059079603,0.0,0.031244324827351948,0.0,0.0,0.00039077378563464585,0.0
2010-10-06,-0.050000000000000044,2.41,0.0025931309547317927,-0.0006720045633211713,-0.03599999999999992,0.031163079084838393,0.0,0.0,-1.7425958348691504e-06,-0.00012965654773658975
2010-10-07,-0.052631578947368474,2.41,-0.01916291206445364,-0.0016465185803191673,0.0,0.03108183334232484,0.0,-0.0,3.155209076714525e-05,0.0010085743191817717
2010-10-08,0.0,2.41,0.0071916393614572804,0.00612227817348443,0.0,0.031000587599811284,0.0,0.0,4.402921669422141e-05,0.0
2010-10-12,0.0,2.44,-0.0026278215181000375,0.003818756605307172,0.012448132780082943,0.030919341857297823,0.0,-0.0,-1.0035010779812838e-05,-0.0
2010-10-13,0.0,2.46,0.013652687301178856,0.007121020299379444,0.008196721311475308,0.030838096114784268,0.0,0.0,9.72210634127746e-05,0.0
2010-10-14,0.05555555555555558,2.52,-0.0012996291486860878,-0.0036413861990395313,0.024390243902439046,0.030756850372270713,0.0,-0.0,4.7324516458950155e-06,-7.220161937144936e-05
2010-10-15,0.05263157894736836,2.59,-0.02460667054409238,0.002027485447987365,0.02777777777777768,0.03067560462975716,0.0,-0.0,-4.988966645156664e-05,-0.0012950879233732816
2010-10-18,-0.050000000000000044,2.52,0.023286911696857038,0.007243744595420987,-0.027027027027026973,0.03067379473165104,0.0,0.0,0.00016868444074815393,-0.001164345584842853
2010-10-19,0.0,2.5,-0.03875790169502402,-0.015877250249970554,-0.007936507936507908,0.03067198483354492,0.0,-0.0,0.0006153689043756543,-0.0
2010-10-20,0.0,2.51,0.03082614114718818,0.01052407519882892,0.0040000000000000036,0.03078098019195888,1.0,0.03082614114718818,0.00032441662752272276,0.0
2010-10-21,0.0,2.57,-0.021172209035557832,0.0017739084702186325,0.0239043824701195,0.030765926540215774,0.0,-0.0,-3.75575609414155e-05,-0.0
2010-10-22,0.0,2.59,0.013809082587471488,0.0023892585241640507,0.0077821011673151474,0.03075087288847267,0.0,0.0,3.2993468283001617e-05,0.0
2010-10-25,0.0,2.59,0.006991343267302996,0.002146971596890701,0.0,0.030735819236729564,0.0,0.0,1.5010215419012566e-05,0.0
2010-10-26,0.0,2.67,0.0014364704963718555,1.688528477283846e-05,0.030888030888030826,0.030720765584986476,0.0,0.0,2.4255213399019397e-08,0.0
2010-10-27,0.0,2.75,-0.005139855203837751,-0.002690583513671685,0.029962546816479474,0.030705711933243368,0.0,-0.0,1.382920967410547e-05,-0.0
2010-10-28,0.0,2.69,0.0043252789431378336,0.0011248494058304637,-0.021818181818181848,0.030690658281500263,0.0,0.0,4.865287449239608e-06,0.0
2010-10-29,0.05263157894736836,2.63,-0.0052637257002997595,-0.0004392872986367369,-0.02230483271375472,0.03067560462975716,0.0,-0.0,2.3122878436494476e-06,-0.0002770381947526186
2010-11-01,0.0,2.66,0.017678907922155762,0.0009465333975153811,0.011406844106463865,0.03067379473165104,0.0,0.0,1.673367677991968e-05,0.0
2010-11-02,0.0,2.63,0.009335864924197912,0.007759284493458862,-0.011278195488721887,0.03067198483354492,0.0,0.0,7.243963193935535e-05,0.0
2010-11-03,0.0,2.67,0.011356908438336921,0.003678053944041082,0.015209125475285079,0.0306701749354388,0.0,0.0,4.1771321873738556e-05,0.0
2010-11-04,-0.050000000000000044,2.53,0.01875437367553201,0.01928286287479275,-0.05243445692883897,0.030668365037332678,0.0,0.0,0.00036163801588790667,-0.0009377186837766013
2010-11-05,-0.052631578947368474,2.58,0.0012500069358132304,0.00392275298702649,0.01976284584980248,0.03066655513922656,0.0,0.0,4.90346844126518e-06,-6.578983872701219e-05
2010-11-08,0.0,2.6,0.003972289997691503,-0.0021209574072836856,0.007751937984496138,0.03066474524112044,0.0,0.0,-8.425057894482687e-06,0.0
2010-11-09,-0.05555555555555547,2.72,-0.0014695597418424855,-0.008052299681943542,0.04615384615384621,0.03066293534301432,0.0,-0.0,1.183333544183528e-05,8.164220788013795e-05
2010-11-10,0.0,2.65,0.007132313374372368,0.004376080778473401,-0.02573529411764719,0.0306611254449082,0.0,0.0,3.121157946363968e-05,0.0
2010-11-12,0.11764705882352944,2.76,-0.027812197822362328,-0.011808492232419865,0.04150943396226414,0.03065931554680208,0.0,-0.0,0.0003284201219518902,-0.003272023273219098
2010-11-15,0.10526315789473673,2.92,0.004169569441984988,-0.0012174356326716262,0.05797101449275366,0.03065750564869596,0.0,0.0,-5.076182411571273e-06,0.0004389020465247351
2010-11-16,0.0,2.85,-0.022721956870248028,-0.016205413633636034,-0.023972602739726012,0.03065287160261678,0.0,-0.0,0.00036821870964800737,-0.0
2010-11-17,-0.04761904761904756,2.89,-0.01711323640019735,0.00021216287934855416,0.01403508771929829,0.03064823755653761,0.0,-0.0,-3.630793509638356e-06,0.0008149160190570158
2010-11-18,0.0,2.9,0.021253653919372395,0.015357313493959523,0.0034602076124565784,0.03064360351045843,0.0,0.0,0.0003263990261319234,0.0
2010-11-19,0.04999999999999982,2.88,-0.008348109210943866,0.002540373205550228,-0.006896551724137945,0.030638969464379252,0.0,-0.0,-2.1207312956488854e-05,-0.00041740546054719183
2010-11-22,-0.09523809523809523,2.8,-0.004505540312043532,-0.0015753666901773267,-0.02777777777777779,0.030634335418300074,0.0,-0.0,7.097878128844539e-06,0.00042909907733747925
2010-11-23,0.05263157894736836,2.77,-0.008456397001128102,-0.014284032792181156,-0.010714285714285676,0.030629701372220895,0.0,-0.0,0.0001207914520678162,-0.0004450735263751628
2010-11-24,0.0,2.93,0.031111067121809333,0.014922967493543604,0.057761732851985714,0.03066293534301432,1.0,0.031111067121809333,0.00046426944334821384,0.0
2010-11-26,0.0,2.87,-0.0030288270960837638,-0.007468562068020934,-0.020477815699658675,0.0306611254449082,0.0,-0.0,2.2620983160405197e-05,-0.0
2010-11-29,0.0,2.84,0.020565488071738747,-0.001378858764733426,-0.010452961672474004,0.03065931554680208,0.0,0.0,-2.8356903478737697e-05,0.0
2010-11-30,0.0,2.81,-0.01625828061008605,-0.006070216944686235,-0.010563380281690127,0.03065750564869596,0.0,-0.0,9.869129045080801e-05,-0.0
2010-12-01,0.0,2.97,0.03433431844162871,0.02161695515261708,0.05693950177935947,0.03067379473165104,1.0,0.03433431844162871,0.0007422034219483613,0.0
2010-12-02,-0.050000000000000044,3.01,0.020479347795386627,0.012818562518186694,0.013468013468013407,0.03067198483354492,0.0,0.0,0.0002625158000468523,-0.0010239673897693322
2010-12-03,-0.052631578947368474,3.03,0.008049351724416454,0.0026032365675492386,0.006644518272425293,0.0306701749354388,0.0,0.0,2.0954366754066434e-05,-0.00042365009075876115
2010-12-06,0.0,2.95,0.00032814241848311276,-0.001298238661417761,-0.026402640264026278,0.030668365037332678,0.0,0.0,-4.260071741259031e-07,0.0
2010-12-07,-0.05555555555555547,3.15,-0.000656069552716354,0.0005150801927265025,0.06779661016949134,0.03066655513922656,0.0,-0.0,-3.3792843165512994e-07,3.6448308484241834e-05
2010-12-08,0.0,3.26,-0.0067841421459978735,0.003701760406026544,0.0349206349206348,0.03066474524112044,0.0,-0.0,-2.5113268784910878e-05,-0.0
2010-12-09,-0.05882352941176472,3.23,0.0024237218116052173,0.0038427480627742927,-0.009202453987730008,0.03066293534301432,0.0,0.0,9.313752296249747e-06,-0.00014257187127089517
2010-12-10,0.0,3.32,-0.005604951300246186,0.006001641860553519,0.02786377708978316,0.0306611254449082,0.0,-0.0,-3.363891034992139e-05,-0.0
2010-12-13,0.0625,3.29,0.007847027609755752,4.832031784740565e-05,-0.009036144578313143,0.03065931554680208,0.0,0.0,3.7917086826076576e-07,0.0004904392256097345
2010-12-14,0.11764705882352944,3.49,0.00021928547572147572,0.00091095635360805,0.06079027355623112,0.03065750564869596,0.0,0.0,1.997594973624421e-07,2.579829126135009e-05
2010-12-15,0.05263157894736836,3.53,0.01085404970624615,-0.005122452280258649,0.011461318051575908,0.03065287160261678,0.0,0.0,-5.559935166780131e-05,0.0005712657740129546
2010-12-16,0.0,3.47,-0.005314510628938507,0.006185094896691501,-0.016997167138810054,0.03064823755653761,0.0,-0.0,-3.28707525694603e-05,-0.0
2010-12-17,0.0,3.33,-0.00043616744004648655,0.0008368043854836138,-0.04034582132564846,0.03064360351045843,0.0,-0.0,-3.6498682663606114e-07,-0.0
2010-12-20,0.04999999999999982,3.36,0.011672299729429847,0.0025483530061645165,0.009009009009008917,0.030638969464379252,0.0,0.0,2.9745140104345823e-05,0.0005836149864714903
2010-12-21,-0.04761904761904756,3.35,0.004960093757478523,0.006030102155631267,-0.0029761904761904656,0.030634335418300074,0.0,0.0,2.9909872059104434e-05,-0.00023619494083231034
2010-12-22,-0.050000000000000044,3.36,0.00482837545463255,0.0033795554893063517,0.0029850746268655914,0.030629701372220895,0.0,0.0,1.6317762772135486e-05,-0.0002414187727316277
2010-12-23,0.0,3.41,0.006406817558409772,-0.0016443283858672553,0.01488095238095255,0.030625067326141724,0.0,0.0,-1.053491197436593e-05,0.0
2010-12-27,0.0,3.36,-0.004244048019935387,0.0006126972471360848,-0.014662756598240567,0.030620433280062545,0.0,-0.0,-2.600316538527763e-06,-0.0
2010-12-28,-0.052631578947368474,3.5,0.005647296621352771,0.0007713239125555216,0.04166666666666674,0.030615799233983367,0.0,0.0,4.355894925343397e-06,-0.0002972261379659356
2010-12-29,0.0,3.35,-0.00254288907346667,0.0010091453555356455,-0.042857142857142816,0.030611165187904188,0.0,-0.0,-2.566144698131231e-06,-0.0
2010-12-30,0.05555555555555558,3.38,-0.011153633509299432,-0.0015082191889665975,0.008955223880596996,0.03060301758192334,0.0,-0.0,1.6822124085426253e-05,-0.000619646306072191
2010-12-31,-0.3157894736842105,3.3,0.0178322454335913,-0.0001907894500615681,-0.023668639053254448,0.0305948699759425,0.0,0.0,-3.402204299637793e-06,-0.005631235400081462
2011-01-03,0.46153846153846145,3.36,0.0009498294236478522,0.011314828013585299,0.0181818181818183,0.030586722369961652,0.0,0.0,1.0747156570818296e-05,0.0004383828109143932
2011-01-04,-0.052631578947368474,3.36,-0.013812712032659324,-0.0013130618315739806,0.0,0.030578574763980806,0.0,-0.0,1.8136944960607614e-05,0.0007269848438241756
2011-01-05,0.0,3.5,0.021062773937929213,0.0050071702616640845,0.04166666666666674,0.030570427157999958,0.0,0.0,0.00010546489529015248,0.0
2011-01-06,-0.05555555555555547,3.44,-0.010261815255849127,-0.002122957701494954,-0.017142857142857126,0.03056227955201911,0.0,-0.0,2.1785399728723316e-05,0.0005701008475471729
2011-01-07,0.0,3.34,-0.01258987361696029,-0.001844782063018524,-0.029069767441860517,0.03055413194603827,0.0,-0.0,2.322557302423849e-05,-0.0
2011-01-10,0.0,3.32,0.025393711247082784,-0.001376327172630698,-0.005988023952095856,0.03054598434005742,0.0,0.0,-3.495005480329781e-05,0.0
2011-01-11,0.0,3.37,0.019958241619823403,0.0037251273626697223,0.015060240963855609,0.030537836734076576,0.0,0.0,7.434699196877784e-05,0.0
2011-01-12,-0.05882352941176472,3.4,0.005224896353257291,0.00900758006769764,0.008902077151335286,0.030529689128095727,0.0,0.0,4.706367224738647e-05,-0.0003073468443092525
2011-01-13,0.0,3.34,-0.0006115489839850774,-0.001710746243041017,-0.01764705882352946,0.030511984228552055,0.0,-0.0,1.0462051267880223e-06,-0.0
2011-01-18,0.1875,3.39,-0.002651381942780362,0.008771117405098838,0.014970059880239583,0.0304942793290084,0.0,-0.0,-2.3255582305885605e-05,-0.0004971341142713179
2011-01-19,-0.052631578947368474,3.37,0.003680987721043749,-0.010115654884377157,-0.005899705014749235,0.030476574429464727,0.0,0.0,-3.723560141970854e-05,-0.00019373619584440804
2011-01-20,0.0,3.47,-0.016096187572419374,-0.0012949592195925508,0.029673590504451175,0.030458869529921054,0.0,-0.0,2.0843906497195508e-05,-0.0
2011-01-21,-0.05555555555555547,3.44,0.010561157835248913,0.0024135455272700224,-0.008645533141210415,0.030441164630377382,0.0,0.0,2.5489835256057765e-05,-0.000586730990847161
2011-01-24,0.0588235294117645,3.43,-0.010143420893925836,0.00583628034196626,-0.0029069767441859407,0.03042345973083371,0.0,-0.0,-5.919984796350919e-05,-0.0005966718172897529
2011-01-25,-0.05555555555555547,3.35,-0.014077223908078973,0.0002634624737614111,-0.023323615160349864,0.030405754831290054,0.0,-0.0,-3.708820234515765e-06,0.0007820679948932751
2011-01-26,0.0,3.45,0.027926547633694287,0.00422090718967616,0.029850746268656803,0.030388049931746382,0.0,0.0,0.00011787536568989397,0.0
2011-01-27,0.0,3.42,-0.0053110433358321,0.0022443057531671418,-0.008695652173913104,0.03037034503220271,0.0,-0.0,-1.191960511392799e-05,-0.0
2011-01-28,0.0,3.36,0.020844016757562978,-0.017852526697772375,-0.01754385964912286,0.030352640132659037,0.0,0.0,-0.00037211836565320786,0.0
2011-01-31,0.0,3.42,0.015992798195220814,0.007662558220206783,0.017857142857142794,0.030341375142830636,0.0,0.0,0.00012254574727489745,0.0
2011-02-01,0.0588235294117645,3.48,0.007226964776760658,0.01669359840810869,0.01754385964912286,0.03033011015300225,0.0,0.0,0.0001206440476927893,0.0004251155751035666
2011-02-02,0.0,3.52,0.005897370618431763,-0.00272251746839014,0.011494252873563315,0.03031884516317385,0.0,0.0,-1.6055694526251236e-05,0.0
2011-02-03,-0.05555555555555547,3.58,-0.005667326777550552,0.0023541990752451447,0.017045454545454586,0.030307580173345453,0.0,-0.0,-1.3342015458821555e-05,0.0003148514876416968
2011-02-04,0.0,3.68,-0.01896619756937512,0.002884262567260709,0.027932960893854775,0.030296315183517053,0.0,-0.0,-5.4703493692619705e-05,-0.0
2011-02-07,0.0,3.68,-0.005809895025708278,0.006240171597036381,0.0,0.030285050193688653,0.0,-0.0,-3.625474192118776e-05,-0.0
2011-02-08,-0.05882352941176472,3.75,0.0067506112740081115,0.004184752099316791,0.01902173913043481,0.030273785203860266,0.0,0.0,2.8249634700577042e-05,-0.00039709478082400665
2011-02-09,-0.0625,3.65,0.01901522778919973,-0.0027857656113878804,-0.026666666666666727,0.030262520214031866,0.0,0.0,-5.2971967667859794e-05,-0.001188451736824983
2011-02-10,0.0,3.7,-0.00933016058819025,0.0007494929370688297,0.013698630136986356,0.03025125522420347,0.0,-0.0,-6.99288946256655e-06,-0.0
2011-02-11,0.0,3.64,0.005551675853530558,0.005507371620330659,-0.016216216216216273,0.03023999023437507,0.0,0.0,3.057514204100918e-05,0.0
2011-02-14,0.0,3.62,0.016267391510544238,0.002384924061824778,-0.005494505494505475,0.03023256209666174,0.0,0.0,3.879649343662108e-05,0.0
2011-02-15,0.06666666666666665,3.61,-0.013969755683225338,-0.003234911055292722,-0.002762430939226568,0.03022513395894842,0.0,-0.0,4.519091709940397e-05,-0.0009313170455483556
2011-02-16,-0.0625,3.62,0.02105469699428575,0.006257435156610036,0.0027700831024930483,0.030217705821235088,0.0,0.0,0.0001317484011838153,-0.0013159185621428593
2011-02-17,0.0,3.58,-0.011466587544840534,0.003075691142146564,-0.011049723756906049,0.03021027768352176,0.0,-0.0,-3.5267681742314145e-05,-0.0
2011-02-18,0.0,3.59,-0.0006823247618965578,0.0019247226272978146,0.0027932960893854997,0.03020284954580843,0.0,-0.0,-1.3132859083878984e-06,-0.0
2011-02-22,0.0,3.46,0.031798695308004055,-0.02052856505826517,-0.03621169916434541,0.030285050193688653,1.0,0.031798695308004055,-0.0006527815853983126,0.0
2011-02-23,0.0,3.49,0.05171111064309919,-0.006111960522950599,0.00867052023121384,0.030405754831290054,1.0,0.05171111064309919,-0.0003160562668485528,0.0
2011-02-24,0.0,3.46,0.0009887695312500444,-0.000994377240208233,-0.008595988538682042,0.030388049931746382,0.0,0.0,-9.832099176864074e-07,0.0
2011-02-25,0.0,3.42,0.007004299344663956,0.01055051646463201,-0.011560693641618491,0.03037034503220271,0.0,0.0,7.389897555908825e-05,0.0
2011-02-28,0.06666666666666665,3.42,-0.0030318917401565004,0.005561085699577806,0.0,0.030352640132659037,0.0,-0.0,-1.6860609798852382e-05,-0.0002021261160104333
2011-03-01,-0.0625,3.41,0.032379204099946435,-0.015739677754675885,-0.0029239766081871066,0.030511984228552055,1.0,0.032379204099946435,-0.0005096382384860371,-0.002023700256246652
2011-03-02,0.06666666666666665,3.46,0.008057531796305417,0.0016152009236127807,0.014662756598240456,0.0304942793290084,0.0,0.0,1.3014532799431857e-05,0.000537168786420361
2011-03-03,-0.0625,3.58,-0.01340780042159373,0.017219001487115193,0.034682080924855585,0.030476574429464727,0.0,-0.0,-0.00023086893539836614,0.0008379875263496081
2011-03-04,0.0,3.49,0.010279643660288329,-0.0073780374502926405,-0.025139664804469275,0.030458869529921054,0.0,0.0,-7.584359590127061e-05,0.0
2011-03-07,-0.06666666666666654,3.51,-0.00801931788726895,-0.008341232507744434,0.005730659025787732,0.030441164630377382,0.0,-0.0,6.689099505122419e-05,0.0005346211924845957
2011-03-08,0.0,3.56,-0.017211433772392648,0.008922733898683255,0.014245014245014342,0.03042345973083371,0.0,-0.0,-0.0001535730435658697,-0.0
2011-03-09,0.0,3.48,0.025473243808624035,-0.0013617034323515353,-0.022471910112359605,0.030405754831290054,0.0,0.0,-3.468700352733085e-05,0.0
2011-03-10,0.0,3.37,-0.004398845312153732,-0.018870951812180237,-0.031609195402298784,0.030388049931746382,0.0,-0.0,8.3010397914888e-05,-0.0
2011-03-11,-0.07142857142857151,3.4,-0.01377461633094934,0.007080513662183874,0.008902077151335286,0.03037034503220271,0.0,-0.0,-9.753135912262791e-05,0.0009839011664963826
2011-03-14,0.0769230769230771,3.36,-0.0014933079270377236,-0.006049325659529536,-0.0117647058823529,0.030352640132659037,0.0,-0.0,9.033505960608162e-06,-0.00011486984054136362
2011-03-15,0.0,3.33,-0.04530660340316506,-0.01120034817237281,-0.008928571428571397,0.030341375142830636,0.0,-0.0,0.0005074497326230594,-0.0
2011-03-16,0.0,3.22,0.01935132849683696,-0.019494949042855536,-0.033033033033032955,0.03033011015300225,0.0,0.0,-0.0003772531629573948,0.0
2011-03-17,0.0,3.25,0.03869100228736988,0.013398228752857344,0.009316770186335255,0.030476574429464727,1.0,0.03869100228736988,0.0005183908993235084,0.0
2011-03-18,0.0714285714285714,3.28,-0.008442134097662701,0.004310201897316901,0.009230769230769154,0.030458869529921054,0.0,-0.0,-3.638730240514948e-05,-0.0006030095784044784
2011-03-21,-0.06666666666666654,3.34,0.009040628250135185,0.014985846366661448,0.018292682926829285,0.030441164630377382,0.0,0.0,0.0001354814660146252,-0.0006027085500090112
2011-03-22,0.0,3.34,0.006437003041603884,-0.003550567117658776,0.0,0.03042345973083371,0.0,0.0,-2.2855011335788276e-05,0.0
2011-03-23,0.0,3.36,-0.0012964036338866114,0.00291397966743423,0.0059880239520957446,0.030405754831290054,0.0,-0.0,-3.777693829933435e-06,-0.0
2011-03-24,-0.07142857142857151,3.42,0.0014712086928216905,0.009340748456551973,0.017857142857142794,0.030388049931746382,0.0,0.0,1.3742190326740052e-05,-0.00010508633520154944
2011-03-25,0.0,3.46,-0.0011234434967257734,0.003161136890789118,0.011695906432748648,0.03037034503220271,0.0,-0.0,-3.551358682216966e-06,-0.0
2011-03-28,0.0,3.47,-0.006834443387501388,-0.002747836267090409,0.0028901734104047616,0.030352640132659037,0.0,-0.0,1.8779931405552542e-05,-0.0
2011-03-30,0.0,3.47,0.002874513875329665,0.013791945570869046,0.0,0.030341375142830636,0.0,0.0,3.9645138911254594e-05,0.0
2011-03-31,-0.23076923076923073,3.47,0.01936943811459524,-0.0018295015230987977,0.0,0.03033011015300225,0.0,0.0,-3.5436416532219893e-05,-0.004469870334137362
2011-04-01,0.09999999999999987,3.46,0.011417828313920797,0.004962987972138233,-0.0028818443804035088,0.03031884516317385,0.0,0.0,5.666654458992828e-05,0.0011417828313920783
2011-04-04,-0.18181818181818188,3.45,0.01988206125549108,0.0003452097520288966,-0.0028901734104045396,0.030307580173345453,0.0,0.0,6.863481435831408e-06,-0.0036149202282711066
2011-04-05,0.0,3.5,0.009582055885536622,-0.0001800552456384663,0.014492753623188248,0.030296315183517053,0.0,0.0,-1.7252994261918083e-06,0.0
2011-04-06,0.11111111111111116,3.56,0.0006545723306794482,0.002183677516658822,0.017142857142857126,0.030285050193688653,0.0,0.0,1.4293748815316746e-06,7.273025896438317e-05
2011-04-07,0.0,3.58,0.003025307505764463,-0.0015200063176690204,0.00561797752808979,0.030273785203860266,0.0,0.0,-4.59848652165349e-06,0.0
2011-04-08,-0.10000000000000009,3.59,0.03244479837239589,-0.00400444374710851,0.0027932960893854997,0.030388049931746382,1.0,0.03244479837239589,-0.00012992336996853708,-0.0032444798372395917
2011-04-11,0.0,3.59,-0.02108170656752606,-0.0027933795260068894,0.0,0.03037034503220271,0.0,-0.0,5.8889207499012274e-05,-0.0
2011-04-12,-0.11111111111111105,3.52,-0.02468144140292239,-0.007776699229565143,-0.01949860724233976,0.030352640132659037,0.0,-0.0,0.00019194014634266374,0.002742382378102486
2011-04-13,0.0,3.49,0.016209056517964893,0.00019023558280406583,-0.008522727272727182,0.030341375142830636,0.0,0.0,3.083539313399093e-06,0.0
2011-04-14,0.125,3.51,-0.004231743609124705,8.367659155239515e-05,0.005730659025787732,0.03033011015300225,0.0,-0.0,-3.5409788153518646e-07,-0.0005289679511405881
2011-04-15,0.33333333333333326,3.43,0.008908109941594855,0.003925413156908419,-0.022792022792022637,0.03031884516317385,0.0,0.0,3.4968011967923134e-05,0.0029693699805316176
2011-04-18,-0.16666666666666663,3.4,-0.014904790468824869,-0.011017851653977395,-0.008746355685131268,0.030307580173345453,0.0,-0.0,0.0001642187703191286,0.0024841317448041442
2011-04-19,0.09999999999999987,3.39,-0.0023024321839616446,0.00573117089721964,-0.002941176470588225,0.030296315183517053,0.0,-0.0,-1.3195632325542833e-05,-0.00023024321839616415
2011-04-21,0.0,3.42,0.021923646192791857,0.018863044794174888,0.008849557522123908,0.030285050193688653,0.0,0.0,0.00041354672018627454,0.0
2011-04-25,0.0,3.39,-0.00266145824135533,-0.0015926699031209024,-0.00877192982456132,0.030273785203860266,0.0,-0.0,4.238824439419721e-06,-0.0
2011-04-26,-0.10000000000000009,3.34,0.003881576203495829,0.008979584523029382,-0.014749262536873253,0.030262520214031866,0.0,0.0,3.4854941601870295e-05,-0.00038815762034958326
2011-04-27,0.0,3.39,0.007974849916521531,0.006249847099511818,0.014970059880239583,0.03025125522420347,0.0,0.0,4.984159261981416e-05,0.0
2011-04-28,0.0,3.34,-0.0008790906478547411,0.0035554240499382495,-0.014749262536873253,0.03023999023437507,0.0,-0.0,-3.125540031458543e-06,-0.0
2011-04-29,0.0,3.32,0.00695890873414351,0.002300662213150728,-0.005988023952095856,0.03023256209666174,0.0,0.0,1.601009836940854e-05,0.0
2011-05-02,0.0,3.31,-0.006116424233851614,-0.00175271131343413,-0.0030120481927710108,0.03022513395894842,0.0,-0.0,1.0720325952434403e-05,-0.0
2011-05-03,0.0,3.28,-0.021339559940289243,-0.0033793036283190636,-0.009063444108761365,0.030217705821235088,0.0,-0.0,7.211285233295158e-05,-0.0
2011-05-04,0.0,3.25,-0.010289869646697647,-0.006855308680100647,-0.009146341463414531,0.03021027768352176,0.0,-0.0,7.054023270611055e-05,-0.0
2011-05-05,0.0,3.18,-0.08573313953576212,-0.009069835815006422,-0.021538461538461506,0.03020284954580843,0.0,-0.0,0.0007775854994943982,-0.0
2011-05-06,0.0,3.19,-0.015072254082517778,0.0038199203649145197,0.0031446540880502027,0.0301954214080951,0.0,-0.0,-5.757481031497567e-05,-0.0
2011-05-09,0.0,3.17,0.062036144441018015,0.004544163641626575,-0.006269592476489061,0.030273785203860266,1.0,0.062036144441018015,0.00028190239203556867,0.0
2011-05-10,0.0,3.23,0.014926623854726762,0.008074036650198346,0.018927444794952786,0.030262520214031866,0.0,0.0,0.0001205181080667888,0.0
2011-05-11,0.0,3.19,-0.04301621760385377,-0.011111495877577093,-0.012383900928792602,0.03025125522420347,0.0,-0.0,0.00047797452457418036,-0.0
2011-05-12,0.0,3.22,0.0036422107419462613,0.004895437361786659,0.009404388714733702,0.03023999023437507,0.0,0.0,1.7830214545624434e-05,0.0
2011-05-13,0.0,3.18,0.007523441749560877,-0.00806733006032423,-0.012422360248447228,0.03023256209666174,0.0,0.0,-6.069408778333078e-05,0.0
2011-05-16,0.11111111111111116,3.15,-0.009663519778851493,-0.006204391417766519,-0.009433962264151052,0.03022513395894842,0.0,-0.0,5.995625918132321e-05,-0.0010737244198723885
2011-05-17,-0.10000000000000009,3.12,-0.02430591157252493,-0.0003685605881837972,-0.00952380952380949,0.030217705821235088,0.0,-0.0,8.958201065513151e-06,0.002430591157252495
2011-05-18,0.11111111111111116,3.18,0.021001956840197344,0.00880379946585852,0.019230769230769162,0.03021027768352176,0.0,0.0,0.00018489701641171305,0.0023335507600219284
2011-05-19,-0.10000000000000009,3.17,-0.007836196428302133,0.0021779408643529674,-0.003144654088050425,0.03020284954580843,0.0,-0.0,-1.7066772422295985e-05,0.000783619642830214
2011-05-20,0.11111111111111116,3.15,0.008705808980828733,-0.007688267521873571,-0.006309148264984188,0.0301954214080951,0.0,0.0,-6.69325884389408e-05,0.0009673121089809707
2011-05-23,0.0,3.13,-0.02037548650203358,-0.01192558460112425,-0.006349206349206327,0.03018799327038178,0.0,-0.0,0.00024298958806906668,-0.0
2011-05-24,0.0,3.12,0.022070847764334545,-0.0008273801774386635,-0.0031948881789136685,0.03018056513266845,0.0,0.0,-1.8260981939476847e-05,0.0
2011-05-25,-0.10000000000000009,3.13,0.021327659752187422,0.0031831687125787322,0.0032051282051281937,0.03017313699495512,0.0,0.0,6.788953923568768e-05,-0.0021327659752187443
2011-05-26,0.0,3.07,0.0010441377035010913,0.0039531157988739185,-0.019169329073482455,0.03016570885724179,0.0,0.0,4.127597251910095e-06,0.0
2011-05-27,0.11111111111111116,3.07,-0.00017387459304918362,0.004080919686204165,0.0,0.030152619906833353,0.0,-0.0,-7.095682497051514e-07,-1.9319399227687078e-05
2011-05-31,0.0,3.05,0.014778793320674888,0.010592724697279676,-0.006514657980456029,0.03013953095642493,0.0,0.0,0.0001565476890039048,0.0
2011-06-01,0.0,2.96,-0.018846950350113523,-0.02278464425831217,-0.02950819672131144,0.030126442006016493,0.0,-0.0,0.00042942105908140864,-0.0
2011-06-02,0.0,3.04,0.008818668881475977,-0.0012248353901096465,0.027027027027026973,0.030113353055608052,0.0,0.0,-1.0801417739690428e-05,0.0
2011-06-03,0.09999999999999987,2.99,0.0025964637353830256,-0.009733809463420173,-0.016447368421052544,0.030100264105199614,0.0,0.0,-2.5273483278898586e-05,0.0002596463735383022
2011-06-06,-0.09090909090909083,3.01,-0.011740271270296865,-0.010760206333523925,0.006688963210702115,0.030087175154791177,0.0,-0.0,0.0001263277412799373,0.001067297388208805
2011-06-07,-0.10000000000000009,3.01,0.020090804987070054,-0.0009564073932939454,0.0,0.030074086204382754,0.0,0.0,-1.921499442686067e-05,-0.0020090804987070074
2011-06-08,0.0,2.98,0.009162525312630176,-0.004186874918536865,-0.009966777408637828,0.030060997253974316,0.0,0.0,-3.836234742191043e-05,0.0
2011-06-09,0.0,3.01,0.014594834475800456,0.007377489898070522,0.010067114093959662,0.030047908303565875,0.0,0.0,0.00010767324390922924,0.0
2011-06-10,0.0,2.99,-0.006607016120629305,-0.013979844477308045,-0.006644518272425071,0.030034819353157438,0.0,-0.0,9.236505782546482e-05,-0.0
2011-06-13,0.11111111111111116,3.0,0.0026940536968584894,0.0006687560771996282,0.0033444816053511683,0.0300254019938482,0.0,0.0,1.8016647820762395e-06,0.0002993392996509434
2011-06-14,0.0,3.11,0.00890012763701753,0.012611779574887017,0.036666666666666625,0.03001598463453897,0.0,0.0,0.00011224644794642513,0.0
2011-06-15,0.0,2.98,-0.02546608767250902,-0.01743184580508239,-0.041800643086816636,0.030006567275229726,0.0,-0.0,0.0004439209135658867,-0.0
2011-06-16,0.0,2.93,-0.026302321701014875,0.0017543350239683786,-0.016778523489932806,0.029997149915920486,0.0,-0.0,-4.6143084171773936e-05,-0.0
2011-06-17,0.0,2.94,-0.0071039956362163315,0.003045016966140013,0.0034129692832762792,0.029987732556611246,0.0,-0.0,-2.1631787239663344e-05,-0.0
2011-06-20,-0.10000000000000009,2.97,-0.013426346218166185,0.005395190996116739,0.010204081632653184,0.029978315197302007,0.0,-0.0,-7.243770222699624e-05,0.0013426346218166198
2011-06-21,0.0,2.99,-0.006625530280136571,0.013423475684721353,0.006734006734006703,0.029968897837992777,0.0,-0.0,-8.893764461379831e-05,-0.0
2011-06-22,0.0,3.01,0.029382624839108917,-0.006468448774604507,0.006688963210702115,0.029959480478683534,0.0,0.0,-0.00019006000363519802,0.0
2011-06-23,-0.11111111111111105,2.93,-0.060852788757154164,-0.002827986549257977,-0.026578073089700838,0.029950063119374294,0.0,-0.0,0.00017209086809006903,0.006761420973017126
2011-06-24,0.0,2.88,-0.019951513584070546,-0.011725787945559007,-0.017064846416382395,0.029940645760065054,0.0,-0.0,0.0002339472174797512,-0.0
2011-06-27,0.0,2.95,0.008276209041630622,0.009184457300265958,0.02430555555555558,0.029903900349713276,0.0,0.0,7.60124885509315e-05,0.0
2011-06-28,0.0,3.05,0.026323247209735445,0.012944354874931063,0.03389830508474567,0.029867154939361543,0.0,0.0,0.00034073745334335453,0.0
2011-06-29,-0.12499999999999989,3.14,0.03327820175772045,0.008282747245164312,0.029508196721311553,0.030006567275229726,1.0,0.03327820175772045,0.00027563493393278123,-0.004159775219715053
2011-06-30,0.0,3.18,0.0007117600531016954,0.01011922818616795,0.01273885350318471,0.029997149915920486,0.0,0.0,7.2024623911350735e-06,0.0
2011-07-01,0.1428571428571428,3.22,-0.006312292786959772,0.014409702179091433,0.012578616352201255,0.029987732556611246,0.0,-0.0,-9.095825912731736e-05,-0.0009017561124228242
2011-07-06,-0.12499999999999989,3.12,0.016551902649004857,-0.0003359582788475812,-0.03105590062111807,0.029978315197302007,0.0,0.0,-5.5607487256123925e-06,-0.0020689878311256054
2011-07-07,0.0,3.17,0.043742241429034934,0.010453846497412655,0.01602564102564097,0.030074086204382754,1.0,0.043742241429034934,0.0004572746773518956,0.0
2011-07-08,0.0,3.03,-0.002192381439115265,-0.006961116506509657,-0.04416403785488965,0.030060997253974316,0.0,-0.0,1.526142262439067e-05,-0.0
2011-07-11,0.0,2.94,-0.009211560470026914,-0.01809053260189253,-0.02970297029702962,0.030047908303565875,0.0,-0.0,0.00016664203499732635,-0.0
2011-07-12,-0.14285714285714302,2.92,0.004350069477339069,-0.004433512667192274,-0.006802721088435382,0.030034819353157438,0.0,0.0,-1.928608813094924e-05,-0.0006214384967627249
2011-07-14,0.0,2.98,0.00484076173948389,-0.003631146644483607,0.020547945205479534,0.0300254019938482,0.0,0.0,-1.7577515747071557e-05,0.0
2011-07-15,0.0,2.94,-0.008958735305339194,0.005554424471774233,-0.01342281879194629,0.03001598463453897,0.0,-0.0,-4.9760618616123826e-05,-0.0
2011-07-18,0.0,2.94,-0.010318941347680521,-0.008129889770918997,0.0,0.030006567275229726,0.0,-0.0,8.389185570922096e-05,-0.0
2011-07-20,0.0,2.96,0.018095634803081406,0.015626934466312692,0.006802721088435382,0.029997149915920486,0.0,0.0,0.0002827792991940803,0.0
2011-07-21,0.0,3.03,-0.005416837760330084,0.013546192203295337,0.023648648648648685,0.029987732556611246,0.0,-0.0,-7.337752543549917e-05,-0.0
2011-07-22,0.0,2.99,0.009871466357136649,0.0009078513609139804,-0.013201320132013028,0.029978315197302007,0.0,0.0,8.96182416654308e-06,0.0
2011-07-25,0.0,3.03,-0.006151476690003821,-0.0056430132712504966,0.013377926421404451,0.029968897837992777,0.0,-0.0,3.471286459947964e-05,-0.0
2011-07-26,0.0,2.99,0.0028827906634947276,-0.004104971538103408,-0.013201320132013028,0.029959480478683534,0.0,0.0,-1.1833773623956095e-05,0.0
2011-07-27,0.16666666666666674,3.01,-0.00718632467782776,-0.020308668519432915,0.006688963210702115,0.029950063119374294,0.0,-0.0,0.00014594468575502453,-0.0011977207796379605
2011-07-28,0.1428571428571428,2.98,-0.0005960972038006052,-0.0032339665839667964,-0.009966777408637828,0.029940645760065054,0.0,-0.0,1.927758437887202e-06,-8.515674340008641e-05
2011-07-29,0.375,2.82,-0.00528291362779143,-0.006450532698506817,-0.05369127516778527,0.029903900349713276,0.0,-0.0,3.407760709945589e-05,-0.0019810926104217863
2011-08-01,0.5454545454545456,2.77,0.0005996204908784719,-0.004132299323336697,-0.01773049645390068,0.029867154939361543,0.0,0.0,-2.4778113487159274e-06,0.0003270657222973484
2011-08-02,-0.05882352941176472,2.66,-0.002996305808032673,-0.025556664705103427,-0.03971119133574008,0.029830409529009765,0.0,-0.0,7.657558288984502e-05,0.0001762532828254514
2011-08-03,-0.25,2.64,-0.027734808113781928,0.005015682586245518,-0.007518796992481258,0.02979366411865799,0.0,-0.0,-0.00013910899408915692,0.006933702028445482
2011-08-04,-0.25,2.47,-0.05281288686429608,-0.047820446201610634,-0.06439393939393934,0.029756918708306213,0.0,-0.0,0.0025255358150458197,0.01320322171607402
2011-08-05,-0.11111111111111105,2.58,0.019766925376056177,-0.0005749176607442452,0.04453441295546545,0.029720173297954434,0.0,0.0,-1.1364354497308276e-05,-0.0021963250417840184
2011-08-08,0.375,2.4,-0.05147668228424218,-0.06663446415643826,-0.06976744186046513,0.0296834278876027,0.0,-0.0,0.003430121140561696,-0.019303755856590818
2011-08-09,-0.09090909090909083,2.2,-0.011278178070542655,0.0474068481332115,-0.08333333333333326,0.029646682477250923,0.0,-0.0,-0.0005346628750095319,0.0010252889155038768
2011-08-10,0.0,2.17,0.04007020203353817,-0.04415240397919251,-0.01363636363636378,0.029950063119374294,1.0,0.04007020203353817,-0.0017691957477126386,0.0
2011-08-11,-0.10000000000000009,2.34,0.012560895519847515,0.04629002144148742,0.07834101382488479,0.029940645760065054,0.0,0.0,0.0005814441229380246,-0.0012560895519847526
2011-08-12,0.11111111111111116,2.24,9.259522811788656e-05,0.00526166928318772,-0.04273504273504258,0.029903900349713276,0.0,0.0,4.872054675576436e-07,1.0288358679765178e-05
2011-08-15,0.0,2.29,0.0174026187545675,0.021784622088531824,0.02232142857142838,0.029867154939361543,0.0,0.0,0.00037910947291904933,0.0
2011-08-17,0.0,2.17,0.006277816295347627,-0.008800384952866946,-0.05240174672489084,0.029830409529009765,0.0,0.0,-5.5247200062440174e-05,0.0
2011-08-18,0.0,2.08,-0.03264015063432624,-0.0445937143129993,-0.041474654377880116,0.02979366411865799,0.0,-0.0,0.0014555455525204072,-0.0
2011-08-19,0.0,2.07,0.015235114640230085,-0.015008981502439234,-0.004807692307692402,0.029756918708306213,0.0,0.0,-0.00022866355382275452,0.0
2011-08-22,0.0,2.1,-0.0023936855980115634,0.00025804116011829414,0.01449275362318847,0.029720173297954434,0.0,-0.0,-6.176694086693565e-07,-0.0
2011-08-23,-0.11111111111111105,2.15,0.00876704450803989,0.034284877594586316,0.023809523809523725,0.0296834278876027,0.0,0.0,0.00030057704782443783,-0.0009741160564488761
2011-08-24,0.0,2.29,0.007684603293810266,0.013119972745138542,0.06511627906976747,0.029646682477250923,0.0,0.0,0.00010082178577199256,0.0
2011-08-26,0.125,2.19,0.010985011962876712,-0.0006792856440188677,-0.04366812227074235,0.02960993706689915,0.0,0.0,-7.461960925757673e-06,0.001373126495359589
2011-08-29,0.0,2.28,0.004669510059414295,0.028280001568408375,0.041095890410958846,0.02957319165654737,0.0,0.0,0.00013205375180393495,0.0
2011-08-30,-0.11111111111111105,2.19,0.01912763176782306,0.002347024984931334,-0.039473684210526216,0.029554134974803522,0.0,0.0,4.4893029661647025e-05,-0.0021252924186470055
2011-08-31,0.0,2.23,0.007279440935724413,0.004921982065451136,0.0182648401826484,0.029535078293059694,0.0,0.0,3.5829277732146396e-05,0.0
2011-09-01,0.0,2.15,-0.004875903927155312,-0.01187143263889856,-0.0358744394618834,0.02951602161131584,0.0,-0.0,5.788396502496523e-05,-0.0
2011-09-02,0.0,2.02,-0.017149348751176463,-0.025281938303220453,-0.0604651162790697,0.029496964929571993,0.0,-0.0,0.00043356877706765404,-0.0
2011-09-06,0.125,1.98,0.004985289321333575,-0.007436289416773878,-0.01980198019801982,0.029477908247828144,0.0,0.0,-3.707205421978869e-05,0.0006231611651666968
2011-09-07,0.0,2.05,0.02577733792047665,0.028646463529026667,0.03535353535353525,0.029458851566084295,0.0,0.0,0.0007384295706143305,0.0
2011-09-08,0.0,2.0,-0.01079447294523217,-0.010612179635699603,-0.024390243902438935,0.029439794884340467,0.0,-0.0,0.00011455288596750315,-0.0
2011-09-09,0.0,1.93,-0.015539121442774029,-0.026705492278710663,-0.03500000000000003,0.029420738202596615,0.0,-0.0,0.00041497988770794914,-0.0
2011-09-12,0.0,1.94,-0.004611125818441475,0.006965716710316983,0.005181347150259086,0.029401681520852766,0.0,-0.0,-3.2119796166891856e-05,-0.0
2011-09-13,0.0,2.0,-0.0032071323862054024,0.00912006281484623,0.030927835051546504,0.029382624839108917,0.0,-0.0,-2.924924881772095e-05,-0.0
2011-09-14,-0.11111111111111105,2.03,0.004558067200040039,0.013479804803234297,0.014999999999999902,0.029339733468175058,0.0,0.0,6.144185613656442e-05,-0.0005064519111155596
2011-09-15,0.125,2.09,0.02615653711832744,0.017187073659429952,0.029556650246305383,0.029296842097241246,0.0,0.0,0.00044955433012830735,0.00326956713979093
2011-09-16,0.0,2.08,-0.02705041803579933,0.0057066970727697175,-0.004784688995215225,0.029253950726307383,0.0,-0.0,-0.0001543685414220932,-0.0
2011-09-19,0.0,1.97,-0.02744610405944703,-0.0098025870260805,-0.05288461538461542,0.029211059355373523,0.0,-0.0,0.0002690428235695908,-0.0
2011-09-20,0.0,1.95,0.01282757498358289,-0.0016610054537223862,-0.010152284263959421,0.029168167984439664,0.0,0.0,-2.130667200576403e-05,0.0
2011-09-21,-0.11111111111111105,1.88,-0.0016283725681650596,-0.02939044252863232,-0.03589743589743588,0.029125276613505804,0.0,-0.0,4.78585903798566e-05,0.0001809302853516732
2011-09-22,0.0,1.72,-0.04412833200116195,-0.031883121516435575,-0.08510638297872342,0.029082385242571993,0.0,-0.0,0.0014069489715106591,-0.0
2011-09-23,0.0,1.84,-0.01440891718501447,0.006082009597382809,0.06976744186046524,0.02903949387163813,0.0,-0.0,-8.763517260715209e-05,-0.0
2011-09-27,0.0,2.0,0.030489546328043016,0.03427395381236753,0.08695652173913038,0.029401681520852766,1.0,0.030489546328043016,0.0010449973026073864,0.0
2011-09-28,0.0,2.03,-0.03108084608946171,-0.020691134941917988,0.014999999999999902,0.029382624839108917,0.0,-0.0,0.0006430979805460362,-0.0
2011-09-29,0.0,1.99,0.0013486118191017304,0.008114229792425487,-0.01970443349753681,0.029339733468175058,0.0,0.0,1.0942946200972393e-05,0.0
2011-09-30,-0.25,1.92,-0.011447761875396978,-0.024974129488995245,-0.035175879396984966,0.029296842097241246,0.0,-0.0,0.0002858978874353472,0.0028619404688492445
2011-10-03,0.3333333333333335,1.8,-0.010218013136724213,-0.0284510281118181,-0.06249999999999989,0.029253950726307383,0.0,-0.0,0.0002907129789998672,-0.0034060043789080727
2011-10-04,-0.12499999999999989,1.81,-0.01887718204923694,0.022488442948566112,0.005555555555555536,0.029211059355373523,0.0,-0.0,-0.00042451843154396124,0.0023596477561546154
2011-10-06,0.0,2.01,0.05952502642458635,0.036496304384800116,0.11049723756906071,0.029477908247828144,1.0,0.05952502642458635,0.0021724434829049734,0.0
2011-10-07,0.0,2.1,0.0014186502574677906,-0.008163308930517088,0.044776119402985204,0.029458851566084295,0.0,0.0,-1.1580880316067181e-05,0.0
2011-10-11,0.0,2.18,0.016337828899040785,0.0005440035535435594,0.03809523809523818,0.029439794884340467,0.0,0.0,8.887836978264846e-06,0.0
2011-10-12,0.0,2.24,0.005689490059773483,0.009794704112697561,0.02752293577981657,0.029420738202596615,0.0,0.0,5.5726871687615225e-05,0.0
2011-10-13,0.0,2.19,-0.0022449712520633547,-0.002973672247100878,-0.022321428571428714,0.029401681520852766,0.0,-0.0,6.675808707800107e-06,-0.0
2011-10-14,0.0,2.26,0.032130318380104717,0.01738025794738407,0.031963470319634535,0.02957319165654737,1.0,0.032130318380104717,0.0005584332213777954,0.0
2011-10-17,0.0,2.18,-0.039413992248327645,-0.019369883187983272,-0.03539823008849541,0.029554134974803522,0.0,-0.0,0.0007634444258221846,-0.0
2011-10-18,0.0,2.19,0.008986908413748163,0.020418716445174567,0.004587155963302614,0.029535078293059694,0.0,0.0,0.00018350113461907728,0.0
2011-10-19,0.0,2.18,-0.024831327920295743,-0.01264913736003248,-0.004566210045662045,0.02951602161131584,0.0,-0.0,0.0003140948776958305,-0.0
2011-10-20,0.0,2.2,0.012639567804194174,0.0045541787147385104,0.00917431192660545,0.029496964929571993,0.0,0.0,5.756285065735528e-05,0.0
2011-10-21,0.0,2.23,-0.001822199104811184,0.01880876515031682,0.013636363636363447,0.029477908247828144,0.0,-0.0,-3.42733150195111e-05,-0.0
2011-10-24,0.0,2.25,0.017250816281167314,0.012872958939026846,0.008968609865470878,0.029458851566084295,0.0,0.0,0.00022206904965216262,0.0
2011-10-25,0.0,2.14,-0.00475548491529354,-0.02004472508361621,-0.04888888888888887,0.029439794884340467,0.0,-0.0,9.532238776634293e-05,-0.0
2011-10-26,0.1428571428571428,2.23,-0.018121119185148693,0.010536553156824224,0.04205607476635498,0.029420738202596615,0.0,-0.0,-0.00019093413555546648,-0.002588731312164098
2011-10-27,-0.12499999999999989,2.42,0.029106583990026857,0.034291437858544604,0.08520179372197312,0.029401681520852766,0.0,0.0,0.0009981066161685152,-0.003638322998753354
2011-10-28,0.0,2.34,-0.019361153939096876,0.0003892292585989665,-0.03305785123966942,0.029382624839108917,0.0,-0.0,-7.535927593335137e-06,-0.0
2011-10-31,0.2857142857142856,2.17,-0.0031844790451616145,-0.02473750308360323,-0.07264957264957261,0.029355020754200704,0.0,-0.0,7.877606019935531e-05,-0.0009098511557604609
2011-11-01,-0.11111111111111105,2.01,-0.0001825177392479338,-0.027942247001422227,-0.07373271889400923,0.029327416669292523,0.0,-0.0,5.099955752206942e-06,2.0279748805325966e-05
2011-11-02,0.0,2.03,-0.0018258588275068544,0.016104667765514558,0.00995024875621886,0.029299812584384313,0.0,-0.0,-2.9404849803729842e-05,-0.0
2011-11-03,0.125,2.09,0.013627268548277005,0.01878180753005876,0.029556650246305383,0.0292722084994761,0.0,0.0,0.00025594473503416193,0.0017034085685346256
2011-11-04,-0.11111111111111105,2.06,0.010286017962773508,-0.006280017279460592,-0.014354066985645786,0.029244604414567887,0.0,0.0,-6.459637054305967e-05,-0.0011428908847526114
2011-11-07,0.0,2.04,0.023131162897690016,0.006295743615618132,-0.009708737864077666,0.029217000329659674,0.0,0.0,0.00014562787113495495,0.0
2011-11-08,0.0,2.1,0.003840803515914981,0.011735638864999398,0.02941176470588247,0.029189396244751493,0.0,0.0,4.5074283014198186e-05,0.0
2011-11-09,0.0,2.0,-0.02339132557744561,-0.036695142913972245,-0.04761904761904767,0.029161792159843283,0.0,-0.0,0.000858348035011621,-0.0
2011-11-10,0.0,2.04,0.012465511141592778,0.008624176874533207,0.020000000000000018,0.02913418807493507,0.0,0.0,0.00010750477291656047,0.0
2011-11-14,0.0,2.04,-0.0198844095974251,-0.009550141648312915,0.0,0.029106583990026857,0.0,-0.0,0.0001898989282484825,-0.0
2011-11-15,0.125,2.06,0.004468674615492496,0.004817163683512371,0.009803921568627416,0.02909129670400121,0.0,0.0,2.152633707118406e-05,0.000558584326936562
2011-11-16,-0.11111111111111105,2.01,-0.004537789296201744,-0.016616200730203312,-0.024271844660194275,0.029076009417975578,0.0,-0.0,7.54008178170562e-05,0.0005041988106890824
2011-11-17,0.0,1.96,-0.032713587080491546,-0.016799952076269054,-0.02487562189054715,0.02906072213194993,0.0,-0.0,0.0005495866951951124,-0.0
2011-11-18,0.0,2.01,-0.006098721628762238,-0.00039467858438069214,0.025510204081632626,0.02904543484592428,0.0,-0.0,2.4070348189717893e-06,-0.0
2011-11-22,0.0,1.94,0.013666802287740198,-0.022712116807524718,-0.03482587064676612,0.029030147559898634,0.0,0.0,-0.0003104020099445014,0.0
2011-11-23,0.125,1.89,-0.018435312838067652,-0.02209521492281885,-0.02577319587628868,0.029014860273872987,0.0,-0.0,0.00040733219932650636,-0.0023044141047584565
2011-11-25,-0.2222222222222221,1.97,-0.005793264218231231,-0.002685506857766806,0.042328042328042326,0.028999572987847354,0.0,-0.0,1.5557850786915027e-05,0.0012873920484958285
2011-11-28,0.1428571428571428,1.97,0.024436075534159718,0.029240425313361795,0.0,0.028984285701821707,0.0,0.0,0.0007145212416082647,0.003490867933451387
2011-11-29,0.0,2.0,0.01669724490664426,0.002213653490450218,0.015228426395939021,0.028968998415796057,0.0,0.0,3.696191446849519e-05,0.0
2011-12-01,-0.20000000000000007,2.11,-0.016513281321910656,0.041323987876207946,0.05499999999999994,0.02895371112977041,0.0,-0.0,-0.0006823946371430471,0.0033026562643821322
2011-12-02,0.0,2.05,0.008716438170997654,-0.00024098633145541726,-0.028436018957346043,0.028941482460425,0.0,0.0,-2.1005424581866917e-06,0.0
2011-12-05,0.0,2.04,-0.0011825075488950398,0.010287014543699957,-0.004878048780487698,0.02892925379107961,0.0,-0.0,-1.2164472353518262e-05,-0.0
2011-12-06,0.0,2.08,0.009106638942109058,0.0011057487964409862,0.019607843137254832,0.0289170251217342,0.0,0.0,1.0069655049859706e-05,0.0
2011-12-07,0.0,2.02,-0.011551293272252239,0.002018354924337773,-0.028846153846153855,0.028904796452388797,0.0,-0.0,-2.3314609658520093e-05,-0.0
2011-12-08,-0.12499999999999989,1.99,-0.0129644680431944,-0.02114181011508598,-0.014851485148514865,0.028892567783043388,0.0,-0.0,0.0002740923216123163,0.0016205585053992984
2011-12-09,0.0,2.07,0.0047174371783478275,0.01688335256005491,0.04020100502512558,0.02888033911369798,0.0,0.0,7.9646155061957e-05,0.0
2011-12-12,0.0,2.03,-0.012520719719778861,-0.014914054108935981,-0.019323671497584516,0.02886811044435259,0.0,-0.0,0.0001867346913836037,-0.0
2011-12-13,0.0,1.96,0.020883813342876145,-0.00868600976072853,-0.03448275862068961,0.02885588177500718,0.0,0.0,-0.0001813970065374549,0.0
2011-12-14,0.0,1.92,-0.04091327266606026,-0.01134836742295231,-0.020408163265306145,0.028843653105661775,0.0,-0.0,0.0004642988506898835,-0.0
2011-12-15,0.0,1.92,0.0006665368221456802,0.0032431003656709922,0.0,0.028831424436316366,0.0,0.0,2.1616458116338365e-06,0.0
2011-12-16,0.0,1.86,-0.016557216903643313,0.0032161498496299235,-0.03124999999999989,0.028829463886110872,0.0,-0.0,-5.3250490654942464e-05,-0.0
2011-12-19,0.0,1.82,0.0028060079323557474,-0.011732825699560245,-0.021505376344086002,0.02882750333590538,0.0,0.0,-3.292240198191342e-05,0.0
2011-12-20,0.0,1.94,0.029814781797401047,0.029825423296426123,0.06593406593406592,0.0289170251217342,1.0,0.029814781797401047,0.0008892384875980667,0.0
2011-12-21,0.0,1.98,0.009182007839554585,0.0019495059855065833,0.020618556701030855,0.028904796452388797,0.0,0.0,1.7900379242180033e-05,0.0
2011-12-22,0.0,1.97,0.001671156872210311,0.008265549753183832,-0.005050505050505083,0.028892567783043388,0.0,0.0,1.38130302726294e-05,0.0
2011-12-23,0.1428571428571428,2.03,0.000648806147188985,0.009035052675189448,0.030456852791878042,0.02888033911369798,0.0,0.0,5.861997715839197e-06,9.268659245556925e-05
2011-12-27,-0.12499999999999989,2.02,0.012134101238448158,7.9107947907886e-05,-0.004926108374384119,0.02886811044435259,0.0,0.0,9.59903848680172e-07,-0.0015167626548060185
2011-12-28,0.0,1.93,-0.015649301153164874,-0.0124780022540123,-0.044554455445544594,0.02885588177500718,0.0,-0.0,0.00019527201506290857,-0.0
2011-12-29,0.0,1.91,0.004183754070760104,0.01070708742195392,-0.010362694300518172,0.028843653105661775,0.0,0.0,4.479582058758402e-05,0.0
2011-12-30,-0.4285714285714286,1.89,-0.005832838351562009,-0.0042913365279230176,-0.010471204188481686,0.028831424436316366,0.0,-0.0,2.5030672279528327e-05,0.002499787864955147
2012-01-03,0.7500000000000002,1.97,0.044235426722818216,0.015473984880403524,0.042328042328042326,0.028941482460425,1.0,0.044235426722818216,0.0006844983242870871,0.03317657004211367
2012-01-04,0.0,2.0,0.014001602900925336,0.00018792399994027598,0.015228426395939021,0.02892925379107961,0.0,0.0,2.6312372227172608e-06,0.0
2012-01-05,0.0,2.02,-0.00844326394229955,0.002943716919978634,0.010000000000000009,0.0289170251217342,0.0,-0.0,-2.485457892679269e-05,-0.0
2012-01-06,0.0,1.98,0.0028383865610046577,-0.002536961462655807,-0.01980198019801982,0.028904796452388797,0.0,0.0,-7.200877321388962e-06,0.0
2012-01-09,0.1428571428571428,1.98,-0.005395370807746769,0.0022615979258335805,0.0,0.028892567783043388,0.0,-0.0,-1.2202159427903143e-05,-0.0007707672582495381
2012-01-10,0.0,2.0,0.007381074731702464,0.00888576974833133,0.010101010101010166,0.02888033911369798,0.0,0.0,6.558653056113454e-05,0.0
2012-01-11,0.0,1.93,-0.009180799141369822,0.0003095972599744812,-0.03500000000000003,0.02886811044435259,0.0,-0.0,-2.8423502585441664e-06,-0.0
2012-01-12,0.0,1.94,-0.008731252193433958,0.002336608362904613,0.005181347150259086,0.02885588177500718,0.0,-0.0,-2.0401516893807033e-05,-0.0
2012-01-13,0.125,1.89,-0.007370121149379294,-0.004947922948427275,-0.02577319587628868,0.028843653105661775,0.0,-0.0,3.646679156770301e-05,-0.0009212651436724117
2012-01-17,0.0,1.87,0.009869579081808855,0.003552954600872571,-0.01058201058201047,0.028831424436316366,0.0,0.0,3.506616640738846e-05,0.0
2012-01-18,0.0,1.92,-0.007800548074147318,0.011107929092462498,0.026737967914438387,0.028829463886110872,0.0,-0.0,-8.664793488997331e-05,-0.0
2012-01-19,0.11111111111111116,2.01,0.008042647390162472,0.004938656879440728,0.046875,0.02882750333590538,0.0,0.0,3.9719875862341906e-05,0.0008936274877958306
2012-01-20,-0.10000000000000009,2.05,-0.015150178352053567,0.0006694597815233294,0.01990049751243772,0.028825542785699886,0.0,-0.0,-1.0142435089605256e-05,0.001515017835205358
2012-01-23,0.0,2.09,0.006553806815064567,0.00047134296924533636,0.019512195121951237,0.028823582235494395,0.0,0.0,3.089090764072854e-06,0.0
2012-01-24,0.0,2.08,-0.00497380215817067,-0.00102581731454221,-0.004784688995215225,0.0288216216852889,0.0,-0.0,5.102212372958886e-06,-0.0
2012-01-25,-0.11111111111111105,2.01,-0.0019994658106323726,0.008679141952454561,-0.033653846153846256,0.028819661135083406,0.0,-0.0,-1.7353647599557992e-05,0.00022216286784804127
2012-01-26,0.0,1.96,0.008924536733649235,-0.005753890884025226,-0.02487562189054715,0.028817700584877915,0.0,0.0,-5.1350810555892596e-05,0.0
2012-01-27,0.125,1.93,0.006047460631904533,-0.0015928775670267514,-0.015306122448979553,0.02881574003467242,0.0,0.0,-9.632864378038154e-06,0.0007559325789880667
2012-01-30,0.0,1.87,-0.006369990044002849,-0.0025221231757218687,-0.031088082901554293,0.02881377948446693,0.0,-0.0,1.606589951909715e-05,-0.0
2012-01-31,0.22222222222222232,1.83,0.0020767797465788274,-0.0004569466961219515,-0.021390374331550777,0.028811818934261435,0.0,0.0,-9.489776437721789e-07,0.00046150661035085073
2012-02-01,0.0,1.87,0.005226114472125065,0.008899605562620927,0.021857923497267784,0.02880435215767687,0.0,0.0,4.651035742701796e-05,0.0
2012-02-02,0.0,1.86,0.004571550263458901,0.0010951470667548424,-0.005347593582887722,0.02879688538109231,0.0,0.0,5.0065198615493426e-06,0.0
2012-02-03,0.0,1.97,0.022396735460564088,0.014605356896842503,0.05913978494623651,0.028789418604507747,0.0,0.0,0.00032711231472570677,0.0
2012-02-06,0.0,1.93,0.011782147430156487,-0.0004238741534883239,-0.020304568527918843,0.02878195182792318,0.0,0.0,-4.994147768232211e-06,0.0
2012-02-07,0.0,2.0,0.0025877947983099503,0.00202338180532724,0.0362694300518136,0.028774485051338616,0.0,0.0,5.236096910820828e-06,0.0
2012-02-08,0.0,2.01,0.0083454664311573,0.0021602108339675574,0.004999999999999893,0.02876701827475405,0.0,0.0,1.8027966999098568e-05,0.0
2012-02-09,0.0,2.04,0.011860063360430662,0.0014741105602813498,0.014925373134328401,0.028759551498169493,0.0,0.0,1.7483044645216752e-05,0.0
2012-02-10,0.09090909090909083,1.96,-0.010793480216070295,-0.006886302644093845,-0.03921568627450989,0.028752084721584928,0.0,-0.0,7.432717135089947e-05,-0.0009812254741882076
2012-02-13,0.0,1.99,0.005285165454652407,0.006800039312997219,0.015306122448979664,0.028744617945000363,0.0,0.0,3.5939332867331195e-05,0.0
2012-02-14,0.0,1.92,0.0019503379660679165,-0.0009395233752043097,-0.035175879396984966,0.028737151168415798,0.0,0.0,-1.8323881086692374e-06,0.0
2012-02-15,0.0,1.93,0.006516559065691041,-0.0053832058728249255,0.005208333333333259,0.02871157150935419,0.0,0.0,-3.507997903303852e-05,0.0
2012-02-16,-0.08333333333333326,1.99,0.009921805281660534,0.01102570580548079,0.031088082901554515,0.028685991850292608,0.0,0.0,0.00010939490609485452,-0.0008268171068050437
2012-02-17,-0.18181818181818188,2.01,-0.004412611577750636,0.0023489303072772305,0.010050251256281229,0.028660412191231,0.0,-0.0,-1.0364917069220865e-05,0.0008022930141364795
2012-02-21,0.11111111111111116,2.05,0.017394228125145572,0.000719922777789872,0.01990049751243772,0.02863483253216939,0.0,0.0,1.2522501029365518e-05,0.0019326920139050643
2012-02-22,-0.20000000000000007,2.01,0.010192321440441576,-0.0033401068031253534,-0.019512195121951237,0.028609252873107782,0.0,0.0,-3.404344218285931e-05,-0.002038464288088316
2012-02-23,0.0,1.99,0.005858431340633574,0.004272002277298181,-0.00995024875621886,0.028583673214046174,0.0,0.0,2.5027232028581667e-05,0.0
2012-02-24,0.125,1.98,0.014965203308671127,0.0016722378083675604,-0.005025125628140725,0.028558093554984593,0.0,0.0,2.502537878266717e-05,0.0018706504135838908
2012-02-27,0.11111111111111116,1.92,-0.010361066702080368,0.0013545591394890089,-0.030303030303030276,0.028532513895922984,0.0,-0.0,-1.4034677596158207e-05,-0.001151229633564486
2012-02-28,0.0,1.94,-0.021100065682716274,0.0033563334079245166,0.01041666666666674,0.028506934236861375,0.0,-0.0,-7.081885536030225e-05,-0.0
2012-02-29,0.0,1.98,0.009132049218286697,-0.0047369876733168725,0.020618556701030855,0.028481354577799767,0.0,0.0,-4.3258404579147065e-05,0.0
2012-03-01,0.09999999999999987,2.03,0.028860208547558885,0.006158039788692005,0.025252525252525082,0.02871157150935419,1.0,0.028860208547558885,0.0001777223125458167,0.0028860208547558846
2012-03-02,0.0,1.99,-0.020205986402750065,-0.003245756135652589,-0.01970443349753681,0.028685991850292608,0.0,-0.0,6.55837043436388e-05,-0.0
2012-03-05,0.0,2.0,0.0012131138214948045,-0.003869693865664492,0.005025125628140614,0.028660412191231,0.0,0.0,-4.694379113391254e-06,0.0
2012-03-06,0.0,1.96,-0.014701128028755561,-0.015370160722531612,-0.020000000000000018,0.02863483253216939,0.0,-0.0,0.0002259587006044873,-0.0
2012-03-07,0.0,1.98,0.01754385416260762,0.0069006220464606915,0.010204081632652962,0.028609252873107782,0.0,0.0,0.00012106350681438132,0.0
2012-03-08,0.0,2.03,0.010634866787098574,0.009817931917032618,0.025252525252525082,0.028583673214046174,0.0,0.0,0.00010441239806244522,0.0
2012-03-09,0.09090909090909083,2.04,0.004304854153519111,0.0036312500921620305,0.0049261083743843415,0.028558093554984593,0.0,0.0,1.5632002041710373e-05,0.0003913503775926461
2012-03-12,0.0,2.04,-0.0050802270359500135,0.00016046065922270536,0.0,0.028532513895922984,0.0,-0.0,-8.151765791895497e-07,-0.0
2012-03-13,0.0,2.14,0.007020942305121736,0.018131549330308916,0.0490196078431373,0.028506934236861375,0.0,0.0,0.00012730056175056754,0.0
2012-03-14,0.08333333333333348,2.29,-0.009903343272943732,-0.0011962619960680376,0.07009345794392519,0.028481354577799767,0.0,-0.0,1.1846993191438641e-05,-0.0008252786060786459
2012-03-15,0.0769230769230771,2.29,-0.011362712291548505,0.005967198922915307,0.0,0.02846757423804622,0.0,-0.0,-6.780356454752475e-05,-0.0008740547916575792
2012-03-16,0.0714285714285714,2.31,0.018292144484117756,0.0011193985360786751,0.008733624454148492,0.02845379389829269,0.0,0.0,2.0476199757261027e-05,0.0013065817488655534
2012-03-19,0.0,2.39,-0.0007948372630285361,0.00397384638616094,0.03463203463203457,0.028440013558539142,0.0,-0.0,-3.1585611852720003e-06,-0.0
2012-03-20,0.0,2.38,-0.012648129420653409,-0.003000518154814724,-0.004184100418410108,0.028426233218785592,0.0,-0.0,3.795094195111679e-05,-0.0
2012-03-21,0.0,2.31,0.0006444908144538353,-0.0018711970276237277,-0.02941176470588225,0.028412452879032046,0.0,0.0,-1.205969296336812e-06,0.0
2012-03-22,-0.06666666666666654,2.29,-0.008534602130751079,-0.0072065416718331,-0.008658008658008698,0.0283986725392785,0.0,-0.0,6.150496590777321e-05,0.0005689734753834042
2012-03-23,0.0,2.25,0.016160450492391565,0.003108858515779689,-0.017467248908296984,0.028384892199524968,0.0,0.0,5.0240554132107584e-05,0.0
2012-03-26,0.0,2.26,0.004155712330176087,0.013885824750712539,0.004444444444444251,0.02837111185977142,0.0,0.0,5.770549313120038e-05,0.0
2012-03-27,0.0,2.2,-0.0008754525190268758,-0.0028167751776319028,-0.0265486725663715,0.028357331520017872,0.0,-0.0,2.4659529247902247e-06,-0.0
2012-03-28,-0.07142857142857151,2.21,-0.010992490388354703,-0.00494150905632218,0.004545454545454408,0.028343551180264326,0.0,-0.0,5.431949080558928e-05,0.0007851778848824796
2012-03-29,0.0,2.18,-0.01425583295952415,-0.001607929836799582,-0.013574660633484115,0.028337638535750574,0.0,-0.0,2.292237916404977e-05,-0.0
2012-03-30,-0.3076923076923077,2.23,0.004003577630632638,0.0036984360198231148,0.022935779816513735,0.02833172589123683,0.0,0.0,1.4806975717289828e-05,-0.0012318700401946579
2012-04-02,0.6666666666666667,2.22,0.020751978424111472,0.007504645877610239,-0.004484304932735328,0.028325813246723078,0.0,0.0,0.0001557362493327648,0.013834652282740983
2012-04-03,0.0,2.3,-0.004544364932132616,-0.003988635996082901,0.03603603603603589,0.028319900602209326,0.0,-0.0,1.812581754764098e-05,-0.0
2012-04-04,0.0,2.25,-0.02018263863641223,-0.010202524371008104,-0.021739130434782483,0.028313987957695574,0.0,-0.0,0.00020591386255924555,-0.0
2012-04-05,0.0,2.19,0.008909628902347588,-0.0006290422223540482,-0.026666666666666727,0.028308075313181823,0.0,0.0,-5.604532765082585e-06,0.0
2012-04-09,0.3333333333333335,2.06,-0.006157353433941415,-0.011358438273891824,-0.05936073059360725,0.028302162668668078,0.0,-0.0,6.993791890995943e-05,-0.002052451144647139
2012-04-10,-0.0625,2.01,-0.022743954978175385,-0.017081454337735447,-0.024271844660194275,0.028296250024154326,0.0,-0.0,0.00038849982841921365,0.0014214971861359615
2012-04-11,0.06666666666666665,2.05,0.002502528016609995,0.007448895819775148,0.01990049751243772,0.02829033737964058,0.0,0.0,1.8641070481796384e-05,0.00016683520110733296
2012-04-12,-0.0625,2.08,0.012730893454915293,0.013779387810288313,0.014634146341463428,0.028284424735126823,0.0,0.0,0.00017542391808673906,-0.0007956808409322058
2012-04-13,0.0,2.02,0.000985972783540623,-0.012475001040294531,-0.028846153846153855,0.028266199678308807,0.0,0.0,-1.2300011500371365e-05,0.0
2012-04-16,0.0,2.0,-0.02585571270241882,-0.000503600390907244,-0.00990099009900991,0.02824797462149075,0.0,-0.0,1.3020947024123511e-05,-0.0
2012-04-17,0.06666666666666665,2.03,0.0008425890955843229,0.015486673802446171,0.014999999999999902,0.02822974956467273,0.0,0.0,1.3048902472812546e-05,5.617260637228818e-05
2012-04-18,-0.0625,2.0,-0.006819309369574866,-0.004055288780130728,-0.01477832512315258,0.028211524507854715,0.0,-0.0,2.7654268774677302e-05,0.00042620683559842915
2012-04-19,-0.1333333333333333,1.98,0.0002542915909677923,-0.005934396967956612,-0.010000000000000009,0.028193299451036657,0.0,0.0,-1.5090672464161298e-06,-3.39055454623723e-05
2012-04-20,-0.07692307692307698,1.99,0.0064406960697498405,0.0011692656800530443,0.005050505050504972,0.02817507439421864,0.0,0.0,7.530884870011017e-06,-0.0004954381592115266
2012-04-23,0.08333333333333348,1.96,-0.0004210428667764665,-0.008407570124922548,-0.015075376884422176,0.028156849337400584,0.0,-0.0,3.539947428021564e-06,-3.508690556470561e-05
2012-04-24,0.0769230769230771,2.0,-0.004633101058082789,0.003679773444691614,0.020408163265306145,0.028138624280582565,0.0,-0.0,-1.7048762240105666e-05,-0.00035639238908329225
2012-04-25,0.0714285714285714,2.01,0.008124568844952496,0.013644592157896263,0.004999999999999893,0.02812039922376455,0.0,0.0,0.00011085642834812712,0.0005803263460680352
2012-04-26,-0.06666666666666654,1.98,0.0067158781389990985,0.006680165568110796,-0.01492537313432829,0.028102174166946492,0.0,0.0,4.486317790376979e-05,-0.0004477252092666057
2012-04-27,-0.07142857142857151,1.96,-0.0007504698070778248,0.002414323726029899,-0.010101010101010055,0.028084611513621287,0.0,-0.0,-1.8118770608970735e-06,5.360498621984469e-05
2012-04-30,0.23076923076923084,1.95,-0.00300426107694729,-0.0038835019016946193,-0.005102040816326481,0.028067048860296043,0.0,-0.0,1.1667053605511926e-05,-0.0006932910177570672
2012-05-01,0.0,1.98,0.0015903778309607208,0.005658384242170911,0.01538461538461533,0.028049486206970838,0.0,0.0,8.998968857806096e-06,0.0
2012-05-02,-0.0625,1.96,-0.012201292572160405,-0.002496683664631072,-0.010101010101010055,0.028031923553645633,0.0,-0.0,3.0462767852297317e-05,0.0007625807857600253
2012-05-03,0.0,1.96,-0.017935661352984744,-0.0076588713308223255,0.0,0.02801436090032039,0.0,-0.0,0.00013736692253571282,-0.0
2012-05-04,0.06666666666666665,1.91,-0.024982783254083984,-0.016147208958519288,-0.025510204081632626,0.027996798246995185,0.0,-0.0,0.0004034022215690906,-0.0016655188836055986
2012-05-07,0.0,1.92,-0.00017668000541160023,0.00035058102206497743,0.005235602094240788,0.02797923559366994,0.0,-0.0,-6.194065687564455e-08,-0.0
2012-05-08,0.0,1.88,-0.003799931877518703,-0.004278673417828949,-0.02083333333333337,0.027961672940344736,0.0,-0.0,1.6258667513900124e-05,-0.0
2012-05-09,-0.0625,1.87,0.004169196995590152,-0.006702266480503982,-0.005319148936170137,0.02794411028701953,0.0,0.0,-2.7943069274161785e-05,-0.0002605748122243845
2012-05-10,0.0,1.89,-0.004151886960946483,0.002517410777005402,0.010695187165775222,0.027926547633694287,0.0,-0.0,-1.0452004980394883e-05,-0.0
2012-05-11,0.0,1.84,-0.004169264674063533,-0.0033873413051768164,-0.026455026455026398,0.02791278648883823,0.0,-0.0,1.4122722442669962e-05,-0.0
2012-05-14,0.06666666666666665,1.78,-0.006146467381756504,-0.01111286391927968,-0.03260869565217395,0.027899025343982135,0.0,-0.0,6.83048555977513e-05,-0.0004097644921171002
2012-05-15,0.0,1.76,0.006005182134784848,-0.005745837446504476,-0.011235955056179803,0.027885264199126077,0.0,0.0,-3.450480038312647e-05,0.0
2012-05-16,0.0,1.76,-0.004722013447827744,-0.004403818556987793,0.0,0.027871503054270014,0.0,-0.0,2.079489044788973e-05,-0.0
2012-05-17,0.0,1.7,-0.03777639652035136,-0.015051375861739213,-0.03409090909090917,0.027857741909413924,0.0,-0.0,0.0005685867427299057,-0.0
2012-05-18,0.0,1.71,-0.003256102717246967,-0.007387777046316768,0.00588235294117645,0.027843980764557866,0.0,-0.0,2.40553609149268e-05,-0.0
2012-05-21,0.0,1.75,0.01558706532069154,0.016035901237667627,0.023391812865497075,0.027830219619701772,0.0,0.0,0.0002499526400676836,0.0
2012-05-22,0.0,1.79,-0.003676076697538555,0.0004863370186602989,0.02285714285714291,0.027816458474845714,0.0,-0.0,-1.7878121814474982e-06,-0.0
2012-05-23,-0.0625,1.73,-0.02628914313478381,0.0016937032123527374,-0.033519553072625774,0.02780269732998965,0.0,-0.0,-4.4526006177384254e-05,0.0016430714459239881
2012-05-24,0.0,1.77,0.009378604737221075,0.001380031526917458,0.023121387283236983,0.02778893618513356,0.0,0.0,1.2942770215862503e-05,0.0
2012-05-25,0.0,1.75,0.0026278627055587034,-0.002165632329979128,-0.011299435028248594,0.02774126151744831,0.0,0.0,-5.69098443390435e-06,0.0
2012-05-29,0.06666666666666665,1.74,-0.0014041142310952104,0.011078977592776207,-0.005714285714285672,0.027693586849762954,0.0,-0.0,-1.5556150104002027e-05,-9.360761540634734e-05
2012-05-30,0.0,1.63,-0.030089980083332635,-0.014334892170861036,-0.06321839080459779,0.027645912182077702,0.0,-0.0,0.0004313366199179295,-0.0
2012-05-31,0.0,1.59,-0.015463404419105653,-0.0022766655169013106,-0.024539877300613355,0.027598237514392453,0.0,-0.0,3.5204999614877184e-05,-0.0
2012-06-01,0.0,1.47,-0.033768551572181726,-0.024642584749729912,-0.07547169811320764,0.027550562846707094,0.0,-0.0,0.0008321443939931135,-0.0
2012-06-04,0.0625,1.53,0.004266973154964271,0.00010955419561042845,0.04081632653061229,0.027502888179021842,0.0,0.0,4.6746481168340277e-07,0.00026668582218526693
2012-06-05,0.0,1.57,-0.00010118499124800451,0.005726850663809513,0.026143790849673332,0.027455213511336486,0.0,-0.0,-5.794713342961944e-07,-0.0
2012-06-06,-0.05882352941176472,1.66,0.01821128205634892,0.023049400920118535,0.0573248407643312,0.027407538843651234,0.0,0.0,0.00041975914138614695,-0.0010712518856675838
2012-06-07,0.0,1.66,-0.0070548399123469,-0.00010646449242102118,0.0,0.027359864175965986,0.0,-0.0,7.510899503795743e-07,-0.0
2012-06-08,0.0625,1.65,-0.004603213079834578,0.008114163624478143,-0.0060240963855421326,0.027312189508280627,0.0,-0.0,-3.735122412811574e-05,-0.00028770081748966114
2012-06-11,0.0,1.6,-0.014778337213865123,-0.012620113782869202,-0.030303030303030165,0.02729819898923619,0.0,-0.0,0.0001865042971605881,-0.0
2012-06-12,-0.05882352941176472,1.67,-0.008775516432158792,0.011650737147309576,0.043749999999999956,0.027284208470191723,0.0,-0.0,-0.00010224123528297802,0.0005162068489505173
2012-06-13,0.0625,1.61,-0.00010296619614280633,-0.007023250955987548,-0.0359281437125748,0.027270217951147285,0.0,-0.0,7.231574354943659e-07,-6.435387258925396e-06
2012-06-14,0.0,1.64,-0.0010295323478718421,0.010814652782245693,0.01863354037267073,0.02725622743210285,0.0,-0.0,-1.1134034870324158e-05,-0.0
2012-06-15,0.0588235294117645,1.6,0.005977551668056247,0.010337815429059649,-0.024390243902438935,0.027242236913058382,0.0,0.0,6.179482586203311e-05,0.00035162068635624855
2012-06-18,-0.05555555555555547,1.59,-0.015981943948766952,0.0014447466011910937,-0.006249999999999978,0.027228246394013944,0.0,-0.0,-2.308985920040762e-05,0.000887885774931496
2012-06-19,0.0,1.64,-0.003019270237514471,0.009815695418065262,0.03144654088050314,0.02721425587496948,0.0,-0.0,-2.9636237036271608e-05,-0.0
2012-06-20,-0.05882352941176472,1.65,-0.03205931105198556,-0.0016863570122068738,0.0060975609756097615,0.02720026535592504,0.0,-0.0,5.406344399903718e-05,0.0018858418265873865
2012-06-21,0.0625,1.63,-0.03732871931533166,-0.022261677039013494,-0.012121212121212088,0.027186274836880606,0.0,-0.0,0.0008309998936778983,-0.0023330449572082287
2012-06-22,0.0,1.69,0.019612237298700208,0.007174604262178752,0.036809815950920255,0.027172284317836137,0.0,0.0,0.0001407100413141156,0.0
2012-06-25,0.0,1.63,0.00032972937118036505,-0.015954853497705423,-0.03550295857988173,0.02716401026744478,0.0,0.0,-5.260783811073257e-06,0.0
2012-06-26,-0.05882352941176472,1.66,0.022085424235319007,0.004772721486371312,0.01840490797546024,0.027155736217053403,0.0,0.0,0.00010540757878353273,-0.0012991426020775888
2012-06-27,-0.0625,1.65,0.005160216880844004,0.008984905521485453,-0.0060240963855421326,0.027147462166662042,0.0,0.0,4.636406114475774e-05,-0.00032251355505275026
2012-06-28,0.0,1.6,-0.022887694006935133,-0.002109799583246086,-0.030303030303030165,0.027139188116270686,0.0,-0.0,4.828844727729568e-05,-0.0
2012-06-29,-0.4,1.67,0.07049039402782764,0.02492023877666627,0.043749999999999956,0.027242236913058382,1.0,0.07049039402782764,0.001756637450634755,-0.02819615761113106
2012-07-02,1.0,1.61,-0.004703544984796637,0.0024593113157624913,-0.0359281437125748,0.027228246394013944,0.0,-0.0,-1.1567481405308284e-05,-0.004703544984796637
2012-07-03,-0.05555555555555547,1.65,0.03431276035486164,0.0062321108631679945,0.024844720496894235,0.027455213511336486,1.0,0.03431276035486164,0.00021384092655281331,-0.0019062644641589768
2012-07-05,0.0,1.62,0.00019861584233016316,-0.0046870230309741245,-0.018181818181818077,0.027407538843651234,0.0,0.0,-9.309170273178002e-07,0.0
2012-07-06,0.0,1.57,-0.024925467556131342,-0.00943264946713962,-0.030864197530864224,0.027359864175965986,0.0,-0.0,0.0002351131982615482,-0.0
2012-07-09,0.0,1.53,0.021692608213234488,-0.0016388318166757898,-0.02547770700636942,0.027312189508280627,0.0,0.0,-3.5550536526531235e-05,0.0
2012-07-10,0.0,1.53,-0.023425024733551125,-0.008125926498228409,0.0,0.02729819898923619,0.0,-0.0,0.00019035002920401894,-0.0
2012-07-11,0.0,1.54,0.023068307727579063,-1.4923577632885987e-05,0.006535947712418277,0.027284208470191723,0.0,0.0,-3.442616812318299e-07,0.0
2012-07-12,0.0588235294117645,1.5,0.008380687516284624,-0.004987097282612596,-0.025974025974025983,0.027270217951147285,0.0,0.0,-4.1795303938888355e-05,0.0004929816186049761
2012-07-13,0.05555555555555558,1.52,0.01315921475285009,0.01649736234989274,0.01333333333333342,0.02725622743210285,0.0,0.0,0.0002170923340178222,0.0007310674862694498
2012-07-16,-0.052631578947368474,1.5,0.011230483483813947,-0.002314313728559836,-0.013157894736842146,0.027242236913058382,0.0,0.0,-2.599086210495511e-05,-0.0005910780780954715
2012-07-17,-0.05555555555555547,1.53,0.00434569710265742,0.007409672577889825,0.020000000000000018,0.027228246394013944,0.0,0.0,3.220019265337595e-05,-0.00024142761681430073
2012-07-18,-0.05882352941176472,1.52,0.011153881366436247,0.006680490923747229,-0.006535947712418277,0.02721425587496948,0.0,0.0,7.451340323303069e-05,-0.000656110668613897
2012-07-19,-0.1875,1.54,0.025104595832185828,0.002717099891568653,0.013157894736842035,0.02720026535592504,0.0,0.0,6.821169461350696e-05,-0.004707111718534843
2012-07-20,0.0,1.49,-0.008998155781474337,-0.010061659913606968,-0.032467532467532534,0.027186274836880606,0.0,-0.0,9.053638332285112e-05,-0.0
2012-07-23,0.0769230769230771,1.47,-0.03341757590222605,-0.00890905606969361,-0.01342281879194629,0.027172284317836137,0.0,-0.0,0.0002977190574261739,-0.002570582761709702
2012-07-24,0.0714285714285714,1.44,0.0015494482801168274,-0.009040932945028057,-0.020408163265306145,0.02716401026744478,0.0,0.0,-1.4008458002325287e-05,0.00011067487715120191
2012-07-25,0.0,1.43,0.009282528538672175,-0.000313861457302278,-0.00694444444444442,0.027155736217053403,0.0,0.0,-2.9134279345976337e-06,0.0
2012-07-26,-0.06666666666666654,1.45,0.008430780858098563,0.016540974699349675,0.013986013986013957,0.027147462166662042,0.0,0.0,0.00013945333286956987,-0.0005620520572065698
2012-07-27,0.0,1.58,0.011495335929279538,0.01908056557933535,0.08965517241379328,0.027139188116270686,0.0,0.0,0.0002193375110551081,0.0
2012-07-30,0.0,1.53,-0.002535965712081145,-0.0004833595887074882,-0.03164556962025322,0.027130914065879308,0.0,-0.0,1.2257833435678348e-06,-0.0
2012-07-31,-0.07142857142857151,1.51,-0.012052719548765078,-0.0043168283608459035,-0.013071895424836666,0.02712264001548795,0.0,-0.0,5.202952157343093e-05,0.0008609085391975066
2012-08-01,0.0769230769230771,1.56,0.009912323043055116,-0.0028999798130677767,0.0331125827814569,0.027114365965096573,0.0,0.0,-2.8745536725466392e-05,0.0007624863879273182
2012-08-02,0.0,1.51,-0.000566228379691891,-0.0075036694675360005,-0.03205128205128205,0.027106091914705213,0.0,-0.0,4.248790604346424e-06,-0.0
2012-08-03,0.0,1.6,0.02870633495490993,0.01904028588598905,0.0596026490066226,0.027186274836880606,1.0,0.02870633495490993,0.0005465768242804457,0.0
2012-08-06,0.0,1.59,0.005599417997807166,0.0023292692665812798,-0.006249999999999978,0.027172284317836137,0.0,0.0,1.3042552253034315e-05,0.0
2012-08-07,-0.07142857142857151,1.66,0.02236418877217794,0.005106758007594747,0.04402515723270439,0.02716401026744478,0.0,0.0,0.00011420850009568023,-0.0015974420551555688
2012-08-08,0.0,1.68,0.0012499945504325094,0.0006208264404641284,0.012048192771084265,0.027155736217053403,0.0,0.0,7.760296673445732e-07,0.0
2012-08-09,0.0,1.69,0.009630835000293159,0.0004136855394443195,0.005952380952380931,0.027147462166662042,0.0,0.0,3.984137172395509e-06,0.0
2012-08-10,0.0,1.65,-0.00238477538906412,0.002188441817939202,-0.023668639053254448,0.027139188116270686,0.0,-0.0,-5.21894218782015e-06,-0.0
2012-08-13,0.0,1.65,0.005754772407623454,-0.0012519007957618733,0.0,0.027130914065879308,0.0,0.0,-7.204404156532274e-06,0.0
2012-08-14,0.0,1.73,0.0037852140048553196,-0.00012814640056846294,0.048484848484848575,0.02712264001548795,0.0,0.0,-4.850615501035456e-07,0.0
2012-08-15,0.0,1.8,0.019468571818543223,0.0011396405267545262,0.040462427745664886,0.027114365965096573,0.0,0.0,2.2187173442442923e-05,0.0
2012-08-16,0.0,1.83,0.005591410975302358,0.007100510313353237,0.016666666666666607,0.027106091914705213,0.0,0.0,3.970187129633087e-05,0.0
2012-08-17,0.0,1.81,-0.02728830111007363,0.0018721339981915275,-0.010928961748633892,0.027097817864313856,0.0,-0.0,-5.108735626105644e-05,-0.0
2012-08-20,0.0,1.82,-8.796180029024825e-05,-2.1174829462955458e-05,0.005524861878453136,0.02708954381392248,0.0,-0.0,1.8625761204005526e-09,-0.0
2012-08-21,0.0,1.8,0.008267391966898296,-0.003497536135912971,-0.01098901098901095,0.027059285418107166,0.0,0.0,-2.8915502153983404e-05,0.0
2012-08-22,0.0,1.71,0.0023552361645016173,0.0002264032488046297,-0.050000000000000044,0.027029027022291784,0.0,0.0,5.332331193453215e-07,0.0
2012-08-23,0.0,1.68,0.000870232973058993,-0.008072242646582573,-0.01754385964912286,0.026998768626476467,0.0,0.0,-7.024731717589147e-06,0.0
2012-08-24,0.0,1.68,-0.012346802642937416,0.006454730908207917,0.0,0.026968510230661154,0.0,-0.0,-7.969528863691134e-05,-0.0
2012-08-27,0.0,1.65,-0.011708726512358436,-0.0004890148137838279,-0.017857142857142905,0.026938251834845772,0.0,-0.0,5.72574071508673e-06,-0.0
2012-08-28,0.0,1.64,0.00285052279293474,-0.0008081822874276279,-0.0060606060606061,0.02690799343903046,0.0,0.0,-2.3037420311585885e-06,0.0
2012-08-29,0.0,1.66,-0.0003553110221775624,0.0008443492265819419,0.012195121951219523,0.026877735043215077,0.0,-0.0,-3.00006586771664e-07,-0.0
2012-08-30,0.0769230769230771,1.63,0.0009774356624905334,-0.00780580496271055,-0.01807228915662651,0.02684747664739976,0.0,0.0,-7.629672144998879e-06,7.518735865311812e-05
2012-08-31,-0.07142857142857151,1.57,0.01704392492621709,0.0050732955705157234,-0.036809815950920144,0.026817218251584448,0.0,0.0,8.64688688323797e-05,-0.0012174232090155078
2012-09-04,0.0769230769230771,1.59,-0.0034040271509755415,-0.0011659590635981765,0.01273885350318471,0.026786959855769066,0.0,-0.0,3.968956309414211e-06,-0.00026184824238273456
2012-09-05,0.1428571428571428,1.6,-0.00954636507594886,-0.0010676612969652277,0.0062893081761006275,0.026784568920211773,0.0,-0.0,1.0192284518291114e-05,-0.001363766439421265
2012-09-06,0.0,1.68,0.003537019531628438,0.020435540463669577,0.04999999999999982,0.026782177984654473,0.0,0.0,7.228090575938256e-05,0.0
2012-09-07,-0.0625,1.67,0.006696644202449864,0.0040499740579702515,-0.005952380952380931,0.026779787049097184,0.0,0.0,2.7121235295378833e-05,-0.0004185402626531165
2012-09-10,0.0,1.68,0.004901510359682781,-0.006147829935223559,0.0059880239520957446,0.02677739611353989,0.0,0.0,-3.0133652117066195e-05,0.0
2012-09-11,0.0,1.7,0.005138959845235158,0.0031349558295050706,0.011904761904761862,0.02677500517798259,0.0,0.0,1.6110412124412433e-05,0.0
2012-09-12,0.0,1.77,0.0048526650882942945,0.002092692232889659,0.04117647058823537,0.0267726142424253,0.0,0.0,1.0155134539088282e-05,0.0
2012-09-13,0.0,1.75,0.008106264650118655,0.01630974737217783,-0.011299435028248594,0.026770223306868,0.0,0.0,0.00013221112857545077,0.0
2012-09-18,0.0,1.82,-0.041659561018088875,-0.0004589373555944354,0.040000000000000036,0.02676783237131071,0.0,-0.0,1.9119128768866732e-05,-0.0
2012-09-19,-0.0625,1.79,-0.034276500756333594,0.001185553958514829,-0.016483516483516536,0.026765441435753417,0.0,-0.0,-4.063664115570782e-05,0.0021422812972708496
2012-09-20,0.06666666666666665,1.8,0.017007082876138613,-0.0005407337436069692,0.005586592178770999,0.026763050500196117,0.0,0.0,-9.196303591448415e-06,0.0011338055250759073
2012-09-21,-0.0625,1.77,0.012632912888025816,-7.531901909729743e-05,-0.01666666666666672,0.026762258818322195,0.0,0.0,-9.514986070677113e-07,-0.0007895570555016135
2012-09-24,0.06666666666666665,1.74,-0.0144498351894633,-0.002232653981520283,-0.016949152542372947,0.02676146713644827,0.0,-0.0,3.226148206806713e-05,-0.0009633223459642198
2012-09-25,-0.0625,1.7,0.00582824336469856,-0.0105018557847808,-0.02298850574712641,0.026760675454574345,0.0,0.0,-6.120737129466988e-05,-0.00036426521029366
2012-09-26,0.0,1.64,-0.0037120511004357093,-0.0057367349435899495,-0.03529411764705881,0.026759883772700423,0.0,-0.0,2.1295053260261058e-05,-0.0
2012-09-27,-0.06666666666666654,1.66,0.01790259182399856,0.009648981834660786,0.012195121951219523,0.026759092090826497,0.0,0.0,0.0001727417833031088,-0.0011935061215999018
2012-09-28,-0.3571428571428572,1.65,0.0033925296506627234,-0.004477753072888002,-0.0060240963855421326,0.026758300408952575,0.0,0.0,-1.519091006811867e-05,-0.0012116177323795443
2012-10-01,0.6666666666666667,1.64,-0.001779490607067391,0.002651506710448004,-0.0060606060606061,0.02675750872707865,0.0,-0.0,-4.71833128581838e-06,-0.0011863270713782608
2012-10-02,0.06666666666666665,1.64,-0.005526363607183615,0.0008722869484341089,0.0,0.026756717045204725,0.0,-0.0,-4.82057484684751e-06,-0.00036842424047890763
2012-10-03,0.0,1.64,-0.03047415555417121,0.0036244096381636837,0.0,0.026755925363330803,0.0,-0.0,-0.00011045082310543749,-0.0
2012-10-04,-0.0625,1.7,0.04076919420134972,0.007174435557619541,0.03658536585365857,0.026763050500196117,1.0,0.04076919420134972,0.0002924959565336598,-0.0025480746375843577
2012-10-05,0.0,1.75,-0.004974286541837736,-0.00032158936312698394,0.02941176470588247,0.026762258818322195,0.0,-0.0,1.5996776410007249e-06,-0.0
2012-10-09,0.06666666666666665,1.74,0.023967092760597053,-0.00989094181235195,-0.005714285714285672,0.02676146713644827,0.0,0.0,-0.00023705711990630712,0.0015978061840398032
2012-10-10,0.0,1.72,-0.0014847001654612058,-0.006188030354815854,-0.011494252873563204,0.026760675454574345,0.0,-0.0,9.187369691674063e-06,-0.0
2012-10-11,0.0,1.7,0.01207029853333852,0.00019538952303133073,-0.011627906976744207,0.026759883772700423,0.0,0.0,2.358409873274784e-06,0.0
2012-10-12,0.0,1.69,-0.009420070404588698,-0.0029661372528556607,-0.00588235294117645,0.026759092090826497,0.0,-0.0,2.7941221751573635e-05,-0.0
2012-10-15,0.0,1.7,0.010294889870005486,0.008077922524027725,0.00591715976331364,0.026758300408952575,0.0,0.0,8.316132276330217e-05,0.0
2012-10-16,0.0,1.75,-0.006304001189078701,0.010269933278491461,0.02941176470588247,0.02675750872707865,0.0,-0.0,-6.474167159936909e-05,-0.0
2012-10-19,0.06666666666666665,1.79,-0.04284348933910298,-0.014935599127589794,0.02285714285714291,0.026756717045204725,0.0,-0.0,0.0006398931819960091,-0.0028562326226068647
2012-10-22,-0.0625,1.83,-0.006355519812250687,0.00043958226653084687,0.022346368715083775,0.026755925363330803,0.0,-0.0,-2.7937738040508593e-06,0.00039721998826566796
2012-10-23,0.0,1.79,-0.010873560077297784,-0.01444390628760639,-0.021857923497267784,0.026755133681456877,0.0,-0.0,0.00015705668276914727,-0.0
2012-10-24,0.13333333333333353,1.8,-0.0036951642113525196,-0.0030853828766044256,0.005586592178770999,0.026711945034284774,0.0,-0.0,1.140099638394856e-05,-0.00049268856151367
2012-10-25,-0.05882352941176472,1.86,0.005934162250377906,0.002995542646406335,0.03333333333333344,0.026668756387112573,0.0,0.0,1.7776036091701605e-05,-0.00034906836766928864
2012-10-26,0.0,1.78,0.009770533771411127,-0.0007289817322603254,-0.043010752688172116,0.026625567739940466,0.0,0.0,-7.122540633791293e-06,0.0
2012-10-31,0.0588235294117645,1.72,-0.007759069647072736,0.00015587969925845435,-0.03370786516853941,0.026582379092768362,0.0,-0.0,-1.2094814431110997e-06,-0.0004564158615925123
2012-11-01,-0.05555555555555547,1.75,-0.004875793874669854,0.010926475234507071,0.01744186046511631,0.02653919044559616,0.0,-0.0,-5.3275241020141434e-05,0.0002708774374816581
2012-11-02,-0.05882352941176472,1.75,-0.023019302079311577,-0.009379454163327194,0.0,0.026496001798424058,0.0,-0.0,0.00021590848872468532,0.0013540765929006813
2012-11-05,0.0625,1.72,0.019398212015877547,0.002163809008205897,-0.017142857142857126,0.026452813151251857,0.0,0.0,4.197402590304371e-05,0.0012123882509923467
2012-11-06,-0.05882352941176472,1.78,0.031003399552717692,0.007853184882181896,0.03488372093023262,0.026756717045204725,1.0,0.031003399552717692,0.00024347542866364754,-0.0018237293854539824
2012-11-07,0.0,1.68,-0.03826415784349779,-0.023705000038029778,-0.0561797752808989,0.026755925363330803,0.0,-0.0,0.0009070518631352926,-0.0
2012-11-08,0.0,1.62,0.004025466264784283,-0.01220484261628385,-0.03571428571428559,0.026755133681456877,0.0,0.0,-4.913018221885219e-05,0.0
2012-11-09,0.0,1.61,0.020046634273929165,0.001698692425988746,-0.006172839506172867,0.026711945034284774,0.0,0.0,3.405306580768988e-05,0.0
2012-11-13,0.0,1.59,-0.0074264010347493414,-0.0039854205221913075,-0.012422360248447228,0.026668756387112573,0.0,-0.0,2.9597331089912788e-05,-0.0
2012-11-14,0.0,1.59,0.012469965337912114,-0.013852035718884714,0.0,0.026625567739940466,0.0,0.0,-0.0001727344052740129,0.0
2012-11-15,0.0,1.58,0.012498884581272796,-0.0015935449138314572,-0.0062893081761006275,0.026582379092768362,0.0,0.0,-1.9917533953053687e-05,0.0
2012-11-19,0.0,1.61,-0.001261551764354163,0.024798134736916833,0.018987341772152,0.02653919044559616,0.0,-0.0,-3.1284130630049686e-05,-0.0
2012-11-20,0.0,1.66,-0.009112184592256933,0.0006633863793055195,0.03105590062111796,0.026496001798424058,0.0,-0.0,-6.044899144220868e-06,-0.0
2012-11-21,0.0,1.69,0.009378118566193416,0.002320181125065268,0.01807228915662651,0.026452813151251857,0.0,0.0,2.175893368590612e-05,0.0
2012-11-23,0.0,1.7,0.004690570451050924,0.013026314842639719,0.00591715976331364,0.02640962450407975,0.0,0.0,6.110084748697192e-05,0.0
2012-11-26,0.0,1.66,-0.004129997268953467,-0.0020295818770267315,-0.02352941176470591,0.026366435856907646,0.0,-0.0,8.382167609237853e-06,-0.0
2012-11-27,0.0,1.64,-0.009466240891601974,-0.0052265872985560735,-0.012048192771084376,0.026323247209735445,0.0,-0.0,4.9476134409119e-05,-0.0
2012-11-28,0.0,1.63,-0.003276605091035778,0.007856028682432292,-0.0060975609756097615,0.02632132883990113,0.0,-0.0,-2.5741103576180743e-05,-0.0
2012-11-29,0.0,1.62,0.011414482472980048,0.004269642628790704,-0.006134969325153228,0.026319410470066806,0.0,0.0,4.873576095221995e-05,0.0
2012-11-30,0.0,1.62,0.004243420112298724,0.00016250753698754394,0.0,0.026317492100232487,0.0,0.0,6.895877508530727e-07,0.0
2012-12-03,0.0,1.63,-0.0027870644487304475,-0.004745224843287543,0.006172839506172645,0.02631557373039817,0.0,-0.0,1.322524746195922e-05,-0.0
2012-12-04,0.0625,1.62,-0.00973676387381206,-0.0017098123935156417,-0.006134969325153228,0.026313655360563848,0.0,-0.0,1.664803954417923e-05,-0.0006085477421132537
2012-12-05,-0.05882352941176472,1.6,-0.009377265237048849,0.0015848622233496368,-0.012345679012345734,0.026311736990729532,0.0,-0.0,-1.4861673432528497e-05,0.0005516038374734618
2012-12-06,0.0,1.59,-0.01635877970071964,0.0033065906083264984,-0.006249999999999978,0.02630981862089521,0.0,-0.0,-5.4091787322081724e-05,-0.0
2012-12-07,0.0,1.64,-9.345170834851313e-05,0.0029209195962771606,0.03144654088050314,0.02630790025106089,0.0,-0.0,-2.729649262207499e-07,-0.0
2012-12-10,0.0,1.63,0.0028967033985454194,0.0003385605486661003,-0.0060975609756097615,0.026305981881226573,0.0,0.0,9.807094919344946e-07,0.0
2012-12-11,0.0625,1.66,0.006335603219742358,0.0065488820784729285,0.01840490797546024,0.02630406351139225,0.0,0.0,4.1491118382086116e-05,0.0003959752012338974
2012-12-12,0.0,1.72,0.013794998928805091,0.0004482397633895907,0.03614457831325302,0.026290856477436265,0.0,0.0,6.183467055807251e-06,0.0
2012-12-13,-0.05882352941176472,1.74,-0.01452051450128422,-0.0063214251654488685,0.011627906976744207,0.02627764944348025,0.0,-0.0,9.17903457836833e-05,0.0008541479118402485
2012-12-14,0.0625,1.72,0.011491037176240448,-0.004135401260425775,-0.011494252873563204,0.026264442409524264,0.0,0.0,-4.752004962222419e-05,0.000718189823515028
2012-12-19,0.0,1.82,0.011085653390355388,0.01572610197523372,0.058139534883721034,0.02625123537556828,0.0,0.0,0.00017433411567882424,0.0
2012-12-20,0.0,1.81,-0.0014498338276953682,0.00548810949285139,-0.005494505494505475,0.026238028341612263,0.0,-0.0,-7.956846792832016e-06,-0.0
2012-12-21,0.0,1.77,-0.011161486039938384,-0.009378687628036508,-0.02209944751381221,0.026224821307656278,0.0,-0.0,0.00010468009103327233,-0.0
2012-12-24,0.0588235294117645,1.79,-0.0015600455817285086,-0.002440296594621194,0.011299435028248705,0.02621161427370026,0.0,-0.0,3.806973920545919e-06,-9.176738716050018e-05
2012-12-26,-0.05555555555555547,1.77,0.020863939148848543,-0.00478746019469678,-0.011173184357541888,0.026198407239744276,0.0,0.0,-9.988527817968821e-05,-0.0011591077304915838
2012-12-27,0.0,1.74,-0.0024308692158840906,-0.001218442012279497,-0.016949152542372947,0.02618520020578829,0.0,-0.0,2.961873178990094e-06,-0.0
2012-12-28,0.0,1.73,-0.0016245514460112576,-0.011049941573072375,-0.005747126436781658,0.026171993171832275,0.0,-0.0,1.7951198560874636e-05,-0.0
2012-12-31,-0.47058823529411775,1.78,0.004429559316609932,0.016941941334216226,0.028901734104046284,0.02617044756648179,0.0,0.0,7.50453340784364e-05,-0.002084498501934086
2013-01-02,0.8888888888888891,1.86,0.012240127827205294,0.025403420320955883,0.04494382022471921,0.026168901961131308,0.0,0.0,0.0003109411119767245,0.010880113624182485
2013-01-03,0.0,1.92,-0.002934132012741064,-0.0020856174946130013,0.032258064516129004,0.026167356355780824,0.0,-0.0,6.119477057276821e-06,-0.0
2013-01-04,-0.05882352941176472,1.93,-0.007401478826218888,0.004865096315322948,0.005208333333333259,0.026165810750430344,0.0,-0.0,-3.600890736537833e-05,0.00043538110742464056
2013-01-07,0.0,1.92,0.0008085883501864899,-0.0031231161538831653,-0.005181347150259086,0.026164265145079857,0.0,0.0,-2.525315338309164e-06,0.0
2013-01-08,-0.0625,1.89,0.004847404920384157,-0.003242371304872038,-0.015625,0.026162719539729373,0.0,0.0,-1.571708661694912e-05,-0.00030296280752400984
2013-01-09,-0.06666666666666654,1.88,-0.0016080069791851725,0.002655865938542279,-0.005291005291005346,0.02616117393437889,0.0,-0.0,-4.270650964956163e-06,0.0001072004652790113
2013-01-10,0.0,1.91,0.0011631822739186504,0.007597415119266371,0.015957446808510634,0.026159628329028406,0.0,0.0,8.837178594332191e-06,0.0
2013-01-11,0.0,1.89,-0.011171686538731351,-4.7513986152325494e-05,-0.010471204188481686,0.026158082723677926,0.0,-0.0,5.308113594994026e-07,-0.0
2013-01-14,0.0,1.89,0.011207500638196422,-0.0009306715612543703,0.0,0.02615653711832744,0.0,0.0,-1.0430502116709615e-05,0.0
2013-01-15,0.0714285714285714,1.86,-0.014122222385126948,0.0011286697641588184,-0.015873015873015817,0.02613515872163987,0.0,-0.0,-1.593932540881962e-05,-0.00100873017036621
2013-01-16,-0.06666666666666654,1.84,0.002810494560442356,0.00019699191031485874,-0.010752688172043001,0.026113780324952252,0.0,0.0,5.536446923910589e-07,-0.00018736630402949004
2013-01-17,0.0,1.89,0.0,0.005642922184040833,0.02717391304347827,0.026092401928264685,0.0,0.0,0.0,0.0
2013-01-18,0.0,1.87,0.0,0.0034032703971196288,-0.01058201058201047,0.026071023531577114,0.0,0.0,0.0,0.0
2013-01-22,0.0,1.86,0.016363778578845523,0.004428106846314561,-0.005347593582887722,0.0260496451348895,0.0,0.0,7.246055995656142e-05,0.0
2013-01-23,-0.07142857142857151,1.86,0.003380224951093025,0.001507477027169024,0.0,0.02602826673820193,0.0,0.0,5.095611460436273e-06,-0.00024144463936378777
2013-01-24,0.15384615384615374,1.88,0.004255281157384605,6.614683421224399e-06,0.010752688172043001,0.026006888341514312,0.0,0.0,2.814733772440052e-08,0.0006546586395976311
2013-01-25,-0.06666666666666654,1.98,0.0,0.005445481690718124,0.05319148936170226,0.025985509944826745,0.0,0.0,0.0,-0.0
2013-01-28,0.0,2.0,0.001765577152118336,-0.0018496216125600817,0.010101010101010166,0.025964131548139174,0.0,0.0,-3.2656496592003537e-06,0.0
2013-01-29,-0.14285714285714302,2.03,0.007754645993885534,0.005105995170664235,0.014999999999999902,0.02594275315145156,0.0,0.0,3.959518499499029e-05,-0.0011078065705550776
2013-01-30,0.0,2.03,0.0047219387254748835,-0.0038996213232838084,0.0,0.0259389197278511,0.0,0.0,-1.8413772941101424e-05,0.0
2013-01-31,0.25,2.02,0.0056571063293895385,-0.0025633010773032927,-0.004926108374384119,0.02593508630425063,0.0,0.0,-1.450086674854348e-05,0.0014142765823473846
2013-02-01,-0.06666666666666654,2.04,0.010471649091438495,0.010052705569688847,0.00990099009900991,0.02593125288065017,0.0,0.0,0.00010526840514533091,-0.0006981099394292317
2013-02-04,-0.07142857142857151,2.0,-0.009934940398133363,-0.011538744820964397,-0.019607843137254943,0.02592741945704971,0.0,-0.0,0.0001146367420655513,0.0007096385998666695
2013-02-05,0.0,2.04,0.007958461774125958,0.010416510240551347,0.020000000000000018,0.025923586033449242,0.0,0.0,8.289939856921948e-05,0.0
2013-02-06,0.0,2.0,0.0018023233772526126,0.0005491705981217621,-0.019607843137254943,0.025919752609848783,0.0,0.0,9.897830070946514e-07,0.0
2013-02-07,0.0,1.99,0.0043690096133766065,-0.0018053993582290984,-0.0050000000000000044,0.025915919186248314,0.0,0.0,-7.887807152086887e-06,0.0
2013-02-08,0.0769230769230771,1.99,0.014159021599763788,0.005657940611518475,0.0,0.025912085762647852,0.0,0.0,8.011090332867082e-05,0.00108915550767414
2013-02-11,0.0,1.99,-0.0064760661276639375,-0.000606117484177382,0.0,0.025908252339047394,0.0,-0.0,3.925256908666026e-06,-0.0
2013-02-12,-0.07142857142857151,2.02,0.004486636934007748,0.001595272232703504,0.015075376884422065,0.025904418915446925,0.0,0.0,7.157407319044545e-06,-0.0003204740667148395
2013-02-13,0.0769230769230771,2.05,0.000505625794219533,0.000592263093356804,0.014851485148514865,0.0259035707731071,0.0,0.0,2.994634969654515e-07,3.889429186304109e-05
2013-02-14,0.0,2.0,-0.0011792401297922028,0.0006906716689645265,-0.024390243902438935,0.02590272263076727,0.0,-0.0,-8.144677485535255e-07,-0.0
2013-02-15,0.1428571428571428,2.01,0.0,-0.0010450813177572682,0.004999999999999893,0.025901874488427446,0.0,0.0,-0.0,0.0
2013-02-19,-0.0625,2.03,-0.00893915644813792,0.007336475471722448,0.00995024875621886,0.02590102634608762,0.0,-0.0,-6.558190201965341e-05,0.00055869727800862
2013-02-20,0.0,2.02,-0.016337629542117482,-0.012404137955230099,-0.004926108374384119,0.025900178203747792,0.0,-0.0,0.000202654210701868,-0.0
2013-02-21,0.06666666666666665,1.99,-0.01790657199089518,-0.006303057332801343,-0.014851485148514865,0.025899330061407967,0.0,-0.0,0.00011286614989254701,-0.0011937714660596784
2013-02-22,0.0,1.97,0.005020696740535513,0.008772467921830174,-0.01005025125628145,0.02589848191906814,0.0,0.0,4.40439011015851e-05,0.0
2013-02-25,-0.0625,1.88,0.0029798770537430297,-0.018309580659152336,-0.045685279187817285,0.025897633776728313,0.0,0.0,-5.456029926986522e-05,-0.00018624231585893936
2013-02-26,-0.06666666666666654,1.88,-0.015117120936967487,0.006109463971145868,0.0,0.025896785634388488,0.0,-0.0,-9.235750571185772e-05,0.0010078080624644973
2013-02-27,0.0,1.91,-0.007452722426703917,0.012725994077109837,0.015957446808510634,0.02589593749204866,0.0,-0.0,-9.48433014605777e-05,-0.0
2013-02-28,0.0,1.89,-0.004380133021665067,-0.0008640799292052304,-0.010471204188481686,0.02589021084098962,0.0,-0.0,3.784785031269843e-06,-0.0
2013-03-01,0.0,1.86,-0.008798668986400915,0.002323855425648391,-0.015873015873015817,0.025884484189930564,0.0,-0.0,-2.0446834662531995e-05,-0.0
2013-03-04,0.1428571428571428,1.88,-0.0028080179683296347,0.00461072337316093,0.010752688172043001,0.025878757538871526,0.0,-0.0,-1.2946994078833314e-05,-0.0004011454240470905
2013-03-05,-0.0625,1.9,0.013806924543767973,0.00956601649469957,0.010638297872340496,0.025873030887812485,0.0,0.0,0.00013207726792675677,-0.0008629327839854983
2013-03-06,0.0,1.95,-0.004927901162530834,0.001084512714484509,0.026315789473684292,0.02586730423675343,0.0,-0.0,-5.344371466487683e-06,-0.0
2013-03-07,0.06666666666666665,2.0,0.0008104085112883297,0.0018164914425815581,0.025641025641025772,0.02586157758569439,0.0,0.0,1.472100125750511e-06,5.4027234085888636e-05
2013-03-08,-0.0625,2.06,-0.0026990827497915815,0.004481139122655131,0.030000000000000027,0.025855850934635334,0.0,-0.0,-1.2094965305374647e-05,0.00016869267186197384
2013-03-11,0.06666666666666665,2.07,-0.005683331187100071,0.0032490857396794137,0.004854368932038833,0.025850124283576296,0.0,-0.0,-1.8465630313882116e-05,-0.0003788887458066713
2013-03-12,-0.0625,2.03,-0.005171472405292921,-0.0024032529493148713,-0.019323671497584516,0.025844397632517255,0.0,-0.0,1.2428356310320684e-05,0.00032321702533080754
2013-03-13,-0.06666666666666654,2.04,-0.01030556194334209,0.00131405176760091,0.0049261083743843415,0.0258386709814582,0.0,-0.0,-1.3542041887769342e-05,0.0006870374628894714
2013-03-14,0.0714285714285714,2.04,0.008293416455209757,0.005602990523162488,0.0,0.025835007763726894,0.0,0.0,4.64679338031801e-05,0.0005923868896578395
2013-03-15,0.06666666666666665,2.01,-0.0003655722554992691,-0.0016184626244926115,-0.014705882352941346,0.02583134454599558,0.0,-0.0,5.916650320770305e-07,-2.4371483699951265e-05
2013-03-19,-0.0625,1.92,-0.017644910894486943,-0.007919514152788798,-0.04477611940298498,0.025827681328264275,0.0,-0.0,0.00013973912155358658,0.001102806930905434
2013-03-20,0.0,1.96,0.011819491005408578,0.006697492376419811,0.02083333333333326,0.02582401811053297,0.0,0.0,7.916095090188648e-05,0.0
2013-03-21,0.06666666666666665,1.95,-0.011497424447802218,-0.008282433828555424,-0.005102040816326481,0.025820354892801656,0.0,-0.0,9.522665718773727e-05,-0.0007664949631868143
2013-03-22,-0.0625,1.93,0.0017679579347547048,0.007174256352702191,-0.01025641025641022,0.02581669167507035,0.0,0.0,1.2683783444724185e-05,-0.00011049737092216905
2013-03-25,0.0,1.93,0.004737084241948963,-0.0033400389194234714,0.0,0.025813028457339036,0.0,0.0,-1.582204573269717e-05,0.0
2013-03-26,-0.06666666666666654,1.92,0.011001224568273127,0.0077851108025177584,-0.005181347150259086,0.02580936523960773,0.0,0.0,8.564575222738688e-05,-0.000733414971218207
2013-03-27,-0.14285714285714302,1.87,0.003017573420015518,-0.0005883499068413123,-0.02604166666666663,0.025805702021876424,0.0,0.0,-1.7753890405529501e-06,-0.0004310819171450745
2013-03-28,0.08333333333333348,1.87,0.0030084255111255676,0.00405666949441863,0.0,0.02580203880414511,0.0,0.0,1.2204187997213864e-05,0.0002507021259271311
2013-04-01,0.23076923076923084,1.86,0.00963465933767682,-0.0044735804606589324,-0.005347593582887722,0.02579956871577827,0.0,0.0,-4.310142375813616e-05,0.002223382924079267
2013-04-02,-0.0625,1.88,-0.0035109775226831452,0.005172264111710456,0.010752688172043001,0.02579709862741142,0.0,-0.0,-1.8159703037596116e-05,0.00021943609516769658
2013-04-03,-0.06666666666666654,1.83,-0.03234259420086072,-0.010546128701639845,-0.02659574468085102,0.025794628539044573,0.0,-0.0,0.00034108916098718765,0.002156172946724044
2013-04-04,0.0,1.78,-0.007188911101420725,0.004048451943253761,-0.02732240437158473,0.02579215845067773,0.0,-0.0,-2.9103961118425273e-05,-0.0
2013-04-05,0.0714285714285714,1.72,-0.020876374532256547,-0.00429489561132812,-0.03370786516853941,0.02578968836231088,0.0,-0.0,8.966184935903077e-05,-0.0014911696094468956
2013-04-08,0.0,1.76,0.005186332129107241,0.006302737952936344,0.023255813953488413,0.025787218273944038,0.0,0.0,3.2688092346657356e-05,0.0
2013-04-09,0.0,1.78,0.015000952034101678,0.0035443321494683655,0.011363636363636465,0.02578474818557719,0.0,0.0,5.316835656709945e-05,0.0
2013-04-10,0.0,1.84,-0.004141978984297245,0.01218913260513399,0.03370786516853941,0.025782278097210343,0.0,-0.0,-5.048713108727732e-05,-0.0
2013-04-11,0.0,1.82,-0.014368127982857803,0.0035522505198095633,-0.010869565217391353,0.0257798080088435,0.0,-0.0,-5.103919009579696e-05,-0.0
2013-04-12,0.0,1.75,-0.01112492634564577,-0.002836767069231527,-0.03846153846153855,0.02577733792047665,0.0,-0.0,3.1558824704954154e-05,-0.0
2013-04-15,0.0,1.72,-0.02637960629039171,-0.022966290584432447,-0.017142857142857126,0.025762959407699362,0.0,-0.0,0.0006058417035680581,-0.0
2013-04-16,0.0,1.75,-0.0002988223874814677,0.014307223290395576,0.01744186046511631,0.02574858089492204,0.0,-0.0,-4.2753186218664665e-06,-0.0
2013-04-17,0.0,1.73,0.0,-0.014327681394279534,-0.011428571428571455,0.02573420238214475,0.0,0.0,-0.0,0.0
2013-04-18,0.0,1.72,-0.01225591221057376,-0.006701003439812281,-0.005780346820809301,0.025719823869367463,0.0,-0.0,8.212690988109211e-05,-0.0
2013-04-19,0.0,1.73,0.005245680287184751,0.008847902373522176,0.005813953488372103,0.02570544535659014,0.0,0.0,4.641326706372045e-05,0.0
2013-04-22,0.0,1.72,0.0074259694173446356,0.004661629963028435,-0.005780346820809301,0.02569106684381285,0.0,0.0,3.4617121540426565e-05,0.0
2013-04-23,-0.06666666666666654,1.74,-0.0007969103649874132,0.01041921875000007,0.011627906976744207,0.02567668833103553,0.0,-0.0,-8.303183416946255e-06,5.3127357665827444e-05
2013-04-24,-0.07142857142857151,1.73,0.014156174189022153,6.340190171760796e-06,-0.005747126436781658,0.02566230981825824,0.0,0.0,8.97528364629721e-08,-0.0010111552992158692
2013-04-25,0.0,1.74,0.016514305020528308,0.0040347322693841114,0.005780346820809301,0.025647931305480952,0.0,0.0,6.663079937277761e-05,0.0
2013-04-26,0.0,1.7,-0.0024175610786831836,-0.0018421130247733286,-0.02298850574712641,0.02563355279270363,0.0,-0.0,4.45342075122735e-06,-0.0
2013-04-29,0.0,1.7,0.006300832429333436,0.007186011722218666,0.0,0.02562226716909576,0.0,0.0,4.527785569692558e-05,0.0
2013-04-30,0.0769230769230771,1.7,-0.013871446352736294,0.002484899676771457,0.0,0.02561098154548786,0.0,-0.0,-3.446915255826702e-05,-0.0010670343348258711
2013-05-01,0.0,1.66,-0.023639794211304244,-0.009307883608932754,-0.02352941176470591,0.025599695921879988,0.0,-0.0,0.0002200364530579422,-0.0
2013-05-02,0.0714285714285714,1.66,0.029014523405945125,0.009407983261396247,0.0,0.025719823869367463,1.0,0.029014523405945125,0.00027296815054052135,0.002072465957567508
2013-05-03,-0.06666666666666654,1.78,0.013028721314199299,0.010534666895180678,0.07228915662650603,0.02570544535659014,0.0,0.0,0.00013725323911523024,-0.0008685814209466183
2013-05-06,0.0,1.8,0.012189237098642058,0.0019077786269059427,0.011235955056179803,0.02569106684381285,0.0,0.0,2.3254366015078324e-05,0.0
2013-05-07,-0.14285714285714302,1.82,-0.010051181185244507,0.005230269513137653,0.011111111111111072,0.02567668833103553,0.0,-0.0,-5.2570386524207125e-05,0.0014358830264635026
2013-05-08,0.0,1.81,-0.0005747623286519454,0.004139081299929126,-0.005494505494505475,0.02566230981825824,0.0,-0.0,-2.378988006426986e-06,-0.0
2013-05-09,0.0,1.81,0.0012459736187022674,-0.0036871039064235722,0.0,0.025647931305480952,0.0,0.0,-4.5940341968178445e-06,0.0
2013-05-10,0.0,1.9,-0.005360367110657016,0.004321655306021466,0.04972375690607733,0.02563355279270363,0.0,-0.0,-2.316565896599385e-05,-0.0
2013-05-13,0.0,1.92,-0.010489884793283166,4.2889368592202715e-05,0.010526315789473717,0.02562226716909576,0.0,-0.0,-4.499045353888639e-07,-0.0
2013-05-14,-0.08333333333333326,1.96,-0.002139673423031563,0.010142153479971716,0.02083333333333326,0.02561098154548786,0.0,-0.0,-2.1700896253402557e-05,0.0001783061185859634
2013-05-15,0.09090909090909083,1.94,0.010526333792559406,0.0051141362697153525,-0.010204081632653073,0.025599695921879988,0.0,0.0,5.383310543565842e-05,0.0009569394356872178
2013-05-16,-0.08333333333333326,1.87,0.0011574338949538188,-0.005009741163373271,-0.036082474226803996,0.025588410298272118,0.0,0.0,-5.798444227433601e-06,-9.645282457948482e-05
2013-05-17,-0.09090909090909083,1.95,-0.000770730527000052,0.010300096519028301,0.04278074866310155,0.02557712467466422,0.0,-0.0,-7.938598818262082e-06,7.00664115454592e-05
2013-05-20,0.0,1.97,0.0,-0.000707617924973758,0.01025641025641022,0.02556583905105635,0.0,0.0,-0.0,0.0
2013-05-21,-0.10000000000000009,1.94,0.0018318785110882363,0.001722386289245481,-0.015228426395939132,0.025554553427448452,0.0,0.0,3.155202431061804e-06,-0.0001831878511088238
2013-05-22,-0.11111111111111105,2.03,-0.01260711328861186,-0.008273657594813577,0.04639175257731942,0.02554326780384058,0.0,-0.0,0.00010430693860899868,0.001400790365401317
2013-05-23,0.0,2.02,-0.0015594155467283377,-0.002923832356719225,-0.004926108374384119,0.02553198218023271,0.0,-0.0,4.5594696330953145e-06,-0.0
2013-05-24,0.125,2.01,0.001952332521239164,-0.0005513654411685165,-0.004950495049505066,0.02552069655662481,0.0,0.0,-1.0764486818806738e-06,0.0002440415651548955
2013-05-28,0.0,2.15,0.015491075377437324,0.006340981548631053,0.06965174129353247,0.02551595128182474,0.0,0.0,9.822862313678289e-05,0.0
2013-05-29,-0.11111111111111105,2.13,-0.017269528866786454,-0.007047981897774669,-0.009302325581395321,0.025511206007024653,0.0,-0.0,0.00012171532683620802,0.0019188365407540493
2013-05-30,0.0,2.13,-0.0023430426931024817,0.00367034439193481,0.0,0.02550646073222458,0.0,-0.0,-8.599773608692528e-06,-0.0
2013-05-31,0.125,2.16,-0.017614277412214552,-0.014307241527974024,0.014084507042253724,0.025501715457424506,0.0,-0.0,0.00025201172127729083,-0.002201784676526819
2013-06-03,0.11111111111111116,2.13,0.016635104881946194,0.005935988427895333,-0.01388888888888895,0.025496970182624423,0.0,0.0,9.874579007605778e-05,0.0018483449868829114
2013-06-04,0.09999999999999987,2.14,0.011561829643375487,-0.005510807488524838,0.0046948356807512415,0.02549222490782435,0.0,0.0,-6.37150173797621e-05,0.0011561829643375473
2013-06-05,-0.18181818181818188,2.1,-0.001937204110620927,-0.013779732742503992,-0.01869158878504673,0.025487479633024265,0.0,-0.0,2.6694154912036512e-05,0.00035221892920380505
2013-06-06,0.11111111111111116,2.08,0.005531829287263923,0.008490293972530871,-0.00952380952380949,0.025482734358224193,0.0,0.0,4.696685685472663e-05,0.0006146476985848807
2013-06-07,-0.10000000000000009,2.17,0.009168969623066126,0.012831541229424204,0.043269230769230616,0.025477989083424118,0.0,0.0,0.00011765201174971109,-0.0009168969623066134
2013-06-10,0.0,2.22,-0.005833976899336957,-0.00034681344994402785,0.023041474654378113,0.025473243808624035,0.0,-0.0,2.0233016553528125e-06,-0.0
2013-06-11,0.0,2.2,-0.00952378925285069,-0.010153367167240024,-0.009009009009009028,0.025471854492199977,0.0,-0.0,9.669852910760758e-05,-0.0
2013-06-12,-0.11111111111111105,2.25,0.005147618337312254,-0.008369555515669425,0.022727272727272707,0.025470465175775912,0.0,0.0,-4.308327744761285e-05,-0.0005719575930346946
2013-06-13,0.125,2.19,0.007343725499259435,0.014784291377196501,-0.026666666666666727,0.025469075859351854,0.0,0.0,0.00010857177757519933,0.0009179656874074293
2013-06-14,0.11111111111111116,2.14,0.0003837018276005022,-0.005885016114436148,-0.022831050228310446,0.025467686542927793,0.0,0.0,-2.2580914385675562e-06,4.263353640005582e-05
2013-06-18,0.09090909090909083,2.2,0.016588318269747937,0.01541748072889959,0.028037383177570208,0.02546629722650373,0.0,0.0,0.00025575007724869183,0.0015080289336134474
2013-06-19,-0.16666666666666663,2.33,0.0009432758600464997,-0.013851474486292426,0.05909090909090908,0.025464907910079673,0.0,0.0,-1.3065761508969634e-05,-0.00015721264334108323
2013-06-20,0.0,2.41,-0.03741048923814694,-0.02501035094286319,0.03433476394849788,0.02546351859365561,0.0,-0.0,0.0009356494647902615,-0.0
2013-06-21,0.0,2.52,-0.012138990163944263,0.002669776576555538,0.04564315352697079,0.02546212927723155,0.0,-0.0,-3.240839160273646e-05,-0.0
2013-06-24,0.0,2.57,0.0024774550681527785,-0.012145015629135836,0.01984126984126977,0.02546073996080749,0.0,0.0,-3.0088730523197284e-05,0.0
2013-06-25,-0.10000000000000009,2.6,0.0009885178974005093,0.009497272121224087,0.011673151750972943,0.025459350644383427,0.0,0.0,9.38822346831291e-06,-9.885178974005102e-05
2013-06-26,0.0,2.55,0.003950242123644809,0.009590486444071455,-0.019230769230769384,0.02545278670465337,0.0,0.0,3.7884743537615584e-05,0.0
2013-06-27,0.0,2.49,0.011410544864530525,0.0061998311850259835,-0.023529411764705688,0.025446222764923296,0.0,0.0,7.074345188925443e-05,0.0
2013-06-28,-0.2222222222222221,2.52,-0.006418946067630382,-0.004289562412875814,0.012048192771084265,0.025439658825193237,0.0,-0.0,2.7534469781984297e-05,0.0014264324594734175
2013-07-01,0.4285714285714286,2.5,0.008222360099642056,0.005403747467634501,-0.007936507936507908,0.02543309488546318,0.0,0.0,4.4431557566419726e-05,0.00352386861413231
2013-07-02,0.0,2.48,0.009708737864077666,-0.0005449081736377259,-0.008000000000000007,0.025426530945733106,0.0,0.0,-5.290370617841997e-06,0.0
2013-07-03,0.0,2.52,0.016923097463754422,0.0008240472350893313,0.016129032258064502,0.025419967006003047,0.0,0.0,1.3945431674154106e-05,0.0
2013-07-05,0.0,2.73,0.01853251744405182,0.010201732142340214,0.08333333333333326,0.025413403066272974,0.0,0.0,0.00018906377888746419,0.0
2013-07-08,0.0,2.65,-0.002692173340521742,0.0052515464964768555,-0.02930402930402931,0.025406839126542916,0.0,-0.0,-1.4138073474325346e-05,-0.0
2013-07-09,0.0,2.65,0.003537161429195912,0.007229670722828763,0.0,0.025400275186812857,0.0,0.0,2.5572512426576826e-05,0.0
2013-07-10,-0.10000000000000009,2.7,0.006492946790544796,0.00018159245054127915,0.018867924528301883,0.025393711247082784,0.0,0.0,1.179070118929163e-06,-0.0006492946790544802
2013-07-11,0.0,2.6,-0.007188266186905157,0.013554249906357896,-0.03703703703703709,0.025381416928978873,0.0,-0.0,-9.743155629073485e-05,-0.0
2013-07-12,0.0,2.61,0.010025008521367118,0.003086483632862347,0.0038461538461538325,0.025369122610874935,0.0,0.0,3.0942024720505166e-05,0.0
2013-07-15,0.0,2.57,0.0025732817349444215,0.001374879432867404,-0.01532567049808431,0.02535682829277102,0.0,0.0,3.5379521323484357e-06,0.0
2013-07-16,0.0,2.55,0.0028417379997711656,-0.003708760911961373,-0.0077821011673151474,0.02534453397466711,0.0,0.0,-1.0539326815586595e-05,0.0
2013-07-17,0.0,2.52,-0.0003656390765029993,0.0027740472164057284,-0.0117647058823529,0.02533223965656317,0.0,-0.0,-1.0143000623823064e-06,-0.0
2013-07-19,0.0,2.5,-0.011795911744035159,0.006651118390212263,-0.007936507936507908,0.02531994533845926,0.0,-0.0,-7.845600553007306e-05,-0.0
2013-07-22,0.0,2.5,0.0007402778873009108,0.0020330263437824403,0.0,0.025307651020355322,0.0,0.0,1.50500444660236e-06,0.0
2013-07-23,0.0,2.53,0.002496501518789218,-0.0018519369130487462,0.01200000000000001,0.025295356702251408,0.0,0.0,-4.623363316128011e-06,0.0
2013-07-24,0.0,2.61,-0.011344731122596263,-0.0038112215188927934,0.031620553359683834,0.025283062384147497,0.0,-0.0,4.323728338049167e-05,-0.0
2013-07-25,0.0,2.61,0.004291436458583098,0.0025564722015867236,0.0,0.02527076806604356,0.0,0.0,1.0970938011243464e-05,0.0
2013-07-26,0.0,2.58,-0.004458925686296467,0.0008282942843145236,-0.011494252873563093,0.0252541508426578,0.0,-0.0,-3.6933026601425774e-06,-0.0
2013-07-29,-0.11111111111111105,2.61,0.002612660110859366,-0.003736037754951127,0.011627906976744207,0.025237533619272005,0.0,0.0,-9.76099681502539e-06,-0.0002902955678732627
2013-07-30,0.125,2.63,-0.005025530958301716,0.00037381693747806644,0.00766283524904221,0.025220916395886247,0.0,-0.0,-1.87862859203356e-06,-0.0006281913697877145
2013-07-31,0.0,2.6,0.007389329894979646,-0.00013640921141577778,-0.011406844106463754,0.02520429917250049,0.0,0.0,-1.0079726638652056e-06,0.0
2013-08-01,-0.11111111111111105,2.74,0.01708453128526477,0.01254056989753427,0.05384615384615388,0.025187681949114693,0.0,0.0,0.00021424975874947386,-0.0018982812539183067
2013-08-02,0.125,2.63,-0.005386196479404304,0.0016404581697111453,-0.04014598540145997,0.025171064725728935,0.0,-0.0,-8.835830018308198e-06,-0.000673274559925538
2013-08-05,-0.11111111111111105,2.67,-0.002294630628753125,-0.0014798348405500317,0.015209125475285079,0.02515444750234314,0.0,-0.0,3.3956743506220994e-06,0.0002549589587503471
2013-08-06,0.125,2.67,-0.004783777899405095,-0.005723033522392118,0.0,0.02513783027895738,0.0,-0.0,2.737772128197391e-05,-0.0005979722374256369
2013-08-07,0.0,2.61,-0.006840431333721586,-0.0038058649299111957,-0.022471910112359605,0.025121213055571624,0.0,-0.0,2.603375771847665e-05,-0.0
2013-08-08,0.0,2.58,-0.007073735284443439,0.003885449938943575,-0.011494252873563093,0.025104595832185828,0.0,-0.0,-2.748464432904377e-05,-0.0
2013-08-09,-0.11111111111111105,2.57,0.01443570407875816,-0.003569960525698801,-0.00387596899224818,0.025098411756680955,0.0,0.0,-5.153489372183581e-05,-0.001603967119862017
2013-08-12,0.0,2.61,0.006930327033266792,-0.0011529207361400395,0.015564202334630295,0.02509222768117607,0.0,0.0,-7.990117744885166e-06,0.0
2013-08-13,0.0,2.71,0.007800297922357036,0.002776056134700333,0.03831417624521083,0.025086043605671196,0.0,0.0,2.1654064899849512e-05,0.0
2013-08-14,0.125,2.71,0.0034601826122193646,-0.005176618120080079,0.0,0.025079859530166324,0.0,0.0,-1.7912044009200785e-05,0.0004325228265274206
2013-08-15,-0.11111111111111105,2.77,0.008257746708802305,-0.014281601380197961,0.022140221402213944,0.025073675454661437,0.0,0.0,-0.00011793384679375617,-0.0009175274120891445
2013-08-16,0.125,2.84,0.0005399834242116874,-0.0033045953891290836,0.025270758122743597,0.025067491379156565,0.0,0.0,-1.7844267338560762e-06,6.749792802646093e-05
2013-08-20,0.0,2.82,-0.009175107132018745,-0.0021016532863323834,-0.007042253521126751,0.025061307303651678,0.0,-0.0,1.9282894056458884e-05,-0.0
2013-08-21,-0.11111111111111105,2.87,-0.0030867359289620255,-0.005779602928505545,0.0177304964539009,0.025055123228146806,0.0,-0.0,1.7840108014552206e-05,0.0003429706587735582
2013-08-22,0.125,2.9,0.0008196336334234111,0.008619376484360286,0.010452961672473782,0.025048939152641933,0.0,0.0,7.0647308657205285e-06,0.00010245420417792639
2013-08-23,-0.11111111111111105,2.82,0.010373060726300398,0.003947010921615535,-0.02758620689655178,0.025042755077137047,0.0,0.0,4.0942583977288844e-05,-0.0011525623029222658
2013-08-26,0.0,2.79,-0.0027917647337699636,-0.00403965777164117,-0.010638297872340385,0.02498208712283937,0.0,-0.0,1.1277774103367574e-05,-0.0
2013-08-27,-0.12499999999999989,2.72,0.03278241798401127,-0.015874194741040237,-0.02508960573476693,0.02509222768117607,1.0,0.03278241798401127,-0.0005203944871603746,-0.004097802248001405
2013-08-28,0.0,2.78,0.01967471133255949,0.002747645185721348,0.022058823529411686,0.025086043605671196,0.0,0.0,5.4059125873364336e-05,0.0
2013-08-29,0.1428571428571428,2.75,-0.012434584861098719,0.0019634016027962886,-0.010791366906474753,0.025079859530166324,0.0,-0.0,-2.441408384638769e-05,-0.0017763692658712448
2013-08-30,-0.12499999999999989,2.78,-0.009986119219422052,-0.0031743183568806455,0.010909090909090757,0.025073675454661437,0.0,-0.0,3.169912155221004e-05,0.0012482649024277554
2013-09-03,0.2857142857142856,2.86,0.014647821574021558,0.004164221602432239,0.02877697841726623,0.025067491379156565,0.0,0.0,6.099677502711357e-05,0.004185091878291872
2013-09-04,-0.11111111111111105,2.9,-0.006656264185987859,0.008116953209842404,0.013986013986013957,0.025061307303651678,0.0,-0.0,-5.402858495001318e-05,0.0007395849095542062
2013-09-05,0.0,2.98,0.0030458486029663057,0.0012098628337211537,0.02758620689655178,0.025055123228146806,0.0,0.0,3.685059021870432e-06,0.0
2013-09-06,0.0,2.94,0.007461396793443598,5.443114110303959e-05,-0.01342281879194629,0.025048939152641933,0.0,0.0,4.0613234168969564e-07,0.0
2013-09-09,0.0,2.9,-0.020668286850773043,0.009992880823750605,-0.013605442176870763,0.025042755077137047,0.0,-0.0,-0.00020653572733086672,-0.0
2013-09-10,0.0,2.96,-0.021720024570782814,0.007345789391592916,0.020689655172413834,0.02498208712283937,0.0,-0.0,-0.00015955072607719387,-0.0
2013-09-11,0.0,2.93,0.0022471910112360494,0.0030522833735622257,-0.010135135135135087,0.024921419168541552,0.0,0.0,6.859063760814278e-06,0.0
2013-09-12,0.0,2.92,0.010134504514959453,-0.0033804153149811222,-0.0034129692832765013,0.024860751214243876,0.0,0.0,-3.4258834272114265e-05,0.0
2013-09-13,0.0,2.9,0.0013318079511392966,0.002714679741101511,-0.006849315068493178,0.024800083259946197,0.0,0.0,3.6154320639957597e-06,0.0
2013-09-18,0.0,2.69,-0.0193296712960771,0.02223356152228373,-0.07241379310344831,0.024739415305648382,0.0,-0.0,-0.0004297674359668521,-0.0
2013-09-19,0.125,2.76,-0.016636495147160035,-0.0018429538196846895,0.026022304832713727,0.024678747351350706,0.0,-0.0,3.0660292277624386e-05,-0.0020795618933950044
2013-09-20,-0.11111111111111105,2.75,0.004229487637343654,-0.007216886263627376,-0.0036231884057970065,0.024618079397052888,0.0,0.0,-3.052373123212722e-05,-0.0004699430708159613
2013-09-23,0.125,2.72,-0.009705159739485714,-0.004719586526811925,-0.010909090909090868,0.024557411442755212,0.0,-0.0,4.580434114703431e-05,-0.0012131449674357142
2013-09-24,0.0,2.67,0.004437830170924917,-0.0025971430708935372,-0.018382352941176516,0.024496743488457533,0.0,0.0,-1.152567987821993e-05,0.0
2013-09-25,-0.11111111111111105,2.63,-0.0029455053076400395,-0.00273946595048713,-0.014981273408239737,0.024436075534159718,0.0,-0.0,8.069111497259007e-06,0.0003272783675155598
2013-09-26,0.0,2.66,0.008216390252546946,0.0034854258676535466,0.011406844106463865,0.024389177256803493,0.0,0.0,2.863761912496358e-05,0.0
2013-09-27,0.0,2.64,-0.005310885778930019,-0.004073801130465626,-0.007518796992481258,0.024342278979447164,0.0,-0.0,2.163549248997893e-05,-0.0
2013-09-30,-0.25,2.64,-0.0023933951340292525,-0.0060292307798877065,0.0,0.02429538070209094,0.0,-0.0,1.4430331610522632e-05,0.0005983487835073131
2013-10-01,0.3333333333333335,2.66,-0.003967890507314276,0.007998543475556064,0.007575757575757569,0.024248482424734714,0.0,-0.0,-3.173734472899944e-05,-0.001322630169104759
2013-10-02,-0.12499999999999989,2.63,0.011580507427527031,-0.0006666695473820372,-0.011278195488721887,0.024201584147378385,0.0,0.0,-7.720371645163766e-06,-0.0014475634284408776
2013-10-03,0.1428571428571428,2.62,-0.0017401084088097818,-0.008979414583967338,-0.0038022813688212143,0.02415468587002216,0.0,-0.0,1.5625154823750754e-05,-0.0002485869155442544
2013-10-04,0.0,2.66,0.004220175086905087,0.0070532243451535415,0.01526717557251911,0.02410778759266583,0.0,0.0,2.976584166376942e-05,0.0
2013-10-07,0.0,2.65,0.002009877786800951,-0.008506361953748875,-0.00375939849624074,0.024060889315309607,0.0,0.0,-1.7096747937328605e-05,0.0
2013-10-08,0.0,2.66,0.004376398209318122,-0.012332078852067663,0.0037735849056603765,0.024013991037953382,0.0,0.0,-5.39700878053588e-05,0.0
2013-10-09,0.125,2.68,-0.009985530745710958,0.0005739063518743759,0.007518796992481258,0.023967092760597053,0.0,-0.0,-5.730759521800392e-06,-0.0012481913432138697
2013-10-10,0.0,2.71,0.02512383600313184,0.02183049604365883,0.011194029850746245,0.024389177256803493,1.0,0.02512383600313184,0.0005484658024679029,0.0
2013-10-11,0.11111111111111116,2.7,-0.004651200878949879,0.006286271807078414,-0.0036900369003689537,0.024342278979447164,0.0,-0.0,-2.9238712954400965e-05,-0.0005168000976610979
2013-10-15,0.0,2.75,-0.009726241193714458,-0.007063723409320266,0.01851851851851838,0.02429538070209094,0.0,-0.0,6.870347760473591e-05,-0.0
2013-10-16,0.09999999999999987,2.69,0.008184808415535816,0.013827532394934838,-0.021818181818181848,0.024248482424734714,0.0,0.0,0.00011317570351215677,0.0008184808415535805
2013-10-17,-0.09090909090909083,2.61,0.0009922479681214735,0.0067439531397044394,-0.029739776951672847,0.024201584147378385,0.0,0.0,6.691673799978162e-06,-9.020436073831569e-05
2013-10-21,-0.10000000000000009,2.63,-0.011985237599569931,0.006641092579112495,0.00766283524904221,0.02415468587002216,0.0,-0.0,-7.959507248140392e-05,0.0011985237599569942
2013-10-22,-0.11111111111111105,2.54,0.0030098671369187535,0.005737513079636436,-0.034220532319391594,0.02410778759266583,0.0,0.0,1.726915206603922e-05,-0.0003344296818798613
2013-10-23,0.0,2.51,-0.019732637490748606,-0.004724557241463034,-0.011811023622047334,0.024060889315309607,0.0,-0.0,9.322797535008128e-05,-0.0
2013-10-24,0.0,2.53,-0.007513962570106614,0.003258134764679621,0.007968127490039834,0.024013991037953382,0.0,-0.0,-2.448150267016579e-05,-0.0
2013-10-25,0.0,2.53,-0.0005607772669566913,0.004394843515520774,0.0,0.023967092760597053,0.0,-0.0,-2.4645283353360767e-06,-0.0
2013-10-28,0.0,2.54,0.025063128191593842,0.001329699787098182,0.0039525691699606735,0.024389177256803493,1.0,0.025063128191593842,3.3326436220376775e-05,0.0
2013-10-29,0.0,2.53,-0.0054739391550047145,0.00558419502875096,-0.003937007874015852,0.024342278979447164,0.0,-0.0,-3.0567543817062556e-05,-0.0
2013-10-30,0.0,2.55,0.007797435624841587,-0.004875923596155185,0.007905138339920903,0.02429538070209094,0.0,0.0,-3.801970035266614e-05,0.0
2013-10-31,-0.12499999999999989,2.57,-0.009284582803514296,-0.0038393812241105385,0.007843137254901933,0.024248482424734714,0.0,-0.0,3.5647052889512376e-05,0.001160572850439286
2013-11-01,0.1428571428571428,2.65,-0.026920183520451224,0.002903421198789946,0.031128404669260812,0.024201584147378385,0.0,-0.0,-7.816063150859384e-05,-0.0038457405029216018
2013-11-04,0.0,2.63,0.0030214303064810544,0.003570558689741876,-0.007547169811320753,0.02415468587002216,0.0,0.0,1.0788194236255388e-05,0.0
2013-11-05,0.0,2.69,-0.008472197095343192,-0.0028055878101066467,0.02281368821292773,0.02410778759266583,0.0,-0.0,2.37694928955158e-05,-0.0
2013-11-06,0.0,2.67,-0.0008544950699755915,0.004265540341705787,-0.0074349442379182396,0.024060889315309607,0.0,-0.0,-3.644883192769595e-06,-0.0
2013-11-07,0.0,2.63,-0.01691370976271811,-0.013182771972194418,-0.014981273408239737,0.024013991037953382,0.0,-0.0,0.0002229695790057914,-0.0
2013-11-08,0.0,2.77,0.01604488378889335,0.013427559516743681,0.05323193916349811,0.023967092760597053,0.0,0.0,0.0002154436320146013,0.0
2013-11-12,0.0,2.8,-0.005545149988946729,-0.0023703916199453445,0.010830324909747224,0.023941422999874052,0.0,-0.0,1.3144177065139347e-05,-0.0
2013-11-13,0.0,2.75,0.012380731672003265,0.008095344244797742,-0.017857142857142794,0.023915753239150992,0.0,0.0,0.00010022628488733676,0.0
2013-11-14,0.125,2.69,0.0132561438810328,0.00483725876385388,-0.021818181818181848,0.023890083478427995,0.0,0.0,6.41233981634339e-05,0.0016570179851291
2013-11-15,0.0,2.71,9.215161365494495e-05,0.004222034052096646,0.0074349442379182396,0.023864413717704994,0.0,0.0,3.8906725080683187e-07,0.0
2013-11-19,0.0,2.71,-0.015016166162936884,-0.005733607472996338,0.0,0.023838743956981934,0.0,-0.0,8.609680252756966e-05,-0.0
2013-11-20,0.0,2.8,0.010662171802950482,-0.0036356111002209257,0.03321033210332103,0.023813074196258933,0.0,0.0,-3.876351015926933e-05,0.0
2013-11-21,0.0,2.79,0.018693358486942646,0.00812856425584818,-0.0035714285714284477,0.023787404435535873,0.0,0.0,0.00015195016561871824,0.0
2013-11-22,0.0,2.75,0.00881178419847628,0.004961457973002625,-0.014336917562724039,0.023761734674812875,0.0,0.0,4.371929696790869e-05,0.0
2013-11-25,0.0,2.74,-0.0004502751047608111,-0.0012633420978621634,-0.0036363636363635488,0.023736064914089874,0.0,-0.0,5.688514954636286e-07,-0.0
2013-11-26,0.0,2.71,-0.0010811058250633776,0.00014980445507073448,-0.010948905109489093,0.023710395153366814,0.0,-0.0,-1.6195446899741608e-07,-0.0
2013-11-27,0.0,2.74,0.003878069226435965,0.0024850813860768373,0.011070110701107083,0.02370297667145394,0.0,0.0,9.637317648533417e-06,0.0
2013-11-29,-0.2222222222222221,2.75,-0.014553904884731739,-0.0007856896412440362,0.0036496350364962904,0.02369555818954105,0.0,-0.0,1.1434852307584705e-05,0.00323420108549594
2013-12-02,0.2857142857142856,2.81,0.016045167906492575,-0.002719020284730922,0.021818181818181737,0.02368813970762818,0.0,0.0,-4.362713700966689e-05,0.004584333687569305
2013-12-03,0.0,2.79,0.010498033471308288,-0.0031928479771501372,-0.007117437722419906,0.023680721225715306,0.0,0.0,-3.35186249329211e-05,0.0
2013-12-04,0.0,2.84,-0.006570817573404164,-0.0013034931835718133,0.017921146953404854,0.023673302743802416,0.0,-0.0,8.565015917426211e-06,-0.0
2013-12-05,0.0,2.88,-0.008044278857513798,-0.004339572538419101,0.014084507042253502,0.023665884261889543,0.0,-0.0,3.4908731621452256e-05,-0.0
2013-12-06,0.0,2.88,0.005676673584084968,0.011237870620775636,0.0,0.023658465779976653,0.0,0.0,6.379372329432159e-05,0.0
2013-12-09,0.0,2.86,-0.019890701626761098,0.0018171001772671058,-0.00694444444444442,0.02365104729806378,0.0,-0.0,-3.61433974519547e-05,-0.0
2013-12-10,0.0,2.81,-9.143556345436732e-05,-0.003179659038540561,-0.01748251748251739,0.023643628816150907,0.0,-0.0,2.9073391578172805e-07,-0.0
2013-12-11,-0.11111111111111105,2.86,0.0029255778283010514,-0.01131687458772268,0.017793594306049654,0.023636210334238017,0.0,0.0,-3.310839737950508e-05,-0.0003250642031445611
2013-12-12,0.125,2.89,-0.009389232524617541,-0.0037705618911193506,0.010489510489510634,0.02360128047049995,0.0,-0.0,3.540268234418123e-05,-0.0011736540655771927
2013-12-13,-0.11111111111111105,2.88,0.001472381198172279,-0.00010141014414954963,-0.0034602076124568004,0.023566350606761804,0.0,0.0,-1.4931438954973742e-07,-0.00016359791090803092
2013-12-16,0.125,2.89,0.015069368391579463,0.006320039831068547,0.003472222222222321,0.02353142074302374,0.0,0.0,9.523900846382757e-05,0.0018836710489474329
2013-12-17,0.0,2.85,-0.0005431117763263771,-0.003100987910356179,-0.01384083044982698,0.023496490879285674,0.0,-0.0,1.6841830523601644e-06,-0.0
2013-12-19,0.0,2.94,-0.0010868829146069015,0.016058380452519616,0.03157894736842093,0.023461561015547527,0.0,-0.0,-1.7453579350101012e-05,-0.0
2013-12-20,0.0,2.89,0.013419128799106783,0.0048187283492318045,-0.017006802721088343,0.02342663115180946,0.0,0.0,6.466313636624879e-05,0.0
2013-12-23,0.0,2.94,-0.0018788502351242409,0.00531812014989308,0.01730103806228378,0.023391701288071314,0.0,-0.0,-9.991951294045576e-06,-0.0
2013-12-24,-0.11111111111111105,2.99,0.0030477229717271737,0.0029157468493599126,0.017006802721088565,0.02335677142433325,0.0,0.0,8.886388652535337e-06,-0.00033863588574746355
2013-12-26,0.0,3.0,0.0007149403928845555,0.004745529147706984,0.0033444816053511683,0.023321841560595184,0.0,0.0,3.3927704733067406e-06,0.0
2013-12-27,0.0,3.02,0.0017860059139729323,-0.00033658435338035364,0.006666666666666599,0.023286911696857038,0.0,0.0,-6.011416456880669e-07,0.0
2013-12-30,0.0,2.99,-0.008646828472671841,-0.00017925389411521664,-0.009933774834437026,0.023279723610222264,0.0,-0.0,1.5499776754727587e-06,-0.0
2013-12-31,-0.12499999999999989,3.04,-0.003686683176783556,0.003959675229718407,0.01672240802675584,0.023272535523587476,0.0,-0.0,-1.4598068054929413e-05,0.0004608353970979441
2014-01-02,0.1428571428571428,3.0,-0.027256355498927243,-0.008861912729460575,-0.013157894736842146,0.023265347436952702,0.0,-0.0,0.00024154344375464608,-0.0038937650712753185
2014-01-03,0.0,3.01,-0.008257556130343846,-0.00033296507498215,0.0033333333333331883,0.023258159350317928,0.0,-0.0,2.749477796109251e-06,-0.0
2014-01-06,0.0,2.98,-0.0014968288299039845,-0.0025117674736410134,-0.009966777408637828,0.02325097126368314,0.0,-0.0,3.759685968560965e-06,-0.0
2014-01-07,-0.12499999999999989,2.96,0.0058090049441306135,0.006081764662643874,-0.006711409395973145,0.023243783177048366,0.0,0.0,3.532900099433711e-05,-0.000726125618016326
2014-01-08,0.0,3.01,-0.001863036339869173,-0.0002122089839386998,0.016891891891891886,0.023236595090413578,0.0,-0.0,3.953530487245114e-07,-0.0
2014-01-09,0.0,2.97,-0.007092880311783456,0.0003483091890779111,-0.013289036544850363,0.023229407003778804,0.0,-0.0,-2.4705153896239767e-06,-0.0
2014-01-10,0.0,2.88,0.008083472274512005,0.002306686808393188,-0.030303030303030387,0.02322221891714403,0.0,0.0,1.864603886162892e-05,0.0
2014-01-13,0.0,2.84,-0.004662004662004615,-0.012576216507389826,-0.01388888888888895,0.023215030830509242,0.0,-0.0,5.8630379987830765e-05,-0.0
2014-01-14,0.0,2.88,-0.003372371057157486,0.010817971767347556,0.014084507042253502,0.023206644037227327,0.0,-0.0,-3.6482214885349715e-05,-0.0
2014-01-15,0.0,2.9,0.006955520894960543,0.005166188100786506,0.00694444444444442,0.02319825724394539,0.0,0.0,3.593352928231707e-05,0.0
2014-01-16,0.0,2.86,-0.0003733866942301489,-0.0013471203041567348,-0.01379310344827589,0.02318987045066348,0.0,-0.0,5.02996797099396e-07,-0.0
2014-01-17,0.0,2.84,-0.00028012681223954505,-0.0038951743709020326,-0.006993006993006978,0.02318148365738156,0.0,-0.0,1.0911427796379618e-06,-0.0
2014-01-22,0.0,2.87,0.011302065309785059,0.003350211749209908,0.010563380281690238,0.02317309686409963,0.0,0.0,3.7864311991179624e-05,0.0
2014-01-23,0.0,2.79,-0.006372908778102482,-0.00888957673985069,-0.027874564459930307,0.023164710070817714,0.0,-0.0,5.665246163901011e-05,-0.0
2014-01-24,0.0,2.75,0.0027885798220601554,-0.02087544856898549,-0.014336917562724039,0.023156323277535782,0.0,0.0,-5.821285465592748e-05,0.0
2014-01-27,0.0,2.78,-0.011030727125588724,-0.004876293940238585,0.010909090909090757,0.023147936484253864,0.0,-0.0,5.3789067838933685e-05,-0.0
2014-01-28,0.0,2.77,0.006748535047588433,0.00614065260021901,-0.003597122302158251,0.02313954969097195,0.0,0.0,4.144040928764303e-05,0.0
2014-01-29,0.0,2.69,0.004096404403782117,-0.010209232261157553,-0.028880866425992857,0.023131162897690016,0.0,0.0,-4.182114399384025e-05,0.0
2014-01-30,0.0,2.72,0.0009271995877226935,0.011267044743841437,0.01115241635687747,0.023127032819813414,0.0,0.0,1.0446799241342921e-05,0.0
2014-01-31,0.0,2.67,-0.014358457305991834,-0.0064652996420466735,-0.018382352941176516,0.0231229027419368,0.0,-0.0,9.283172888077145e-05,-0.0
2014-02-03,0.0,2.61,-0.003383464334481223,-0.02283191982018462,-0.022471910112359605,0.023118772664060195,0.0,-0.0,7.72509863993296e-05,-0.0
2014-02-04,0.0,2.64,-0.002451925065877658,0.007641088938743268,0.011494252873563315,0.023114642586183592,0.0,-0.0,-1.873537749950513e-05,-0.0
2014-02-05,0.0,2.7,0.0044431955580162,-0.0020282227794392593,0.022727272727272707,0.02311051250830698,0.0,0.0,-9.011790444271788e-06,0.0
2014-02-06,0.0,2.73,0.008847081801470535,0.012439792925644788,0.011111111111111072,0.023106382430430377,0.0,0.0,0.00011005586560653391,0.0
2014-02-07,-0.14285714285714302,2.71,0.02220353763606786,0.013301886798946505,-0.0073260073260073,0.023102252352553764,0.0,0.0,0.000295348944171123,-0.0031719339480096977
2014-02-10,0.16666666666666674,2.7,-0.008579012905214567,0.0015692347655638095,-0.0036900369003689537,0.023098122274677158,0.0,-0.0,-1.3462485305083278e-05,-0.0014298354842024285
2014-02-11,-0.14285714285714302,2.75,0.00046030611269531896,0.011062113608869106,0.01851851851851838,0.023093992196800556,0.0,0.0,5.0919585134925245e-06,-6.575801609933136e-05
2014-02-12,0.16666666666666674,2.8,0.0010121513621887956,-0.00026926239009483766,0.018181818181818077,0.023089862118923943,0.0,0.0,-2.725342949207008e-07,0.00016869189369813267
2014-02-13,-0.14285714285714302,2.73,-0.0005514988334298643,0.005810025082904069,-0.02499999999999991,0.023089521400753953,0.0,-0.0,-3.2042220554198444e-06,7.878554763283784e-05
2014-02-14,0.0,2.75,0.0,0.004809216724759979,0.0073260073260073,0.023089180682583966,0.0,0.0,0.0,0.0
2014-02-19,0.0,2.73,0.01600292292880323,-0.00537356882927742,-0.0072727272727273196,0.023088839964413976,0.0,0.0,-8.599280782754596e-05,0.0
2014-02-20,0.0,2.76,-0.001538862741620517,0.006031458262132583,0.01098901098901095,0.02308849924624399,0.0,-0.0,-9.281586397235065e-06,-0.0
2014-02-21,0.0,2.73,-0.0040798238004178256,-0.0019187235651341172,-0.010869565217391242,0.023088158528074,0.0,-0.0,7.828054067456714e-06,-0.0
2014-02-24,0.0,2.75,0.007191633377340967,0.00618651346579302,0.0073260073260073,0.02308781780990401,0.0,0.0,4.4491136729966424e-05,0.0
2014-02-25,0.0,2.7,-0.010213279642549367,-0.0013476817370097205,-0.018181818181818077,0.023087477091734022,0.0,-0.0,1.3764250449236947e-05,-0.0
2014-02-26,0.0,2.67,9.126569848394439e-05,2.1699977565736717e-05,-0.011111111111111183,0.02308713637356403,0.0,0.0,1.980463609622885e-09,0.0
2014-02-27,0.0,2.65,-0.005113199194287987,0.004948082937896281,-0.0074906367041198685,0.023086795655394045,0.0,-0.0,-2.53005336913214e-05,-0.0
2014-02-28,-0.14285714285714302,2.66,0.0010095503971716546,0.0027826887923012578,0.0037735849056603765,0.023086454937224055,0.0,0.0,2.8092645754728467e-06,-0.00014422148531023654
2014-03-03,0.16666666666666674,2.6,0.019528717881889257,-0.007378510346287226,-0.022556390977443663,0.023084640216259555,0.0,0.0,-0.00014409284694124423,0.003254786313648211
2014-03-04,0.0,2.7,-0.017086276516434795,0.01526770113133269,0.03846153846153855,0.023082825495295056,0.0,-0.0,-0.0002608681633002347,-0.0
2014-03-05,0.1428571428571428,2.7,-0.014089669465041976,-5.335132643191631e-05,0.0,0.023081010774330557,0.0,-0.0,7.517025549472582e-07,-0.002012809923577424
2014-03-06,0.0,2.74,0.0031551255674697742,0.0017184082710823834,0.014814814814814836,0.02307919605336606,0.0,0.0,5.421793871443559e-06,0.0
2014-03-07,0.0,2.8,0.008325638654790302,0.0005380892952486782,0.021897810218977964,0.02307738133240156,0.0,0.0,4.4799370362512666e-06,0.0
2014-03-10,0.0,2.79,-0.008440350173810174,-0.0004632463094992323,-0.0035714285714284477,0.02307556661143706,0.0,-0.0,3.909961068898767e-06,-0.0
2014-03-11,0.0,2.77,0.004348641864734715,-0.005082138985368356,-0.007168458781361964,0.02307375189047256,0.0,0.0,-2.210040235417324e-05,0.0
2014-03-12,0.0,2.73,-0.004882601508898077,0.00030517087837123036,-0.014440433212996373,0.02307193716950806,0.0,-0.0,-1.4900277912071208e-06,-0.0
2014-03-13,0.0,2.66,-0.005832228041069865,-0.011701095130556172,-0.02564102564102555,0.023070122448543565,0.0,-0.0,6.824345513165576e-05,-0.0
2014-03-14,0.0,2.65,0.010987990612555398,-0.0028217776974703845,-0.00375939849624074,0.023068307727579063,0.0,0.0,-3.100566685052277e-05,0.0
2014-03-17,0.0,2.7,-0.00027630818256607625,0.009613634629240364,0.018867924528301883,0.023062888260654994,0.0,-0.0,-2.6563259122596993e-06,-0.0
2014-03-18,0.0,2.68,-0.016123088126394625,0.0072196189337276895,-0.007407407407407418,0.023057468793730915,0.0,-0.0,-0.00011640255230747872,-0.0
2014-03-19,0.0,2.78,-0.008802345101109332,-0.006131649335692324,0.03731343283582067,0.023052049326806847,0.0,-0.0,5.397289349175162e-05,-0.0
2014-03-20,0.0,2.79,0.00566838434360295,0.006040504799839086,0.003597122302158251,0.02304662985988278,0.0,0.0,3.4239902834866345e-05,0.0
2014-03-21,0.0,2.75,0.004415230006362902,-0.0029326714097337447,-0.014336917562724039,0.0230412103929587,0.0,0.0,-1.2948418807059023e-05,0.0
2014-03-24,0.125,2.74,-0.0010288123104692515,-0.004864709743258144,-0.0036363636363635488,0.02303579092603463,0.0,-0.0,5.0048732707236905e-06,-0.00012860153880865643
2014-03-25,0.0,2.75,0.0016852383605479027,0.004403939814465518,0.0036496350364962904,0.023030371459110553,0.0,0.0,7.421688312881505e-06,0.0
2014-03-26,-0.11111111111111105,2.71,0.00037387528111065826,-0.007000319763734719,-0.014545454545454528,0.023024951992186484,0.0,0.0,-2.6172465195308148e-06,-4.1541697901184225e-05
2014-03-27,0.0,2.69,0.007474568446996566,-0.0019000838946738874,-0.0073800738007380184,0.023019532525262416,0.0,0.0,-1.4202307125775784e-05,0.0
2014-03-28,0.0,2.73,0.0022257058304195887,0.0046402218845611465,0.014869888475836479,0.023014113058338337,0.0,0.0,1.0327768902908315e-05,0.0
2014-03-31,-0.25,2.73,-0.0028684885673095906,0.007924102207026662,0.0,0.023003697329213757,0.0,-0.0,-2.2730196587048673e-05,0.0007171221418273976
2014-04-01,0.3333333333333335,2.77,-0.019858939747820714,0.0070393485966973035,0.0146520146520146,0.02299328160008915,0.0,-0.0,-0.00013979399964571804,-0.006619646582606908
2014-04-02,0.125,2.82,-0.007858377290958285,0.002853326841976367,0.018050541516245522,0.02298286587096457,0.0,-0.0,-2.24225188586688e-05,-0.0009822971613697856
2014-04-03,-0.11111111111111105,2.8,0.012978343338768239,-0.0011264502910314222,-0.007092198581560294,0.022972450141839986,0.0,0.0,-1.4619458631061202e-05,-0.0014420381487520258
2014-04-04,0.0,2.74,0.005369756821767435,-0.012537288005457836,-0.02142857142857124,0.022962034412715382,0.0,0.0,-6.732218779377026e-05,0.0
2014-04-07,0.125,2.71,-0.00843329755982336,-0.010750112394172895,-0.010948905109489093,0.022951618683590802,0.0,-0.0,9.065889662160514e-05,-0.00105416219497792
2014-04-08,-0.11111111111111105,2.69,0.01748250311336541,0.0037505537703756975,-0.0073800738007380184,0.022941202954466194,0.0,0.0,6.556906796743751e-05,-0.001942500345929489
2014-04-09,0.0,2.71,0.0028792160607438166,0.010918212704340347,0.0074349442379182396,0.022930787225341615,0.0,0.0,3.143589337295391e-05,0.0
2014-04-10,0.0,2.65,-0.004815746029772194,-0.020884795550912827,-0.022140221402214055,0.02292037149621703,0.0,-0.0,0.00010057587125691243,-0.0
2014-04-11,0.125,2.63,-0.0012097269172297587,-0.009486773662544357,-0.007547169811320753,0.022909955767092427,0.0,-0.0,1.1476405457246252e-05,-0.00015121586465371983
2014-04-14,0.0,2.65,0.016211663412700084,0.008217286225508769,0.0076045627376426506,0.022886819731174412,0.0,0.0,0.00013321587845376487,0.0
2014-04-15,0.11111111111111116,2.64,-0.003025596699165911,0.006757307791485534,-0.0037735849056602655,0.022863683695256345,0.0,-0.0,-2.0444888149166726e-05,-0.00033617741101843473
2014-04-16,-0.10000000000000009,2.65,0.0005518225967178214,0.010488490558689278,0.0037878787878786735,0.022840547659338326,0.0,0.0,5.787786095746271e-06,-5.518225967178219e-05
2014-04-17,0.0,2.73,0.006709519366389971,0.001363852909705754,0.030188679245283012,0.02281741162342031,0.0,0.0,9.150797510578068e-06,0.0
2014-04-21,0.11111111111111116,2.73,0.0038345491977189727,0.003775123551313042,0.0,0.022794275587502244,0.0,0.0,1.4475896984977425e-05,0.00042606102196877493
2014-04-22,0.0,2.73,-0.006184632324236272,0.004092139025126507,0.0,0.02277113955158423,0.0,-0.0,-2.53083752900661e-05,-0.0
2014-04-23,0.0,2.7,-0.0014642265729857273,-0.002213313863220212,-0.01098901098901095,0.022748003515666162,0.0,-0.0,3.240792972884732e-06,-0.0
2014-04-24,0.0,2.7,0.011181387717702718,0.0017169605671216726,0.0,0.022724867479748143,0.0,0.0,1.9198001796994162e-05,0.0
2014-04-25,-0.10000000000000009,2.68,-0.006797788340006106,-0.008096390978489132,-0.007407407407407418,0.022701731443830128,0.0,-0.0,5.5037552189704045e-05,0.0006797788340006112
2014-04-28,0.0,2.7,-0.013323590619423564,0.0032360358580392212,0.00746268656716409,0.02267859540791206,0.0,-0.0,-4.311561700228965e-05,-0.0
2014-04-29,0.11111111111111116,2.71,0.00795413048931648,0.004760757069291355,0.0037037037037035425,0.02266158829032003,0.0,0.0,3.786768295707933e-05,0.0008837922765907204
2014-04-30,-0.10000000000000009,2.67,-0.008350189338211966,0.002992016977140688,-0.014760147601476037,0.022644581172727954,0.0,-0.0,-2.4983908262269368e-05,0.0008350189338211973
2014-05-01,0.0,2.63,-0.0028684885673095906,-0.0001432614814260713,-0.014981273408239737,0.02262757405513592,0.0,-0.0,4.1094392160652084e-07,-0.0
2014-05-02,0.0,2.6,0.007702247449947963,-0.0013484450597095465,-0.011406844106463754,0.022610566937543885,0.0,0.0,-1.0386057522542783e-05,0.0
2014-05-05,0.0,2.63,-0.00801174276201655,0.001871216126306141,0.011538461538461497,0.022593559819951814,0.0,-0.0,-1.4991702256101871e-05,-0.0
2014-05-06,0.0,2.61,-0.006127029842462828,-0.008988392160571124,-0.0076045627376425395,0.02257655270235978,0.0,-0.0,5.5072147003578205e-05,-0.0
2014-05-07,-0.11111111111111105,2.62,0.00999439304338301,0.005616468420812426,0.003831417624521105,0.022559545584767707,0.0,0.0,5.613319291334807e-05,-0.001110488115931445
2014-05-08,0.0,2.61,-0.0008322976063682708,-0.0013736249452109828,-0.003816793893129833,0.022542538467175674,0.0,-0.0,1.143264753946848e-06,-0.0
2014-05-09,0.0,2.62,-0.0013883887875583145,0.001519476431128819,0.003831417624521105,0.022525531349583638,0.0,-0.0,-2.109624039938376e-06,-0.0
2014-05-12,0.0,2.66,0.004819763420174983,0.009672737603931392,0.01526717557251911,0.022508524231991567,0.0,0.0,4.662030687637953e-05,0.0
2014-05-13,0.125,2.61,0.007656066540197459,0.0004217577030636299,-0.018796992481203145,0.02249734535484883,0.0,0.0,3.2290050384959926e-06,0.0009570083175246824
2014-05-14,-0.11111111111111105,2.54,0.008696490261940859,-0.004701005088166399,-0.026819923371647403,0.022486166477706068,0.0,0.0,-4.0882244970573516e-05,-0.000966276695771206
2014-05-15,0.125,2.5,0.002268808371548303,-0.00936180703333589,-0.015748031496062964,0.022474987600563327,0.0,0.0,-2.124014617005225e-05,0.0002836010464435379
2014-05-16,0.0,2.52,-0.00018113248839835006,0.00374696520677964,0.008000000000000007,0.02246380872342059,0.0,-0.0,-6.786971318460344e-07,-0.0
2014-05-19,0.0,2.54,-0.009509105594774248,0.0038447864907102947,0.007936507936507908,0.022452629846277827,0.0,-0.0,-3.656048072952571e-05,-0.0
2014-05-20,0.0,2.52,0.0029258451749853975,-0.00649839809746755,-0.007874015748031482,0.02244145096913509,0.0,0.0,-1.9013306718609718e-05,0.0
2014-05-21,0.0,2.54,0.007840282534508525,0.008116098951240547,0.007936507936507908,0.022430272091992328,0.0,0.0,6.363250885575421e-05,0.0
2014-05-22,0.0,2.56,-0.001718701367355857,0.0023622298736216685,0.007874015748031482,0.022419093214849587,0.0,-0.0,-4.059967713802415e-06,-0.0
2014-05-23,0.0,2.54,0.0016310284902163463,0.004248391856225497,-0.0078125,0.02240791433770685,0.0,0.0,6.929248155106894e-06,0.0
2014-05-27,0.0,2.52,-0.004704218094392032,0.005987805879090757,-0.007874015748031482,0.022396735460564088,0.0,-0.0,-2.816794476212573e-05,-0.0
2014-05-28,0.0,2.44,-0.0019087356015283774,-0.0011140717108722997,-0.031746031746031744,0.022396600019844136,0.0,-0.0,2.1264683371975875e-06,-0.0
2014-05-29,0.0,2.45,0.0014570955802453156,0.0053671102654548886,0.004098360655737876,0.022396464579124187,0.0,0.0,7.82039264648358e-06,0.0
2014-05-30,-0.11111111111111105,2.48,-0.005092275642244237,0.0018436779311643559,0.012244897959183598,0.022396329138404236,0.0,-0.0,-9.388516221011496e-06,0.0005658084046938039
2014-06-02,0.125,2.54,-0.005301177329688267,0.0007278261010281728,0.024193548387096753,0.022396193697684287,0.0,-0.0,-3.858335226725952e-06,-0.0006626471662110334
2014-06-03,0.11111111111111116,2.6,-9.19060558870477e-05,-0.00037921654875650024,0.023622047244094446,0.022396058256964335,0.0,-0.0,3.485229732330826e-08,-1.0211783987449749e-05
2014-06-04,-0.10000000000000009,2.61,-0.003859567819547549,0.001891663548679423,0.0038461538461538325,0.022395922816244383,0.0,-0.0,-7.30100375789422e-06,0.00038595678195475525
2014-06-05,0.0,2.59,0.003597780296666686,0.006525279593556643,-0.007662835249042099,0.022395787375524435,0.0,0.0,2.3476522351939294e-05,0.0
2014-06-06,0.0,2.6,-0.0016545666298463102,0.004627758701298612,0.0038610038610038533,0.022395651934804483,0.0,-0.0,-7.656935118149582e-06,-0.0
2014-06-09,0.0,2.62,0.012705986977836758,0.0009387712266117898,0.007692307692307665,0.022395516494084534,0.0,0.0,1.1928014980497242e-05,0.0
2014-06-10,0.0,2.64,-0.004273126919097314,-0.00024598362294592224,0.007633587786259444,0.022395381053364583,0.0,-0.0,1.051119240867304e-06,-0.0
2014-06-11,0.0,2.65,0.0039262264276467285,-0.0035370410325543666,0.0037878787878786735,0.02239226182524592,0.0,0.0,-1.3887223977685827e-05,0.0
2014-06-12,0.0,2.58,0.02792178062787376,-0.00708889350376507,-0.026415094339622636,0.022396464579124187,1.0,0.02792178062787376,-0.00019793452930648767,0.0
2014-06-13,0.11111111111111116,2.6,0.0034507788942399475,0.003134561695468774,0.007751937984496138,0.022396329138404236,0.0,0.0,1.0816679341416631e-05,0.0003834198771377721
2014-06-16,0.0,2.61,-0.0016753587450040186,0.0008367051734305964,0.0038461538461538325,0.022396193697684287,0.0,-0.0,-1.4017813292970536e-06,-0.0
2014-06-17,0.0,2.66,0.0020314054500911727,0.0021725690603942027,0.019157088122605526,0.022396058256964335,0.0,0.0,4.413368629984242e-06,0.0
2014-06-18,0.0,2.61,0.00713975504431108,0.007718881307192449,-0.018796992481203145,0.022395922816244383,0.0,0.0,5.511092174946579e-05,0.0
2014-06-19,0.0,2.64,0.007001535160216843,0.0012774785766593855,0.011494252873563315,0.022395787375524435,0.0,0.0,8.944311170904456e-06,0.0
2014-06-20,0.0,2.63,-0.002172779465536512,0.0017300583227324307,-0.0037878787878788955,0.022395651934804483,0.0,-0.0,-3.7590351978135646e-06,-0.0
2014-06-23,0.0,2.63,-0.006009884388853637,-0.00013246407875799893,0.0,0.022395516494084534,0.0,-0.0,7.960937990115764e-07,-0.0
2014-06-24,0.0,2.59,0.002979287852328927,-0.006435310620591883,-0.01520912547528519,0.022395381053364583,0.0,0.0,-1.9172642757892723e-05,0.0
2014-06-25,0.0,2.57,-0.004018863254866667,0.0048975112174378665,-0.007722007722007707,0.02239226182524592,0.0,-0.0,-1.9682427872058356e-05,-0.0
2014-06-26,0.0,2.53,-0.006929832592345142,-0.00117888399729138,-0.015564202334630406,0.02238914259712725,0.0,-0.0,8.169468747023928e-06,-0.0
2014-06-27,0.0,2.54,0.0007950178253954832,0.001910868625069062,0.0039525691699606735,0.022386023369008592,0.0,0.0,1.5191746189188627e-06,0.0
2014-06-30,-0.10000000000000009,2.53,-0.008296579135808502,-0.0003722566922789161,-0.003937007874015852,0.02238290414088993,0.0,-0.0,3.0884571063263412e-06,0.0008296579135808509
2014-07-01,0.11111111111111116,2.58,-0.0006229947885721954,0.006677770440579822,0.01976284584980248,0.02237978491277126,0.0,-0.0,-4.160216183762682e-06,-6.92216431746884e-05
2014-07-02,0.0,2.64,-0.00935081523908532,0.0006588129971369927,0.023255813953488413,0.0223766656846526,0.0,-0.0,-6.160438613336064e-06,-0.0
2014-07-03,-0.10000000000000009,2.65,-0.002157478140762281,0.005479508115899812,0.0037878787878786735,0.02237354645653393,0.0,-0.0,-1.1821918982183356e-05,0.0002157478140762283
2014-07-07,0.11111111111111116,2.63,-0.006846866092166337,-0.003923521850109468,-0.007547169811320753,0.02237042722841527,0.0,-0.0,2.686382871738825e-05,-0.0007607628991295934
2014-07-08,-0.10000000000000009,2.58,-0.011792411534421121,-0.00704880201475111,-0.019011406844106404,0.02236730800029661,0.0,-0.0,8.312237418260182e-05,0.0011792411534421131
2014-07-09,0.0,2.57,-0.006058414240116772,0.004644267890169251,-0.00387596899224818,0.02236418877217794,0.0,-0.0,-2.8136898720718467e-05,-0.0
2014-07-10,0.0,2.55,0.003601767584458182,-0.004131071874054704,-0.0077821011673151474,0.022353689511240026,0.0,0.0,-1.4879160765037145e-05,0.0
2014-07-11,0.0,2.53,-0.018496314904791533,0.0014709227452411877,-0.007843137254901933,0.022343190250302087,0.0,-0.0,-2.720665029660146e-05,-0.0
2014-07-14,0.0,2.55,0.0030001845475080557,0.004843552990250188,0.007905138339920903,0.022332690989364173,0.0,0.0,1.4531552836385052e-05,0.0
2014-07-15,0.0,2.56,-0.008973702409263984,-0.0019320956634630848,0.0039215686274509665,0.02232219172842626,0.0,-0.0,1.733805151014718e-05,-0.0
2014-07-16,0.0,2.55,-0.001603453823127765,0.004201084929208676,-0.003906250000000111,0.02231169246748832,0.0,-0.0,-6.736245691024088e-06,-0.0
2014-07-17,0.0,2.47,0.0010392122053592967,-0.01183402645755216,-0.03137254901960773,0.022301193206550406,0.0,0.0,-1.2298064733233046e-05,0.0
2014-07-18,0.0,2.5,0.012080018784035973,0.010264935568841116,0.012145748987854255,0.022290693945612467,0.0,0.0,0.00012400061448851967,0.0
2014-07-21,0.11111111111111116,2.49,0.004102969509242271,-0.0023202504717819705,-0.0039999999999998925,0.022280194684674553,0.0,0.0,-9.51991693952642e-06,0.00045588550102691923
2014-07-22,-0.10000000000000009,2.48,-0.0032503572913183953,0.005016150134305564,-0.004016064257028162,0.02226969542373664,0.0,-0.0,-1.630428016338784e-05,0.0003250357291318398
2014-07-23,0.0,2.48,0.006521913130533852,0.0017544380056517817,0.0,0.0222591961627987,0.0,0.0,1.1442292265767978e-05,0.0
2014-07-24,0.0,2.52,-0.008886412064429527,0.00048815592189166424,0.016129032258064502,0.022256208605984432,0.0,-0.0,-4.337954673620803e-06,-0.0
2014-07-25,0.0,2.48,0.01232838048553786,-0.004849150767687549,-0.015873015873015928,0.022253221049170158,0.0,0.0,-5.978217569579011e-05,0.0
2014-07-28,0.0,2.5,-0.007565270776286548,0.0002881549022029084,0.008064516129032251,0.022250233492355886,0.0,-0.0,-2.179969860679371e-06,-0.0
2014-07-29,0.0,2.47,0.0013944550181692605,-0.004527786939807377,-0.0119999999999999,0.02224724593554162,0.0,0.0,-6.313795219415636e-06,0.0
2014-07-30,0.0,2.57,-0.011232817218350566,6.091277451791832e-05,0.04048582995951411,0.022244258378727344,0.0,-0.0,-6.842220624223785e-07,-0.0
2014-07-31,-0.11111111111111105,2.58,-0.004600558476539396,-0.019999240340662028,0.0038910505836575737,0.022241270821913076,0.0,-0.0,9.200767467358133e-05,0.0005111731640599326
2014-08-01,0.125,2.52,-0.011129978707209776,-0.002859121137017251,-0.023255813953488413,0.0222382832650988,0.0,-0.0,3.182195737633541e-05,-0.001391247338401222
2014-08-04,0.0,2.51,0.005436926212603721,0.007189032358413172,-0.003968253968254065,0.02223529570828453,0.0,0.0,3.908623847271292e-05,0.0
2014-08-05,0.0,2.49,-0.007589441456829937,-0.009685469956760784,-0.007968127490039723,0.022232308151470263,0.0,-0.0,7.350730721872115e-05,-0.0
2014-08-06,0.0,2.49,-0.0001912271517466868,1.563854864095049e-05,0.0,0.022229320594655988,0.0,-0.0,-2.990515114060982e-09,-0.0
2014-08-07,0.0,2.43,0.008127030626997822,-0.0055566200056119674,-0.02409638554216864,0.02222674229879718,0.0,0.0,-4.515882096819727e-05,0.0
2014-08-08,0.0,2.44,-0.003983362942098223,0.011531402436471216,0.00411522633744843,0.022224164002938362,0.0,-0.0,-4.5933761135860606e-05,-0.0
2014-08-11,0.0,2.44,-0.0032374438084032953,0.0027594252503462258,0.0,0.02222158570707955,0.0,-0.0,-8.933484191485101e-06,-0.0
2014-08-12,0.0,2.46,-0.015857887440484664,-0.00163664161317445,0.008196721311475308,0.02221900741122074,0.0,-0.0,2.595367848213367e-05,-0.0
2014-08-13,0.0,2.43,0.012230655962802928,0.006707160027472625,-0.012195121951219412,0.022216429115361924,0.0,0.0,8.203296678348151e-05,0.0
2014-08-14,0.0,2.4,-0.02176828413539522,0.004345814053963171,-0.012345679012345734,0.022213850819503115,0.0,-0.0,-9.460091512626408e-05,-0.0
2014-08-15,0.0,2.34,-0.0005882284749699762,-6.137292417629503e-05,-0.025000000000000022,0.0222112725236443,0.0,-0.0,3.6101301592670006e-08,-0.0
2014-08-18,0.0,2.39,-0.003433040555153477,0.008531672245722488,0.021367521367521514,0.022208694227785486,0.0,-0.0,-2.9289576822842644e-05,-0.0
2014-08-19,0.0,2.4,-0.000393709804410447,0.005000651911710952,0.004184100418409997,0.022206115931926677,0.0,-0.0,-1.968805686084447e-06,-0.0
2014-08-20,0.0,2.43,0.007089417467617931,0.002477812999687634,0.012500000000000178,0.02220353763606786,0.0,0.0,1.7566250761476295e-05,0.0
2014-08-21,0.0,2.41,0.003421964003698541,0.0029498896671826813,-0.008230452674897082,0.022198082700225944,0.0,0.0,1.0094416255981405e-05,0.0
2014-08-22,0.0,2.4,-0.0033128358860917695,-0.0019925870761225983,-0.004149377593361092,0.022192627764384017,0.0,-0.0,6.601113971941616e-06,-0.0
2014-08-25,0.0,2.39,0.0035194115468710763,0.004787778824361766,-0.004166666666666541,0.022187172828542105,0.0,0.0,1.6850164078323624e-05,0.0
2014-08-26,0.0,2.39,-0.001461291024346334,0.0010510808940034089,0.0,0.022181717892700188,0.0,-0.0,-1.535935076269102e-06,-0.0
2014-08-27,0.0,2.37,0.0021463533727135164,4.9987292607633904e-05,-0.008368200836820106,0.02217626295685826,0.0,0.0,1.0729039408121246e-07,0.0
2014-08-28,0.0,2.34,-0.0025311734145313514,-0.0016899010514689339,-0.012658227848101333,0.022170808021016345,0.0,-0.0,4.277432614666743e-06,-0.0
2014-08-29,-0.2222222222222221,2.35,0.007124764429597086,0.00332041473363498,0.00427350427350448,0.02216535308517442,0.0,0.0,2.3657172785712588e-05,-0.001583280984354907
2014-09-02,0.2857142857142856,2.42,-0.027619013820005756,-0.0005440661600049079,0.029787234042553123,0.022159898149332505,0.0,-0.0,1.5026570792173014e-05,-0.007891146805715926
2014-09-03,0.0,2.41,0.0242176638814382,-0.0007791410646480479,-0.004132231404958553,0.022206115931926677,1.0,0.0242176638814382,-1.8868976419872334e-05,0.0
2014-09-04,0.0,2.45,-0.009146587941191053,-0.0015344207755288997,0.016597510373443924,0.02220353763606786,0.0,-0.0,1.4034714562165658e-05,-0.0
2014-09-05,0.0,2.46,-0.009918512403703561,0.005035885365550108,0.004081632653061051,0.022198082700225944,0.0,-0.0,-4.9948491461837986e-05,-0.0
2014-09-08,0.0,2.48,-0.0061496007583687895,-0.003073114142502442,0.008130081300812941,0.022192627764384017,0.0,-0.0,1.889842506128687e-05,-0.0
2014-09-09,0.0,2.5,-0.010379174828418547,-0.006545009043329442,0.008064516129032251,0.022187172828542105,0.0,-0.0,6.79317931142967e-05,-0.0
2014-09-10,0.0,2.54,-0.011294904247870718,0.0036460744169486414,0.016000000000000014,0.022181717892700188,0.0,-0.0,-4.118206142004596e-05,-0.0
2014-09-11,0.0,2.54,0.0004080060705202726,0.0008819054148185845,0.0,0.02217626295685826,0.0,0.0,3.5982276287068165e-07,0.0
2014-09-12,0.0,2.62,-0.009889898068863978,-0.005962558462297207,0.03149606299212593,0.022170808021016345,0.0,-0.0,5.8969095421761723e-05,-0.0
2014-09-15,0.0,2.6,-0.00473688684565432,-0.0007101514711097545,-0.007633587786259555,0.02216535308517442,0.0,-0.0,3.36390716192186e-06,-0.0
2014-09-16,0.0,2.6,-0.00020697643192046922,0.007484376300642026,0.0,0.022159898149332505,0.0,-0.0,-1.5490895018570077e-06,-0.0
2014-09-17,0.0,2.62,0.024216123706889414,0.0012956437010964716,0.007692307692307665,0.022206115931926677,1.0,0.024216123706889414,3.137546814580421e-05,0.0
2014-09-18,0.0,2.63,-0.01283221437603932,0.0048911800862372345,0.003816793893129722,0.02220353763606786,0.0,-0.0,-6.276467141841068e-05,-0.0
2014-09-19,0.0,2.59,0.007062461238067197,-0.00047726958102545236,-0.01520912547528519,0.022198082700225944,0.0,0.0,-3.3706979161008285e-06,0.0
2014-09-22,0.0,2.57,-0.014432342491656813,-0.00801332329681892,-0.007722007722007707,0.022192627764384017,0.0,-0.0,0.00011565102631606315,-0.0
2014-09-23,0.0,2.54,-0.0012375244412847763,-0.0057765015647701645,-0.011673151750972721,0.022187172828542105,0.0,-0.0,7.148561871522834e-06,-0.0
2014-09-24,0.0,2.57,0.0010325087836506874,0.00783249148610099,0.011811023622047223,0.022181717892700188,0.0,0.0,8.087116257268498e-06,0.0
2014-09-25,0.0,2.52,0.0005157612514883336,-0.016168772358634453,-0.01945525291828787,0.02217626295685826,0.0,0.0,-8.339226266719282e-06,0.0
2014-09-26,0.0,2.54,0.0,0.008575824615237426,0.007936507936507908,0.022170808021016345,0.0,0.0,0.0,0.0
2014-09-29,-0.11111111111111105,2.5,0.0020618242086822836,-0.002546802239196233,-0.015748031496062964,0.02216535308517442,0.0,0.0,-5.251058511501041e-06,-0.00022909157874247582
2014-09-30,-0.12499999999999989,2.52,-0.026028794842905878,-0.002785928622506484,0.008000000000000007,0.022159898149332505,0.0,-0.0,7.251436456220065e-05,0.0032535993553632317
2014-10-01,0.2857142857142856,2.42,-0.005387076335692131,-0.013248560995234304,-0.039682539682539764,0.02215444321349059,0.0,-0.0,7.137100941940051e-05,-0.0015391646673406083
2014-10-02,0.0,2.44,-0.007859021499399543,5.143341477165109e-06,0.008264462809917328,0.022148988277648662,0.0,-0.0,-4.0421631247794e-08,-0.0
2014-10-03,0.0,2.45,-0.011881830786853453,0.0111655096821337,0.004098360655737876,0.022142631873415704,0.0,-0.0,-0.00013266669669208652,-0.0
2014-10-06,0.0,2.43,0.005199906506647922,-0.0015651598591330806,-0.008163265306122436,0.022136275469182728,0.0,0.0,-8.138684935450251e-06,0.0
2014-10-07,0.0,2.36,-0.007328379119155626,-0.015126053030587783,-0.02880658436214001,0.02212991906494977,0.0,-0.0,0.00011084945118460017,-0.0
2014-10-08,0.0,2.35,-0.007925343090829928,0.017461650296527242,-0.004237288135593098,0.022123562660716807,0.0,-0.0,-0.00013838956953207056,-0.0
2014-10-09,-0.11111111111111105,2.34,-0.014554544119450674,-0.02066141501469354,-0.004255319148936287,0.022117206256483835,0.0,-0.0,0.00030071747640163774,0.0016171715688278517
2014-10-10,0.125,2.31,0.0017767465551654649,-0.011451012338901223,-0.012820512820512775,0.022110849852250876,0.0,0.0,-2.034554672629998e-05,0.0002220933193956831
2014-10-14,0.0,2.21,-0.043311941731990156,0.0015788647774723774,-0.04329004329004338,0.0221044934480179,0.0,-0.0,-6.838369924457522e-05,-0.0
2014-10-15,0.0,2.15,-0.014816581875182089,-0.008100314924121665,-0.02714932126696834,0.02209813704378494,0.0,-0.0,0.00012001897928800804,-0.0
2014-10-16,0.0,2.17,0.008235885073523797,0.0001449777086941495,0.009302325581395321,0.02209178063955198,0.0,0.0,1.194019747027827e-06,0.0
2014-10-17,0.0,2.22,0.0008286929538610099,0.012884107385910504,0.023041474654378113,0.022085424235319007,0.0,0.0,1.0676969007492631e-05,0.0
2014-10-20,0.0,2.2,0.010172706423446476,0.00914265720638352,-0.009009009009009028,0.022083966588220563,0.0,0.0,9.300556769074685e-05,0.0
2014-10-21,0.0,2.23,0.009601869791252104,0.019574487182363987,0.013636363636363447,0.022082508941122115,0.0,0.0,0.0001879516771555923,0.0
2014-10-22,0.0,2.25,-0.017513362501181295,-0.0072993302004167315,0.008968609865470878,0.022081051294023667,0.0,-0.0,0.00012783581581571853,-0.0
2014-10-23,0.0,2.29,0.02502659390266282,0.012303377138681793,0.017777777777777892,0.022123562660716807,1.0,0.02502659390266282,0.0003079116232810949,0.0
2014-10-24,0.0,2.29,-0.008061782366407422,0.007053449392805167,0.0,0.022117206256483835,0.0,-0.0,-5.686337393726383e-05,-0.0
2014-10-27,0.0,2.27,-0.0034830538944592426,-0.0015015683952100956,-0.008733624454148492,0.022110849852250876,0.0,-0.0,5.230043646733438e-06,-0.0
2014-10-28,0.0,2.3,0.0023301519745491106,0.011939073060167393,0.013215859030836885,0.0221044934480179,0.0,0.0,2.7819854665435143e-05,0.0
2014-10-29,0.0,2.34,0.012670045132529673,-0.0013853554985293615,0.01739130434782621,0.02209813704378494,0.0,0.0,-1.7552516690965154e-05,0.0
2014-10-30,0.0,2.32,-0.010101065829535072,0.0062301242403934864,-0.008547008547008517,0.02209178063955198,0.0,-0.0,-6.293089507839679e-05,-0.0
2014-10-31,-0.2222222222222221,2.35,-0.004406276238761442,0.011731393541549506,0.012931034482758674,0.022085424235319007,0.0,-0.0,-5.1691760609689026e-05,0.0009791724975025421
2014-11-03,0.2857142857142856,2.36,-0.012578637588834152,-0.00011892184463624389,0.004255319148936065,0.022083966588220563,0.0,-0.0,1.4958747850749525e-06,-0.003593896453952613
2014-11-04,0.11111111111111116,2.35,-0.023118649595348706,-0.0028298416808328897,-0.004237288135593098,0.022082508941122115,0.0,-0.0,6.542211822948818e-05,-0.0025687388439276353
2014-11-05,-0.10000000000000009,2.36,0.0015696360045518443,0.005700497411807115,0.004255319148936065,0.022081051294023667,0.0,0.0,8.94770598142705e-06,-0.00015696360045518458
2014-11-06,0.0,2.39,-0.0010849468499291026,0.0037755130048497954,0.01271186440677985,0.022079593646925223,0.0,-0.0,-4.096230941478146e-06,-0.0
2014-11-07,0.0,2.32,0.0063963163817628566,0.00034958621780534216,-0.029288702928870425,0.022078135999826776,0.0,0.0,2.236064051786828e-06,0.0
2014-11-10,0.0,2.38,-0.012591474510649237,0.003120184693883088,0.02586206896551735,0.02207667835272833,0.0,-0.0,-3.9287726041546794e-05,-0.0
2014-11-12,0.0,2.37,-0.015795285226513744,-0.0007011166816754955,-0.004201680672268782,0.022075220705629884,0.0,-0.0,1.1074337964131293e-05,-0.0
2014-11-13,0.0,2.35,-0.030604617672689072,0.0005298447465655887,-0.008438818565400852,0.022073763058531436,0.0,-0.0,-1.6215695894522677e-05,-0.0
2014-11-14,0.0,2.32,-0.0023100655724542785,0.00024027020881067784,-0.01276595744680864,0.022072305411432992,0.0,-0.0,-5.550399374599476e-07,-0.0
2014-11-17,0.11111111111111116,2.34,0.020195520169365988,0.0007353590216279127,0.008620689655172376,0.022070847764334545,0.0,0.0,1.4850957953011751e-05,0.0022439466854851106
2014-11-18,0.09999999999999987,2.32,-0.010591304548585367,0.005133983312177293,-0.008547008547008517,0.02205612760718029,0.0,-0.0,-5.437558080662473e-05,-0.0010591304548585353
2014-11-19,-0.09090909090909083,2.36,-0.004715212703277127,-0.0015011590075549863,0.01724137931034475,0.022041407450026,0.0,-0.0,7.0782840220621565e-06,0.0004286557002979203
2014-11-20,0.0,2.34,0.015749082982903895,0.0019670962134916703,-0.008474576271186418,0.022026687292871744,0.0,0.0,3.097996150163635e-05,0.0
2014-11-21,0.0,2.31,0.012983723125210789,0.0052368773596394025,-0.012820512820512775,0.02201196713571749,0.0,0.0,6.799416567824292e-05,0.0
2014-11-24,0.0,2.3,-0.008461925087245303,0.0028640233144536786,-0.0043290043290044045,0.0219972469785632,0.0,-0.0,-2.423515073503103e-05,-0.0
2014-11-25,0.0,2.27,-0.016942751869359673,-0.0011500296768531815,-0.01304347826086949,0.021982526821408947,0.0,-0.0,1.948466745732334e-05,-0.0
2014-11-26,0.0,2.24,-0.007404593610321308,0.0028059818899186517,-0.013215859030836885,0.021967806664254658,0.0,-0.0,-2.0777155572768956e-05,-0.0
2014-11-28,-0.20000000000000007,2.18,-0.09774917651602688,-0.002542427180532325,-0.0267857142857143,0.0219530865071004,0.0,-0.0,0.0002485201632489988,0.019549835303205382
2014-12-01,0.625,2.22,0.03406984087900189,-0.006829362527492333,0.01834862385321112,0.022072305411432992,1.0,0.03406984087900189,-0.00023267529461668197,0.02129365054937618
2014-12-02,-0.07692307692307698,2.28,-0.027570994964957296,0.006384461097458161,0.02702702702702675,0.022070847764334545,0.0,-0.0,-0.00017602594477198467,0.0021208457665351783
2014-12-03,0.0,2.29,-0.00878937820435377,0.0037647427417917267,0.004385964912280826,0.02205612760718029,0.0,-0.0,-3.308974779970326e-05,-0.0
2014-12-04,0.0,2.25,-0.004004559305340938,-0.0011618962070774064,-0.017467248908296984,0.022041407450026,0.0,-0.0,4.652882267892169e-06,-0.0
2014-12-05,0.0,2.31,-0.008184946867029197,0.0016652165347093018,0.026666666666666616,0.022026687292871744,0.0,-0.0,-1.3629708858694115e-05,-0.0
2014-12-08,0.0,2.26,-0.041696789722641125,-0.007256565211683386,-0.0216450216450218,0.02201196713571749,0.0,-0.0,0.00030257547374019494,-0.0
2014-12-09,0.0,2.22,0.00982012195965365,-0.00023782354133117245,-0.017699115044247593,0.0219972469785632,0.0,0.0,-2.335456180748844e-06,0.0
2014-12-10,0.0,2.18,-0.03889884225872098,-0.01635096881921505,-0.018018018018018056,0.021982526821408947,0.0,-0.0,0.0006360337568759115,-0.0
2014-12-11,0.0,2.19,-0.008717272372600449,0.0045356892119050585,0.004587155963302614,0.021967806664254658,0.0,-0.0,-3.953883825764187e-05,-0.0
2014-12-12,0.0,2.1,-0.028737465802209594,-0.016213587335965784,-0.041095890410958846,0.0219530865071004,0.0,-0.0,0.0004659374115984553,-0.0
2014-12-15,-0.08333333333333326,2.12,-0.012772790951007473,-0.006342586611898127,0.00952380952380949,0.021938366349946146,0.0,-0.0,8.101253288243354e-05,0.0010643992459172884
2014-12-16,0.09090909090909083,2.07,-0.019652812576980372,-0.008489022887163578,-0.02358490566037752,0.021923646192791857,0.0,-0.0,0.00016683317576312258,-0.0017866193251800321
2014-12-17,0.08333333333333348,2.14,-0.001002361722005074,0.020352415732846962,0.0338164251207731,0.021904042111703333,0.0,-0.0,-2.0400482480939642e-05,-8.353014350042298e-05
2014-12-18,0.0,2.22,-0.00886285595415881,0.02401520473971619,0.03738317757009346,0.021884438030614763,0.0,-0.0,-0.00021284330031773652,-0.0
2014-12-19,0.0,2.17,0.03559980755956249,0.004570048934014581,-0.022522522522522626,0.022026687292871744,1.0,0.03559980755956249,0.00016269286258870278,0.0
2014-12-22,0.0,2.17,-0.020690785853104132,0.003810463907886641,0.0,0.02201196713571749,0.0,-0.0,-7.88414927190648e-05,-0.0
2014-12-23,0.0,2.26,0.026285110635738906,0.0017463617463617798,0.041474654377880116,0.022078135999826776,1.0,0.026285110635738906,4.590331171314159e-05,0.0
2014-12-24,0.0,2.27,-0.02350457092755398,-0.00013929653841071588,0.004424778761062065,0.02207667835272833,0.0,-0.0,3.2741053670374187e-06,-0.0
2014-12-26,0.0,2.25,-0.013114224659952711,0.003309574570383944,-0.008810572687224627,0.022075220705629884,0.0,-0.0,-4.340250444488152e-05,-0.0
2014-12-29,0.0,2.22,-0.026408741373859512,0.0008617745425745227,-0.013333333333333197,0.022073763058531436,0.0,-0.0,-2.2758381017426653e-05,-0.0
2014-12-30,0.0,2.2,0.0003455504041911528,-0.0048886047197381766,-0.009009009009009028,0.022072305411432992,0.0,0.0,-1.6892593368363042e-06,0.0
2014-12-31,-0.5384615384615385,2.17,-0.009844554055312926,-0.010310858415930158,-0.01363636363636378,0.022070847764334545,0.0,-0.0,0.00010150580303230265,0.005300913722091577
2015-01-02,1.0,2.12,-0.015873079243762356,-0.0003399636723855348,-0.02304147465437778,0.02205612760718029,0.0,-0.0,5.396270311776058e-06,-0.015873079243762356
2015-01-05,0.0,2.04,-0.058667097944282376,-0.018278105145113743,-0.037735849056603765,0.022041407450026,0.0,-0.0,0.0010723233847842796,-0.0
2015-01-06,0.0,1.97,-0.03784601982924296,-0.008893471722946522,-0.03431372549019607,0.022026687292871744,0.0,-0.0,0.00033658250717744564,-0.0
2015-01-07,0.0,1.96,0.0009785333317209322,0.01162984267174294,-0.005076142131979711,0.02201196713571749,0.0,0.0,1.1380188696970887e-05,0.0
2015-01-08,0.0,2.03,-0.0037146126244027577,0.017888280629516196,0.03571428571428559,0.0219972469785632,0.0,-0.0,-6.644803305526017e-05,-0.0
2015-01-09,0.0,1.98,-0.016679719179588548,-0.008403811034715436,-0.024630541871921152,0.021982526821408947,0.0,-0.0,0.00014017320809738094,-0.0
2015-01-12,0.0,1.92,-0.05348234429320986,-0.008093685160912578,-0.030303030303030276,0.021967806664254658,0.0,-0.0,0.00043286925637677013,-0.0
2015-01-13,0.0,1.91,-0.017710313033589165,-0.0025785552362955766,-0.00520833333333337,0.0219530865071004,0.0,-0.0,4.5667020409195135e-05,-0.0
2015-01-14,0.0,1.86,0.04507401732653671,-0.005813067327385291,-0.02617801047120405,0.022072305411432992,1.0,0.04507401732653671,-0.00026201829743488904,0.0
2015-01-15,0.0,1.77,-0.02094887012800506,-0.009247875921837956,-0.048387096774193616,0.022070847764334545,0.0,-0.0,0.0001937325516464884,-0.0
2015-01-16,0.08333333333333348,1.83,0.0004195606992218881,0.013424199395820402,0.033898305084745894,0.02205612760718029,0.0,0.0,5.632266485004456e-06,3.496339160182407e-05
2015-01-20,-0.07692307692307698,1.82,0.006290691138535642,0.0015499523698385698,-0.005464480874316946,0.022041407450026,0.0,0.0,9.750271638095809e-06,-0.00048389931834889595
2015-01-21,0.0,1.87,0.021671120326230975,0.004731623968765364,0.027472527472527597,0.022026687292871744,0.0,0.0,0.00010253959236559275,0.0
2015-01-22,0.0,1.9,-0.010401760845006436,0.015269721916580492,0.016042780748662944,0.02201196713571749,0.0,-0.0,-0.0001588319955460236,-0.0
2015-01-23,0.0,1.81,0.005564724963238676,-0.005491522439307173,-0.047368421052631504,0.0219972469785632,0.0,0.0,-3.055881200419797e-05,0.0
2015-01-26,0.0,1.83,-0.01291250371579189,0.002568460857030219,0.011049723756906049,0.021982526821408947,0.0,-0.0,-3.316526036026873e-05,-0.0
2015-01-27,-0.08333333333333326,1.83,0.029900303805469486,-0.013387862410411011,0.0,0.022075220705629884,1.0,0.029900303805469486,-0.0004003011533771142,-0.0024916919837891217
2015-01-28,0.09090909090909083,1.73,-0.022782203390742994,-0.013495609366348305,-0.05464480874316946,0.022073763058531436,0.0,-0.0,0.00030745971746616325,-0.002071109399158452
2015-01-29,-0.08333333333333326,1.77,0.01361666661419858,0.009534685287099887,0.023121387283236983,0.022072305411432992,0.0,0.0,0.00012983063082574344,-0.0011347222178498806
2015-01-30,-0.4545454545454546,1.68,0.07856707768029447,-0.012991965252009852,-0.05084745762711873,0.022085424235319007,1.0,0.07856707768029447,-0.0010207407431743446,-0.03571230803649749
2015-02-02,1.0,1.68,0.03321378119994289,0.01296246371066978,0.0,0.022142631873415704,1.0,0.03321378119994289,0.00043053243349838597,0.03321378119994289
2015-02-03,0.0,1.79,0.05771689219017562,0.014439495293299576,0.06547619047619047,0.022192627764384017,1.0,0.05771689219017562,0.0008334027931239199,0.0
2015-02-04,-0.08333333333333326,1.81,-0.06475565549785756,-0.0041560462088314765,0.011173184357541999,0.022187172828542105,0.0,-0.0,0.0002691274965322681,0.005396304624821458
2015-02-05,0.09090909090909083,1.83,0.044497781650700396,0.010291406686777416,0.011049723756906049,0.02221900741122074,1.0,0.044497781650700396,0.0004579447676267795,0.004045252877336396
2015-02-06,-0.08333333333333326,1.95,0.021742965332716135,-0.0034181723141418763,0.06557377049180313,0.022216429115361924,0.0,0.0,-7.43212021276369e-05,-0.001811913777726343
2015-02-09,0.09090909090909083,1.96,0.00934257651652537,-0.004247194360987749,0.00512820512820511,0.022213850819503115,0.0,0.0,-3.967973829808312e-05,0.0008493251378659419
2015-02-10,0.0,2.01,-0.03273911282853137,0.010675561019232394,0.025510204081632626,0.0222112725236443,0.0,-0.0,-0.0003495083967165207,-0.0
2015-02-11,0.0,2.0,-0.0313663024666212,-2.903358867545336e-05,-0.004975124378109319,0.022208694227785486,0.0,-0.0,9.10676324085738e-07,-0.0
2015-02-12,0.0,1.99,0.04372483344896305,0.009644506431775834,-0.0050000000000000044,0.022232308151470263,1.0,0.04372483344896305,0.0004217044374268513,0.0
2015-02-13,0.0,2.02,0.005959687241626099,0.004074738491730789,0.015075376884422065,0.022229320594655988,0.0,0.0,2.428416700213076e-05,0.0
2015-02-17,0.0,2.14,0.08956263189254443,0.0015975744623728527,0.05940594059405946,0.022256208605984432,1.0,0.08956263189254443,0.00014308297349442938,0.0
2015-02-18,0.0,2.07,-0.031984647993663184,-0.0003143092177338991,-0.032710280373831946,0.022253221049170158,0.0,-0.0,1.00530696903824e-05,-0.0
2015-02-19,0.0,2.11,-0.0052866297914691,-0.0010620573331896477,0.019323671497584627,0.022250233492355886,0.0,-0.0,5.6147039378886155e-06,-0.0
2015-02-20,0.0,2.13,0.00016612085006739719,0.006126533626735764,0.009478672985782088,0.02224724593554162,0.0,0.0,1.017744974039839e-06,0.0
2015-02-23,-0.08333333333333326,2.06,-0.0219196225185464,-0.0003033391953459752,-0.032863849765258135,0.022244258378727344,0.0,-0.0,6.6490806570633835e-06,0.001826635209878865
2015-02-24,0.0,1.99,-0.004074731277576404,0.002758770892866691,-0.03398058252427183,0.022241270821913076,0.0,-0.0,-1.1241250044831289e-05,-0.0
2015-02-25,0.0,1.96,0.05063077443622177,-0.0007657236475081541,-0.015075376884422176,0.022290693945612467,1.0,0.05063077443622177,-3.876918127746634e-05,0.0
2015-02-26,0.0,2.03,-0.02563689442919892,-0.001476028227480719,0.03571428571428559,0.022280194684674553,0.0,-0.0,3.78407798424408e-05,-0.0
2015-02-27,-0.4545454545454546,2.0,0.04213160076832634,-0.0029563045487578377,-0.01477832512315258,0.02236730800029661,1.0,0.04213160076832634,-0.00012455384299785236,-0.01915072762196652
2015-03-02,1.0,2.08,-0.04857783359825307,0.006124919257840311,0.040000000000000036,0.02236418877217794,0.0,-0.0,-0.0002975353085101023,-0.04857783359825307
2015-03-03,0.0,2.12,0.024857230760477966,-0.0045385421527393,0.019230769230769162,0.02239226182524592,1.0,0.024857230760477966,-0.00011281558960679722,0.0
2015-03-04,-0.08333333333333326,2.12,-0.007702412605330111,-0.00438850348301556,0.0,0.02238914259712725,0.0,-0.0,3.3802064546114146e-05,0.000641867717110842
2015-03-05,0.0,2.11,-0.0011560643386659963,0.0011960799848387271,-0.004716981132075526,0.022386023369008592,0.0,-0.0,-1.382745416664218e-06,-0.0
2015-03-06,0.09090909090909083,2.24,-0.012400793744653305,-0.014173946589881803,0.06161137440758302,0.02238290414088993,0.0,-0.0,0.0001757681882088563,-0.0011273448858775722
2015-03-09,0.0,2.2,-0.020090419757845646,0.0039444211911976446,-0.017857142857142905,0.02237978491277126,0.0,-0.0,-7.924507743290222e-05,-0.0
2015-03-10,0.0,2.14,-0.036562436943111565,-0.01696133008584244,-0.027272727272727337,0.0223766656846526,0.0,-0.0,0.0006201475617349153,-0.0
2015-03-11,-0.08333333333333326,2.11,0.020393714104029792,-0.0019176795748703235,-0.014018691588785215,0.02237354645653393,0.0,0.0,-3.9108608993042774e-05,-0.0016994761753358146
2015-03-12,0.0,2.1,-0.00799442261302652,0.012601439566208406,-0.004739336492890933,0.02237042722841527,0.0,-0.0,-0.00010074123342478357,-0.0
2015-03-13,0.0,2.13,-0.04222150639102118,-0.006074710968194674,0.014285714285714235,0.02236730800029661,0.0,-0.0,0.0002564834479672379,-0.0
2015-03-16,0.09090909090909083,2.1,-0.02249862051275897,0.013533671171787054,-0.014084507042253391,0.02236418877217794,0.0,-0.0,-0.00030448893183850296,-0.002045329137523541
2015-03-17,0.0,2.06,-0.00018709434487529375,-0.003320173700583018,-0.01904761904761909,0.022353689511240026,0.0,-0.0,6.211857233827594e-07,-0.0
2015-03-18,-0.08333333333333326,1.93,0.04641586240073603,0.012158421402569175,-0.06310679611650494,0.02238914259712725,1.0,0.04641586240073603,0.0005643436148318148,-0.003867988533394666
2015-03-19,0.09090909090909083,1.98,-0.026471106175558923,-0.004872579408787825,0.02590673575129543,0.022386023369008592,0.0,-0.0,0.00012898256687886463,-0.0024064641977780818
2015-03-20,0.0,1.93,0.016351265564181983,0.00901275466979845,-0.025252525252525304,0.02238290414088993,0.0,0.0,0.00014736994507069575,0.0
2015-03-23,0.0,1.92,0.010845959461876609,-0.0017457310425351702,-0.005181347150259086,0.02237978491277126,0.0,0.0,-1.8934128118676047e-05,0.0
2015-03-24,-0.08333333333333326,1.88,-0.0144849353561598,-0.006139421956948832,-0.02083333333333337,0.0223766656846526,0.0,-0.0,8.892913017059193e-05,0.001207077946346649
2015-03-25,0.09090909090909083,1.93,0.02485935250792637,-0.014558905652342857,0.02659574468085113,0.022395787375524435,1.0,0.02485935250792637,-0.0003619249677412328,0.0022599411370842135
2015-03-26,-0.08333333333333326,2.01,0.04798157058138952,-0.002377499996742527,0.041450777202072464,0.022419093214849587,1.0,0.04798157058138952,-0.00011407618390095491,-0.00399846421511579
2015-03-27,0.09090909090909083,1.95,-0.04696737360697323,0.0023685613495147972,-0.02985074626865658,0.02240791433770685,0.0,-0.0,-0.00011124510581369819,-0.004269761236997563
2015-03-30,0.0,1.96,-0.0021272634676362534,0.012236645187396533,0.00512820512820511,0.022396735460564088,0.0,-0.0,-2.603056827357562e-05,-0.0
2015-03-31,-0.5,1.94,-0.020962875927939106,-0.008795775050879251,-0.010204081632653073,0.022396600019844136,0.0,-0.0,0.00018438474108164402,0.010481437963969553
2015-04-01,1.0,1.87,0.0361095598209038,-0.003965371271123064,-0.036082474226803996,0.022486166477706068,1.0,0.0361095598209038,-0.0001431878111267116,0.0361095598209038
2015-04-02,0.0,1.92,-0.03765320085176649,0.0035296669586522,0.026737967914438387,0.022474987600563327,0.0,-0.0,-0.00013290325893397506,-0.0
2015-04-06,0.08333333333333348,1.92,0.05768877388411786,0.0066088151237357895,0.0,0.022610566937543885,1.0,0.05768877388411786,0.00038125444131513237,0.004807397823676497
2015-04-07,-0.07692307692307698,1.89,0.016861657953312514,-0.0020619040578628844,-0.015625,0.022593559819951814,0.0,0.0,-3.4767120956231055e-05,-0.0012970506117932713
2015-04-08,0.0,1.92,-0.060067670536658846,0.002682533127767339,0.015873015873015817,0.02257655270235978,0.0,-0.0,-0.0001611335161224015,-0.0
2015-04-09,0.0,1.97,0.01836184467637536,0.004457481018385057,0.02604166666666674,0.022559545584767707,0.0,0.0,8.184757410747787e-05,0.0
2015-04-10,0.0,1.96,0.02298036492970823,0.005202865037342352,-0.005076142131979711,0.022724867479748143,1.0,0.02298036492970823,0.0001195637372381473,0.0
2015-04-13,0.08333333333333348,1.94,0.0010368303853200977,-0.00458128059365126,-0.010204081632653073,0.022701731443830128,0.0,0.0,-4.750010923174923e-06,8.64025321100083e-05
2015-04-14,0.0,1.9,0.00863110646238563,0.0016297588743277025,-0.020618556701030966,0.02267859540791206,0.0,0.0,1.4066622352340162e-05,0.0
2015-04-15,0.0,1.91,0.03234638678379431,0.005148195696902835,0.0052631578947368585,0.022886819731174412,1.0,0.03234638678379431,0.00016652552925068461,0.0
2015-04-16,0.0,1.9,0.0013262903093407274,-0.0007784436134247175,-0.005235602094240788,0.022863683695256345,0.0,0.0,-1.0324422208533822e-06,0.0
2015-04-17,0.0,1.87,0.050496674834581645,-0.011311245518606405,-0.015789473684210464,0.022959242180923493,1.0,0.050496674834581645,-0.0005711802869271865,0.0
2015-04-20,0.0,1.9,0.0,0.009235131672624686,0.016042780748662944,0.02295220126466192,0.0,0.0,0.0,0.0
2015-04-21,0.0,1.92,-0.021591787476935242,-0.0014806053255762563,0.010526315789473717,0.02294516034840033,0.0,-0.0,3.196891552706104e-05,-0.0
2015-04-22,0.0,1.99,0.010470323647066682,0.005087480356207541,0.03645833333333326,0.022938119432138755,0.0,0.0,5.326756587758704e-05,0.0
2015-04-23,0.0,1.96,0.033795615293402914,0.002357715893671175,-0.015075376884422176,0.02299048936829726,1.0,0.033795615293402914,7.968045931365269e-05,0.0
2015-04-24,0.0,1.93,0.006630691060808269,0.002252800575326619,-0.015306122448979553,0.022987114555434254,0.0,0.0,1.4937624636601938e-05,0.0
2015-04-27,0.0,1.94,-0.006893335733102135,-0.004141314249916261,0.005181347150259086,0.022983739742571247,0.0,-0.0,2.854746950095283e-05,-0.0
2015-04-28,0.0,2.0,-0.002930779516270743,0.0027692316953564777,0.030927835051546504,0.02298036492970823,0.0,-0.0,-8.116007528558467e-06,-0.0
2015-04-29,0.0,2.06,0.018564309399333956,-0.0037403355807980043,0.030000000000000027,0.022973324013446657,0.0,0.0,-6.943674697927163e-05,0.0
2015-04-30,-0.3846153846153846,2.05,0.014277073111944816,-0.010128906614839228,-0.004854368932038944,0.022966283097185066,0.0,0.0,-0.00014461114028412113,-0.005491181966132621
2015-05-01,0.625,2.12,-0.004791849366182155,0.010923001659165044,0.034146341463414887,0.022959242180923493,0.0,-0.0,-5.234137857727664e-05,-0.0029949058538638468
2015-05-04,0.0,2.16,-0.000150498591156345,0.002940748690645867,0.018867924528301883,0.02295220126466192,0.0,-0.0,-4.4257853488706924e-07,-0.0
2015-05-05,0.0,2.19,0.01610232872783479,-0.011837383677612334,0.01388888888888884,0.02294516034840033,0.0,0.0,-0.00019060944325441974,0.0
2015-05-06,0.0,2.25,0.003702606819155907,-0.004455724813014705,0.027397260273972712,0.022938119432138755,0.0,0.0,-1.6497797076950428e-05,0.0
2015-05-07,0.0,2.18,-0.03290535396193228,0.0037738134388320965,-0.03111111111111109,0.022931078515877164,0.0,-0.0,-0.00012417866699106702,-0.0
2015-05-08,0.0,2.16,-0.002288701919187286,0.013457901176364917,-0.00917431192660556,0.02292403759961559,0.0,-0.0,-3.080112425057922e-05,-0.0
2015-05-11,0.0,2.28,-0.0073405066832750165,-0.005089560528435566,0.05555555555555536,0.022916996683354018,0.0,-0.0,3.7359953073914e-05,-0.0
2015-05-12,0.0,2.28,0.030041547345967645,-0.0029496376848567873,0.0,0.02298036492970823,1.0,0.030041547345967645,-8.861168016307557e-05,0.0
2015-05-13,0.0,2.27,-0.0007478769264335217,-0.00030495478248648844,-0.004385964912280604,0.022973324013446657,0.0,-0.0,2.2806864542719811e-07,-0.0
2015-05-14,0.0,2.23,-0.0032929386131196337,0.010779286625573148,-0.017621145374449365,0.022966283097185066,0.0,-0.0,-3.5495529151233855e-05,-0.0
2015-05-15,0.0,2.14,-0.00030029500174377777,0.0007684139066803652,-0.04035874439461873,0.022959242180923493,0.0,-0.0,-2.3075085544652337e-07,-0.0
2015-05-18,0.0,2.23,-0.004506580338487498,0.003047948049283322,0.04205607476635498,0.02295220126466192,0.0,-0.0,-1.3735822751631543e-05,-0.0
2015-05-19,-0.07692307692307698,2.27,-0.03395201620604593,-0.0006433745436266181,0.017937219730941756,0.02294516034840033,0.0,-0.0,2.1843862931768343e-05,0.0026116935543112276
2015-05-20,0.0,2.26,0.015776354095448974,-0.0009305162517933008,-0.00440528634361248,0.022938119432138755,0.0,0.0,-1.468015387986107e-05,0.0
2015-05-21,0.0,2.19,0.023220085569357174,0.0023378744854138933,-0.030973451327433565,0.02299048936829726,1.0,0.023220085569357174,5.428564560172747e-05,0.0
2015-05-22,0.08333333333333348,2.21,-0.01758338071606924,-0.002233886303356414,0.009132420091324311,0.022987114555434254,0.0,-0.0,3.927927334832837e-05,-0.001465281726339106
2015-05-26,-0.07692307692307698,2.14,-0.025240958490936882,-0.010281980197837881,-0.03167420814479627,0.022983739742571247,0.0,-0.0,0.00025952703537826093,0.001941612191610531
2015-05-27,0.0,2.14,-0.026051472310279267,0.009162641262365545,0.0,0.02298036492970823,0.0,-0.0,-0.00023870029513553827,-0.0
2015-05-28,0.0,2.13,0.008378995266788092,-0.0012667608976734135,-0.004672897196261738,0.022973324013446657,0.0,0.0,-1.0614183565757765e-05,0.0
2015-05-29,-0.33333333333333326,2.12,0.047618977953757025,-0.0063184691730722164,-0.004694835680751019,0.023007363432612313,1.0,0.047618977953757025,-0.0003008790442540193,-0.01587299265125234
2015-06-01,0.5,2.19,-0.010372183198573692,0.002059461282371222,0.03301886792452824,0.023003988619749307,0.0,-0.0,-2.136110971112382e-05,-0.005186091599286846
2015-06-02,0.0,2.27,0.00940198267840442,-0.0010085961899480855,0.0365296803652968,0.0230006138068863,0.0,0.0,-9.482803907396594e-06,0.0
2015-06-03,0.08333333333333348,2.38,-0.025805446355708694,0.0021188711112078984,0.048458149779735615,0.022997238994023284,0.0,-0.0,-5.4678414794936294e-05,-0.0021504538629757283
2015-06-04,0.0,2.31,-0.027742954215201676,-0.008623167576889856,-0.02941176470588225,0.022993864181160277,0.0,-0.0,0.00023923214327566686,-0.0
2015-06-05,0.0,2.41,0.02063521875195251,-0.0014361829335245435,0.04329004329004338,0.02299048936829726,0.0,0.0,-2.9635949001099828e-05,0.0
2015-06-08,0.0,2.39,-0.009793124832304878,-0.006474509789282434,-0.008298755186721962,0.022987114555434254,0.0,-0.0,6.340568259442283e-05,-0.0
2015-06-09,0.0,2.42,0.0349337801034173,0.00041835300422188304,0.012552301255229992,0.023019532525262416,1.0,0.0349337801034173,1.4614651855091272e-05,0.0
2015-06-10,0.0,2.5,0.012638713463894558,0.012042424827124476,0.03305785123966953,0.023014113058338337,0.0,0.0,0.0001522007568005162,0.0
2015-06-11,0.0,2.39,-0.008980157767060737,0.0017386264178671507,-0.04399999999999993,0.02301073824547533,0.0,-0.0,-1.561313953042668e-05,-0.0
2015-06-12,0.0,2.39,-0.01904471919586581,-0.0069942998817651425,0.0,0.023007363432612313,0.0,-0.0,0.0001332044772198946,-0.0
2015-06-15,0.0,2.36,-0.019727545680358505,-0.004622572493653387,-0.012552301255230214,0.023003988619749307,0.0,-0.0,9.119201002931592e-05,-0.0
2015-06-16,0.0769230769230771,2.32,0.00031944509772707796,0.0056898566086796,-0.016949152542372947,0.0230006138068863,0.0,0.0,1.8175968004127151e-06,2.4572699825159897e-05
2015-06-17,0.0,2.32,0.019798784011211046,0.0019796413026920145,0.0,0.022997238994023284,0.0,0.0,3.919449057167166e-05,0.0
2015-06-18,0.0,2.35,0.006106203395456866,0.009902710578908236,0.012931034482758674,0.022993864181160277,0.0,0.0,6.04679649611561e-05,0.0
2015-06-19,-0.07142857142857151,2.26,-0.019296633010344566,-0.0053035017498218595,-0.0382978723404257,0.02299048936829726,0.0,-0.0,0.00010233972693603266,0.0013783309293103276
2015-06-22,0.0,2.37,0.005077748214849409,0.006094866554531064,0.0486725663716816,0.022987114555434254,0.0,0.0,3.094819776701548e-05,0.0
2015-06-23,0.0,2.42,0.017524420476480618,0.0006358685039113965,0.021097046413502074,0.022983739742571247,0.0,0.0,1.1143227030293972e-05,0.0
2015-06-24,0.0,2.38,-0.014895194960929725,-0.00735329696164333,-0.016528925619834767,0.02298036492970823,0.0,-0.0,0.00010952879184928959,-0.0
2015-06-25,0.0,2.4,-0.004567662747844925,-0.0029735743006855664,0.008403361344537785,0.022973324013446657,0.0,-0.0,1.3582284561190485e-05,-0.0
2015-06-26,0.0,2.49,0.0009493284473016672,-0.0003900796440671206,0.03750000000000009,0.022966283097185066,0.0,0.0,-3.703137028262266e-07,0.0
2015-06-29,0.0769230769230771,2.33,-0.01975972230739864,-0.02086619391956246,-0.06425702811244982,0.022959242180923493,0.0,-0.0,0.0004123101974628842,-0.0015199786390306682
2015-06-30,-0.4285714285714286,2.35,0.025479791546874297,0.0026584898861461426,0.008583690987124415,0.0230006138068863,1.0,0.025479791546874297,6.773776812847729e-05,-0.010919910662946128
2015-07-01,0.625,2.43,-0.02484670274042111,0.006936040108400654,0.03404255319148941,0.022997238994023284,0.0,-0.0,-0.00017233772676906927,-0.015529189212763195
2015-07-02,0.0,2.4,0.0009676080457201586,-0.0003080227407983305,-0.012345679012345734,0.022993864181160277,0.0,0.0,-2.980452822612395e-07,0.0
2015-07-06,0.0,2.3,-0.08909294033326698,-0.003861756863082544,-0.04166666666666674,0.02299048936829726,0.0,-0.0,0.0003440552737841973,-0.0
2015-07-07,0.0,2.27,0.00548280073530405,0.00608097510857486,-0.01304347826086949,0.022987114555434254,0.0,0.0,3.3340774796659864e-05,0.0
2015-07-08,0.0,2.22,0.003518043417898964,-0.016652749054007043,-0.022026431718061623,0.022983739742571247,0.0,0.0,-5.8585094199372677e-05,0.0
2015-07-09,0.0,2.32,0.027344459143789246,0.0022622025726091177,0.04504504504504481,0.023014113058338337,1.0,0.027344459143789246,6.185870582168494e-05,0.0
2015-07-10,0.0,2.42,0.002047413933375264,0.012338485100151564,0.0431034482758621,0.02301073824547533,0.0,0.0,2.52619863107934e-05,0.0
2015-07-13,0.0,2.44,-0.014983842584271989,0.011066049239604414,0.008264462809917328,0.023007363432612313,0.0,-0.0,-0.00016581193983603528,-0.0
2015-07-14,0.0,2.41,0.01140881356647494,0.004453159211633695,-0.012295081967213073,0.023003988619749307,0.0,0.0,5.080526322735935e-05,0.0
2015-07-15,0.0,2.36,-0.024952984555724034,-0.000734986066058041,-0.020746887966805128,0.0230006138068863,0.0,-0.0,1.834009595501866e-05,-0.0
2015-07-16,0.0769230769230771,2.36,0.008063086601652891,0.008014680412562258,0.0,0.022997238994023284,0.0,0.0,6.462306225106061e-05,0.0006202374308963777
2015-07-17,-0.07142857142857151,2.34,0.00017391995344095967,0.001106182994042637,-0.008474576271186418,0.022993864181160277,0.0,0.0,1.923872948210768e-07,-1.2422853817211418e-05
2015-07-20,0.0769230769230771,2.38,-0.015125155162743709,0.00077123387202227,0.017094017094017033,0.02299048936829726,0.0,-0.0,-1.1665031981100457e-05,-0.001163473474057211
2015-07-21,-0.07142857142857151,2.35,0.006884366798653563,-0.0042616893616069795,-0.012605042016806678,0.022987114555434254,0.0,0.0,-2.933903274722219e-05,-0.0004917404856181122
2015-07-22,0.0,2.33,-0.01595371375887178,-0.0023877098952062026,-0.008510638297872353,0.022983739742571247,0.0,-0.0,3.809284020734549e-05,-0.0
2015-07-23,0.0,2.28,-0.015321585497707901,-0.005676040278268291,-0.02145922746781126,0.02298036492970823,0.0,-0.0,8.696593641192136e-05,-0.0
2015-07-24,0.0,2.27,-0.011760476216670646,-0.01070332804283558,-0.004385964912280604,0.022973324013446657,0.0,-0.0,0.0001258762348869918,-0.0
2015-07-27,0.0769230769230771,2.23,-0.021054517277010132,-0.005775015185050969,-0.017621145374449365,0.022966283097185066,0.0,-0.0,0.0001215901569886515,-0.0016195782520777061
2015-07-28,0.0,2.26,-0.0031793899338224962,0.012386154626733425,0.013452914798206095,0.022959242180923493,0.0,-0.0,-3.938041533900519e-05,-0.0
2015-07-29,0.0,2.29,0.0015009724615353548,0.007318795346650031,0.013274336283185972,0.02295220126466192,0.0,0.0,1.0985310266934797e-05,0.0
2015-07-30,0.0,2.28,-0.0013113468232212044,2.836730636679441e-05,-0.004366812227074357,0.02294516034840033,0.0,-0.0,-3.7199377087438495e-08,-0.0
2015-07-31,-0.4285714285714286,2.2,-0.02063406978956628,-0.002271519985995063,-0.0350877192982455,0.022938119432138755,0.0,-0.0,4.6870701919416745e-05,0.008843172766956977
2015-08-03,0.7500000000000002,2.16,-0.05152267140163569,-0.002756886733696673,-0.018181818181818188,0.022931078515877164,0.0,-0.0,0.0001420421692717824,-0.03864200355122678
2015-08-04,0.0,2.23,0.009491139264103943,-0.002249704779339723,0.03240740740740744,0.02292403759961559,0.0,0.0,-2.135226136383354e-05,0.0
2015-08-05,0.0,2.28,-0.00800163057508374,0.0031146787487494887,0.022421524663676973,0.022916996683354018,0.0,-0.0,-2.4922508707557476e-05,-0.0
2015-08-06,0.0,2.23,-0.0014115687559755896,-0.00775298528243118,-0.021929824561403466,0.022909955767092427,0.0,-0.0,1.0943871790218435e-05,-0.0
2015-08-07,0.0,2.18,-0.018376410319064118,-0.0028748824444340126,-0.022421524663677084,0.022886819731174412,0.0,-0.0,5.2830019417993466e-05,-0.0
2015-08-10,0.0,2.24,0.03702940165520663,0.012808166466444781,0.02752293577981657,0.022966283097185066,1.0,0.03702940165520663,0.00047427874055273243,0.0
2015-08-11,0.0714285714285714,2.15,-0.024399911643710803,-0.00955710249815489,-0.04017857142857151,0.022959242180923493,0.0,-0.0,0.0002331924565248671,-0.001742850831693628
2015-08-12,0.0,2.14,0.009760055698613268,0.0009500546545004873,-0.0046511627906975495,0.02295220126466192,0.0,0.0,9.272586344651542e-06,0.0
2015-08-13,0.0,2.19,-0.00886022207130377,-0.0012752120935421996,0.023364485981308247,0.02294516034840033,0.0,-0.0,1.1298662336796084e-05,-0.0
2015-08-14,-0.06666666666666654,2.2,-0.003860268929175237,0.003911964108786803,0.004566210045662267,0.022938119432138755,0.0,-0.0,-1.5101233501198391e-05,0.0002573512619450153
2015-08-17,0.0714285714285714,2.16,0.0,0.00521142418513576,-0.018181818181818188,0.022931078515877164,0.0,0.0,0.0,0.0
2015-08-18,0.0,2.2,-0.00448699595111457,-0.002625530186397551,0.0185185185185186,0.02292403759961559,0.0,-0.0,1.1780743315894893e-05,-0.0
2015-08-19,0.0,2.12,-0.03380457855880725,-0.008254876246131082,-0.036363636363636376,0.022916996683354018,0.0,-0.0,0.0002790526125555701,-0.0
2015-08-20,0.0,2.09,-0.011450401129655119,-0.021100170073477753,-0.014150943396226578,0.022909955767092427,0.0,-0.0,0.0002416054112452648,-0.0
2015-08-21,0.0,2.05,-0.02488202217908575,-0.031850965718637325,-0.019138755980861233,0.022886819731174412,0.0,-0.0,0.0007925164354364338,-0.0
2015-08-24,0.0,2.01,-0.06093269937415802,-0.03941369286646568,-0.019512195121951237,0.022863683695256345,0.0,-0.0,0.0024015826986577495,-0.0
2015-08-25,0.0,2.12,0.012180849718705256,-0.01352199497897244,0.054726368159204064,0.022840547659338326,0.0,0.0,-0.00016470938873595033,0.0
2015-08-26,-0.06666666666666654,2.18,-0.0016199883431465834,0.03903385877450183,0.028301886792452935,0.02281741162342031,0.0,-0.0,-6.323439620272294e-05,0.00010799922287643868
2015-08-27,0.0,2.18,0.102457163796418,0.024297748621125326,0.0,0.02294516034840033,1.0,0.102457163796418,0.002489478410358827,0.0
2015-08-28,0.0,2.19,0.05235487367264624,0.0006087363616984476,0.004587155963302614,0.022993864181160277,1.0,0.05235487367264624,3.187031531666851e-05,0.0
2015-08-31,-0.4285714285714286,2.21,0.0819181288974411,-0.008391670369217175,0.009132420091324311,0.023030371459110553,1.0,0.0819181288974411,-0.0006874299349703696,-0.03510776952747476
2015-09-01,0.7500000000000002,2.17,-0.08476454336560413,-0.029576446640986798,-0.018099547511312264,0.023024951992186484,0.0,-0.0,0.0025070339939004017,-0.06357340752420311
2015-09-02,0.0,2.2,0.018966880562186095,0.01829297500443139,0.01382488479262678,0.023019532525262416,0.0,0.0,0.0003469606720361058,0.0
2015-09-03,0.0,2.18,0.003564362478728267,0.0011647935451044589,-0.00909090909090915,0.023014113058338337,0.0,0.0,4.1517464076352145e-06,0.0
2015-09-04,0.0,2.13,-0.02111285888676173,-0.015329595723932221,-0.022935779816513846,0.02301073824547533,0.0,-0.0,0.00032365159131048706,-0.0
2015-09-08,0.0,2.2,-0.001814153426337839,0.02508305358648033,0.032863849765258246,0.023007363432612313,0.0,-0.0,-4.550450760692891e-05,-0.0
2015-09-09,0.0,2.21,-0.03917606237430549,-0.01389756050907287,0.004545454545454408,0.023003988619749307,0.0,-0.0,0.0005444516973541235,-0.0
2015-09-10,0.0,2.23,0.027532524341744358,0.005277955033794246,0.009049773755656076,0.02304662985988278,1.0,0.027532524341744358,0.00014531542544257223,0.0
2015-09-11,0.0,2.2,-0.015340560633322453,0.004487043210972708,-0.013452914798206206,0.0230412103929587,0.0,-0.0,-6.883375844226469e-05,-0.0
2015-09-14,0.0,2.18,-0.03676777067313952,-0.004089655710746709,-0.00909090909090915,0.02303579092603463,0.0,-0.0,0.00015036752330483042,-0.0
2015-09-15,0.0,2.28,0.0056071197373197545,0.01283131142251781,0.04587155963302725,0.023030371459110553,0.0,0.0,7.194669953289604e-05,0.0
2015-09-16,0.0,2.3,-0.00042891823516055805,0.008705414349693852,0.00877192982456143,0.023024951992186484,0.0,-0.0,-3.733910959212084e-06,-0.0
2015-09-17,0.0,2.21,0.05299294547004507,-0.002561059320011938,-0.03913043478260869,0.023070122448543565,1.0,0.05299294547004507,-0.00013571807689094335,0.0
2015-09-18,0.0,2.13,-0.03280359719409909,-0.016164165744279924,-0.03619909502262442,0.023068307727579063,0.0,-0.0,0.0005302427820540135,-0.0
2015-09-21,0.0,2.2,0.03054554267864229,0.004565783605198437,0.032863849765258246,0.023084640216259555,1.0,0.03054554267864229,0.0001394643379740341,0.0
2015-09-22,0.0,2.14,0.0032707209341422683,-0.012318429274285614,-0.027272727272727337,0.023082825495295056,0.0,0.0,-4.0290144503156906e-05,0.0
2015-09-23,0.0,2.16,-0.027098650803495827,-0.002048642890328245,0.009345794392523477,0.023081010774330557,0.0,-0.0,5.551545830606951e-05,-0.0
2015-09-24,0.0,2.13,0.008795773171629495,-0.003362984329369434,-0.01388888888888895,0.02307919605336606,0.0,0.0,-2.9580047340878076e-05,0.0
2015-09-25,-0.07142857142857151,2.17,0.00892672454891219,-0.00046579328582951884,0.018779342723004744,0.02307738133240156,0.0,0.0,-4.158008359332838e-06,-0.0006376231820651571
2015-09-28,0.0,2.1,-0.02592589220355912,-0.02566609046896018,-0.032258064516129004,0.02307556661143706,0.0,-0.0,0.0006654162947850577,-0.0
2015-09-29,0.0,2.05,0.018800156036750337,0.001232853252514099,-0.023809523809523947,0.02307375189047256,0.0,0.0,2.3177833517680226e-05,0.0
2015-09-30,-0.46153846153846145,2.06,0.0029027449922705006,0.019075555906861608,0.004878048780487809,0.02307193716950806,0.0,0.0,5.53714743834185e-05,-0.001339728457971
2015-10-01,0.857142857142857,2.05,-0.014058307219178667,0.001973884228037459,-0.004854368932038944,0.023070122448543565,0.0,-0.0,-2.7749470892841923e-05,-0.012049977616438855
2015-10-02,0.0,1.99,0.00922630434213989,0.014315289284541954,-0.029268292682926744,0.023068307727579063,0.0,0.0,0.00013207721568495807,0.0
2015-10-05,0.0,2.07,0.02327028686950805,0.018289840800508328,0.04020100502512558,0.023084640216259555,1.0,0.02327028686950805,0.00042560984222546154,0.0
2015-10-06,0.0,2.05,0.054213160790767656,-0.0035882361830883447,-0.009661835748792313,0.023089180682583966,1.0,0.054213160790767656,-0.00019452962514901885,0.0
2015-10-07,0.0,2.08,-0.011363566230699895,0.008035633639867479,0.014634146341463428,0.023088839964413976,0.0,-0.0,-9.131345507227416e-05,-0.0
2015-10-08,0.0,2.12,0.03350861766315494,0.008818435459823082,0.019230769230769162,0.023114642586183592,1.0,0.03350861766315494,0.00029549358221041955,0.0
2015-10-09,0.0,2.12,-0.007540013514311328,0.000725111326717931,0.0,0.02311051250830698,0.0,-0.0,-5.467349202833417e-06,-0.0
2015-10-13,0.0,2.06,-0.012434795914463836,-0.006825423947869114,-0.028301886792452824,0.023106382430430377,0.0,-0.0,8.487275382144649e-05,-0.0
2015-10-14,0.0,1.99,-0.0018277853273763744,-0.0047162741982138545,-0.03398058252427183,0.023102252352553764,0.0,-0.0,8.620336779379058e-06,-0.0
2015-10-15,0.0,2.04,-0.008952236576728834,0.01485277361914017,0.025125628140703515,0.023098122274677158,0.0,-0.0,-0.0001329655432591397,-0.0
2015-10-16,0.0,2.04,0.00041060271278148264,0.004570474275370051,0.0,0.023093992196800556,0.0,0.0,1.876649136164924e-06,0.0
2015-10-19,0.0,2.04,-0.002462526842027968,0.00027054553471672627,0.0,0.023089862118923943,0.0,-0.0,-6.662256412307479e-07,-0.0
2015-10-20,0.0,2.08,0.002057158462569486,-0.0014210903493528937,0.019607843137254832,0.023089521400753953,0.0,0.0,-2.923408038247133e-06,0.0
2015-10-21,0.0,2.04,-0.017655525077308165,-0.005825414995899281,-0.019230769230769273,0.023089180682583966,0.0,-0.0,0.00010285076054582679,-0.0
2015-10-22,-0.07692307692307698,2.04,0.004806757873941914,0.01662757156411132,0.0,0.023088839964413976,0.0,0.0,7.992471054032475e-05,-0.0003697506056878398
2015-10-23,0.0,2.09,-0.0018718833020043846,0.011030344539323389,0.02450980392156854,0.02308849924624399,0.0,-0.0,-2.06475177585147e-05,-0.0
2015-10-26,0.0,2.07,-0.009376969101907107,-0.0019131006866738298,-0.009569377990430672,0.023088158528074,0.0,-0.0,1.7939086027777772e-05,-0.0
2015-10-27,0.0,2.05,-0.0153554801888508,-0.002554118539720318,-0.009661835748792313,0.02308781780990401,0.0,-0.0,3.921971663665188e-05,-0.0
2015-10-28,0.0,2.1,0.0478529758182753,0.01184003327863703,0.024390243902439046,0.023102252352553764,1.0,0.0478529758182753,0.0005665808261701926,0.0
2015-10-29,0.0,2.19,-0.005096840038503192,-0.0004497742019048401,0.042857142857142705,0.023098122274677158,0.0,-0.0,2.2924271605544077e-06,-0.0
2015-10-30,-0.41666666666666663,2.16,0.015573814510498885,-0.004809877003672414,-0.013698630136986245,0.023093992196800556,0.0,0.0,-7.490813227350833e-05,-0.006489089379374534
2015-11-02,0.714285714285714,2.2,-0.015536731969879258,0.011873817006551102,0.0185185185185186,0.023089862118923943,0.0,-0.0,-0.00018448031229017855,-0.011097665692770894
2015-11-03,0.0,2.23,0.03586800506583021,0.002728067346863705,0.013636363636363447,0.023127032819813414,1.0,0.03586800506583021,9.785033341723336e-05,0.0
2015-11-04,0.0,2.25,-0.03878114461748039,-0.003545367230984642,0.008968609865470878,0.0231229027419368,0.0,-0.0,0.0001374933993068914,-0.0
2015-11-05,0.0,2.26,-0.012350808279196213,-0.0011321483923818487,0.004444444444444251,0.023118772664060195,0.0,-0.0,1.398294773790842e-05,-0.0
2015-11-06,0.0,2.34,-0.011671558537595494,-0.0003476213457177524,0.03539823008849563,0.023114642586183592,0.0,-0.0,4.057282885462468e-06,-0.0
2015-11-09,0.0,2.36,-0.004850264679827632,-0.009822729385718598,0.008547008547008517,0.02311051250830698,0.0,-0.0,4.764283739905589e-05,-0.0
2015-11-10,0.0,2.32,0.005297732724630855,0.0015105949543003927,-0.016949152542372947,0.023106382430430377,0.0,0.0,8.00272832305944e-06,0.0
2015-11-12,0.0,2.32,-0.03820126495390841,-0.013990375564759017,0.0,0.023102252352553764,0.0,-0.0,0.0005344500437540452,-0.0
2015-11-13,0.0,2.28,-0.010213362435622653,-0.011207364706699363,-0.017241379310344862,0.023098122274677158,0.0,-0.0,0.00011446487769772637,-0.0
2015-11-16,0.08333333333333348,2.27,-0.0006878876146989565,0.014903265264943455,-0.004385964912280604,0.023093992196800556,0.0,-0.0,-1.0251771594327765e-05,-5.732396789157981e-05
2015-11-17,0.0,2.25,-0.00022951206540200442,-0.0013393792481354305,-0.008810572687224627,0.023089862118923943,0.0,-0.0,3.074036975961464e-07,-0.0
2015-11-18,-0.07692307692307698,2.27,0.013082389231504399,0.01616245179852549,0.008888888888888946,0.023089521400753953,0.0,0.0,0.00021144348536373877,-0.001006337633192647
2015-11-19,0.0,2.24,0.0009062282754974671,-0.00112310916925773,-0.013215859030836885,0.023089180682583966,0.0,0.0,-1.0177932856518254e-06,0.0
2015-11-20,0.0,2.26,0.01086463419920114,0.003810195689989637,0.008928571428571175,0.023088839964413976,0.0,0.0,4.1396382399110195e-05,0.0
2015-11-23,0.0,2.25,0.00380658271884049,-0.0012348607728660532,-0.004424778761061843,0.02308849924624399,0.0,0.0,-4.70059967816593e-06,0.0
2015-11-24,0.0,2.24,0.028775307788108773,0.0012219959743400288,-0.004444444444444362,0.02311051250830698,1.0,0.028775307788108773,3.51633102774642e-05,0.0
2015-11-25,0.0,2.23,0.0010841118434194996,-0.00012913227667687988,-0.0044642857142858094,0.023106382430430377,0.0,0.0,-1.399938305131291e-07,0.0
2015-11-27,0.0,2.22,-0.028373350889038473,0.0005936176807606053,-0.004484304932735328,0.023102252352553764,0.0,-0.0,-1.6842922750157875e-05,-0.0
2015-11-30,-0.33333333333333326,2.21,-0.0055728933704541905,-0.004640997274763192,-0.0045045045045045695,0.023098122274677158,0.0,-0.0,2.586378294482376e-05,0.0018576311234847298
2015-12-01,0.625,2.15,-0.0038108491664787802,0.01068057336863748,-0.02714932126696834,0.023093992196800556,0.0,-0.0,-4.07020541193876e-05,-0.0023817807290492377
2015-12-02,0.0,2.18,-0.04387932062334077,-0.010995693172566212,0.013953488372093092,0.023089862118923943,0.0,-0.0,0.00048248354619491186,-0.0
2015-12-03,0.0,2.33,0.031772144523243284,-0.014373526666262015,0.0688073394495412,0.023127032819813414,1.0,0.031772144523243284,-0.000456677766549168,0.0
2015-12-04,0.0,2.28,-0.01916058735547943,0.0205256690573854,-0.02145922746781126,0.0231229027419368,0.0,-0.0,-0.0003932838750036941,-0.0
2015-12-07,0.0,2.23,-0.05279070832008537,-0.006989502964787397,-0.021929824561403466,0.023118772664060195,0.0,-0.0,0.0003689808123164634,-0.0
2015-12-08,0.0,2.24,-0.011539435943664578,-0.0064899016523778386,0.004484304932735439,0.023114642586183592,0.0,-0.0,7.488980439829696e-05,-0.0
2015-12-09,0.0769230769230771,2.22,-0.003725725718707107,-0.007738985017979982,-0.008928571428571397,0.02311051250830698,0.0,-0.0,2.8833335518177003e-05,-0.0002865942860543935
2015-12-10,0.0,2.24,-0.009473973132205882,0.0022513871531610885,0.009009009009008917,0.023106382430430377,0.0,-0.0,-2.1329581399241642e-05,-0.0
2015-12-11,0.0,2.13,-0.045305795565061535,-0.019422767297482935,-0.049107142857143016,0.023102252352553764,0.0,-0.0,0.0008799639244875246,-0.0
2015-12-14,0.0714285714285714,2.23,-0.0002636998721327055,0.004755560017433602,0.04694835680751175,0.023098122274677158,0.0,-0.0,-1.2540405685166477e-06,-1.88357051523361e-05
2015-12-15,0.0,2.28,0.0139768623308687,0.010618561082731848,0.022421524663676973,0.023093992196800556,0.0,0.0,0.0001484141664052631,0.0
2015-12-16,0.0,2.3,-0.03276988585771212,0.014514969430300617,0.00877192982456143,0.023089862118923943,0.0,-0.0,-0.00047565389145913197,-0.0
2015-12-17,1.4666666666666668,2.24,-0.00026884436414098545,-0.015040520909943678,-0.02608695652173898,0.023089521400753953,0.0,-0.0,4.043559280383004e-06,-0.0003943050674067787
2015-12-18,0.0,2.19,-0.0080688336363135,-0.01779722000676387,-0.022321428571428714,0.023089180682583966,0.0,-0.0,0.00014360280742344787,-0.0
2015-12-21,-0.027027027027027084,2.2,-0.014371002674735678,0.0077784025360287945,0.004566210045662267,0.023088839964413976,0.0,-0.0,-0.00011178344365044059,0.0003884054776955597
2015-12-22,0.0,2.24,-0.0066024174372495414,0.008816736053143037,0.0181818181818183,0.02308849924624399,0.0,-0.0,-5.821177185689829e-05,-0.0
2015-12-23,0.0,2.27,0.03461644915180817,0.01241806830075265,0.013392857142856984,0.02311051250830698,1.0,0.03461644915180817,0.00042986942989668497,0.0
2015-12-24,0.0,2.25,0.014186262597384092,-0.001598636221499028,-0.008810572687224627,0.023106382430430377,0.0,0.0,-2.267867323587509e-05,0.0
2015-12-28,0.0,2.24,-0.03351809127003147,-0.00217855994238203,-0.004444444444444362,0.023102252352553764,0.0,-0.0,7.302117098599539e-05,-0.0
2015-12-29,0.0,2.32,0.03194980933284142,0.010629762908764828,0.03571428571428559,0.023147936484253864,1.0,0.03194980933284142,0.00033961889818834605,0.0
2015-12-30,-0.02777777777777779,2.31,-0.035194543499156405,-0.007217228595965963,-0.004310344827586077,0.02313954969097195,0.0,-0.0,0.0002540070657640796,0.0009776262083099007
2015-12-31,-0.4285714285714285,2.27,0.022490392633428113,-0.00941191309542666,-0.017316017316017285,0.023131162897690016,0.0,0.0,-0.00021167762094784936,-0.009638739700040618
2016-01-04,0.7999999999999998,2.24,-0.0016093766244185126,-0.015303731089594375,-0.013215859030836885,0.023127032819813414,0.0,-0.0,2.462946708198004e-05,-0.0012875012995348099
2016-01-05,0.0,2.25,-0.021493901814082172,0.0020122259542274534,0.004464285714285587,0.0231229027419368,0.0,-0.0,-4.325058708791269e-05,-0.0
2016-01-06,0.0,2.18,-0.06013176103277118,-0.013115396702646942,-0.03111111111111109,0.023118772664060195,0.0,-0.0,0.000788651900373561,-0.0
2016-01-07,0.0,2.16,-0.014022773843279102,-0.023700443014411654,-0.00917431192660556,0.023114642586183592,0.0,-0.0,0.00033234595237661865,-0.0
2016-01-08,0.0,2.13,-0.005925948531539382,-0.010838374390218508,-0.01388888888888895,0.02311051250830698,0.0,-0.0,6.422764880198942e-05,-0.0
2016-01-11,0.0,2.17,-0.05961251998452288,0.0008532721255336551,0.018779342723004744,0.023106382430430377,0.0,-0.0,-5.086570163561133e-05,-0.0
2016-01-12,0.0,2.12,-0.021870004544991217,0.00780279851675636,-0.02304147465437778,0.023102252352553764,0.0,-0.0,-0.00017064723902511232,-0.0
2016-01-13,0.0,2.08,-0.017822460581050303,-0.02496545230421965,-0.018867924528301883,0.023098122274677158,0.0,-0.0,0.0004449457895800462,-0.0
2016-01-14,0.0,2.1,0.023754577149107226,0.016695905386662213,0.009615384615384581,0.02313954969097195,1.0,0.023754577149107226,0.00039660417258166245,0.0
2016-01-15,0.0,2.03,-0.0006445522823426142,-0.021599098001850003,-0.03333333333333344,0.023131162897690016,0.0,-0.0,1.3921747913634217e-05,-0.0
2016-01-19,0.0,2.06,-0.072557239064591,0.0005318215543925753,0.014778325123152802,0.023127032819813414,0.0,-0.0,-3.858750366176447e-05,-0.0
2016-01-20,0.0277777777777779,2.01,-0.03059808974658862,-0.011693855152413501,-0.024271844660194275,0.0231229027419368,0.0,-0.0,0.00035780962943715605,-0.0008499469374052432
2016-01-21,0.0,2.02,0.04913919944306522,0.005195438361131455,0.004975124378109541,0.02318987045066348,1.0,0.04913919944306522,0.00025529968182179044,0.0
2016-01-22,0.027027027027026973,2.07,0.10017095060430026,0.020283701024494727,0.024752475247524774,0.023218063673818002,1.0,0.10017095060430026,0.0020318376133970557,0.002707322989305407
2016-01-25,0.0,2.03,-0.0522063483295111,-0.015637982053378963,-0.019323671497584516,0.023217558199933208,0.0,-0.0,0.0008164019382493453,-0.0
2016-01-26,0.0,2.01,0.04262292580526372,0.014144335590226431,-0.009852216748768461,0.02324016608941753,1.0,0.04262292580526372,0.0006028729664269723,0.0
2016-01-27,0.0,2.02,0.04088048013364398,-0.010863483795639506,0.004975124378109541,0.023275274317712747,1.0,0.04088048013364398,-0.0004441044334898041,0.0
2016-01-28,0.0,2.0,0.02386709824609201,0.005528577205787588,-0.00990099009900991,0.02335677142433325,1.0,0.02386709824609201,0.00013195109533163722,0.0
2016-01-29,-0.23684210526315796,1.94,0.02508121286889109,0.0247602174153414,-0.030000000000000027,0.023643628816150907,1.0,0.02508121286889109,0.000621016283674202,-0.005940287258421576
2016-02-01,0.3103448275862071,1.97,-0.0014393508733998583,-0.00044323658717015935,0.015463917525773141,0.023636210334238017,0.0,-0.0,6.379729688661413e-07,-0.0004466950986413356
2016-02-02,0.0,1.87,-0.05678862738521684,-0.018743090830274922,-0.050761421319796884,0.02360128047049995,0.0,-0.0,0.001064394401207757,-0.0
2016-02-03,0.0,1.88,0.07090463350460618,0.004992038934619414,0.0053475935828875,0.02369555818954105,1.0,0.07090463350460618,0.00035395869109991425,0.0
2016-02-04,0.0,1.87,-0.016552563239165652,0.0015267325638141926,-0.005319148936170137,0.02368813970762818,0.0,-0.0,-2.5271337311827933e-05,-0.0
2016-02-05,0.0,1.86,-0.011607594945116428,-0.018481246310869337,-0.005347593582887722,0.023680721225715306,0.0,-0.0,0.00021452282125749856,-0.0
2016-02-08,0.0,1.75,-0.03464475213148721,-0.014153935656373462,-0.05913978494623662,0.023673302743802416,0.0,-0.0,0.0004903595925000773,-0.0
2016-02-09,0.0,1.74,-0.07785892001608019,-0.0006636203533073592,-0.005714285714285672,0.023665884261889543,0.0,-0.0,5.1668764009200564e-05,-0.0
2016-02-10,0.0,1.71,0.01715041104873216,-0.00018895027740828407,-0.017241379310344862,0.023658465779976653,0.0,0.0,-3.240574925324042e-06,0.0
2016-02-11,0.0,1.63,-0.025291850933407134,-0.012301161792504733,-0.04678362573099415,0.02365104729806378,0.0,-0.0,0.000311119150363753,-0.0
2016-02-12,0.0,1.74,0.10978047914298994,0.019518049565855122,0.06748466257668717,0.023714813352940862,1.0,0.10978047914298994,0.002142700833276202,0.0
2016-02-16,0.0,1.78,-0.03537171113868709,0.01651665412216241,0.02298850574712641,0.023710395153366814,0.0,-0.0,-0.0005842223185867342,-0.0
2016-02-17,-0.02631578947368418,1.81,0.07209445844694651,0.01648043921048603,0.016853932584269593,0.02375015894953319,1.0,0.07209445844694651,0.001188148339847813,-0.0018972225907091164
2016-02-18,0.027027027027026973,1.75,-0.006376846976902217,-0.004665713707027619,-0.03314917127071826,0.02374574074995914,0.0,-0.0,2.975254234775031e-05,-0.00017234721559195149
2016-02-19,0.0,1.76,-0.03704785597981641,-2.6032942938902792e-05,0.005714285714285783,0.023741322550385104,0.0,-0.0,9.644647207312492e-07,-0.0
2016-02-22,0.0,1.77,0.050893680418028886,0.014454197186153817,0.005681818181818121,0.02382208980729811,1.0,0.050893680418028886,0.0007356272922912847,0.0
2016-02-23,0.0,1.74,-0.040933935576809466,-0.012454371867771763,-0.016949152542372947,0.02381083769759962,0.0,-0.0,0.0005098064556849976,-0.0
2016-02-24,0.0,1.75,0.03426508488016622,0.004439786812972857,0.005747126436781658,0.023907096051894037,1.0,0.03426508488016622,0.0001521296719963576,0.0
2016-02-25,-0.02631578947368418,1.71,0.025573992212075458,0.011348275359951865,-0.02285714285714291,0.02404180204448475,1.0,0.025573992212075458,0.0002902207056758968,-0.0006729997950546166
2016-02-26,0.0,1.76,-0.005384030503741033,-0.0018701144822791393,0.029239766081871288,0.024016898949855536,0.0,-0.0,1.0068753418078755e-05,-0.0
2016-02-29,-0.21621621621621623,1.74,0.024786404114047977,-0.008120976341902342,-0.011363636363636354,0.024216277724344294,1.0,0.024786404114047977,-0.00020128980141101449,-0.005359222511145509
2016-03-01,0.24137931034482762,1.83,-0.0002780688321109004,0.023868791801894718,0.051724137931034475,0.024216123706889414,0.0,-0.0,-6.637167060251098e-06,-6.712006292332079e-05
2016-03-02,0.0277777777777779,1.84,0.02697445065069437,0.004094308735004493,0.005464480874316946,0.02421750986398332,1.0,0.02697445065069437,0.00011044172892108558,0.0007492902958526247
2016-03-03,0.0,1.83,0.003790939303859542,0.0034987406745825567,-0.005434782608695676,0.024217355846528444,0.0,0.0,1.326351353728706e-05,0.0
2016-03-04,-0.027027027027027084,1.88,0.04451042728520127,0.0033058923144386743,0.027322404371584508,0.024370552038343273,1.0,0.04451042728520127,0.00014714667947452834,-0.0012029845212216585
2016-03-07,0.0,1.91,0.0547520368039458,0.0008850141950174084,0.015957446808510634,0.024646272682092723,1.0,0.0547520368039458,4.845632977760761e-05,0.0
2016-03-08,0.0,1.83,-0.02913806616706338,-0.011240108649505087,-0.041884816753926635,0.024611239824103848,0.0,-0.0,0.00032751502955426063,-0.0
2016-03-09,0.0,1.9,0.035813319402232535,0.0050523932937867055,0.0382513661202184,0.02481473477261998,1.0,0.035813319402232535,0.00018094297477608097,0.0
2016-03-10,0.0,1.93,-0.024835657787750542,0.00015580493345068724,0.015789473684210575,0.02480765210797697,0.0,-0.0,-3.8695180088245155e-06,-0.0
2016-03-11,0.0,1.98,0.008489392236324278,0.01639550053418848,0.02590673575129543,0.02480056944333398,0.0,0.0,0.0001391878349455902,0.0
2016-03-14,0.0,1.97,-0.021292414541902005,-0.001260972921287129,-0.005050505050505083,0.024793486778690987,0.0,-0.0,2.684915816615872e-05,-0.0
2016-03-15,0.0277777777777779,1.97,-0.019984748930572338,-0.0018369416879204792,0.0,0.024786404114047977,0.0,-0.0,3.671081843319254e-05,-0.000555131914738123
2016-03-16,0.0,1.94,0.041042851928209334,0.005600351545632654,-0.015228426395939132,0.024850148095834974,1.0,0.041042851928209334,0.00022985439923331927,0.0
2016-03-17,0.0,1.91,0.030002455480697243,0.006595236486620859,-0.015463917525773252,0.02485892815843669,1.0,0.030002455480697243,0.00019787328907451242,0.0
2016-03-18,0.0,1.88,-0.008184885534289976,0.004405643688967897,-0.015706806282722474,0.024858715983691847,0.0,-0.0,-3.605968929906927e-05,-0.0
2016-03-21,0.0,1.92,0.008252430735237626,0.0009855772666846896,0.02127659574468077,0.024858503808947007,0.0,0.0,8.133408127540222e-06,0.0
2016-03-22,0.0,1.94,0.006018295486039715,-0.000877387766836879,0.01041666666666674,0.024858291634202168,0.0,0.0,-5.280378836660855e-06,0.0
2016-03-23,0.0,1.88,-0.031586495953718985,-0.006386031602501285,-0.030927835051546393,0.024858079459457328,0.0,-0.0,0.00020171236137272842,-0.0
2016-03-24,0.0,1.91,-0.000741353918684684,-0.0003780702927851376,0.015957446808510634,0.02485786728471249,0.0,-0.0,2.8028389309452756e-07,-0.0
2016-03-28,0.0,1.89,-0.004203713519244201,0.0005452554858313974,-0.010471204188481686,0.024857655109967645,0.0,-0.0,-2.29209785723151e-06,-0.0
2016-03-29,0.0,1.81,-0.028060617215547645,0.008816651779288476,-0.042328042328042215,0.024857442935222806,0.0,-0.0,-0.000247400690701391,-0.0
2016-03-30,0.0,1.83,0.003065889978437264,0.004350315260639448,0.011049723756906049,0.024857230760477966,0.0,0.0,1.3337587960637178e-05,0.0
2016-03-31,-0.32432432432432434,1.78,0.008660218215073234,-0.00203975921756705,-0.02732240437158473,0.024850148095834974,0.0,0.0,-1.7664759930337694e-05,-0.0028087194211048327
2016-04-01,0.48,1.79,0.001515186252601275,0.006330915127309877,0.00561797752808979,0.024843065431191965,0.0,0.0,9.592515567285376e-06,0.0007272894012486119
2016-04-04,0.0,1.78,-0.04967224478775867,-0.003208322345054082,-0.005586592178770999,0.024835982766548973,0.0,-0.0,0.00015936457288156228,-0.0
2016-04-05,0.0,1.73,0.004775810871169073,-0.010144492387214377,-0.028089887640449507,0.02482890010190598,0.0,0.0,-4.844817702535032e-05,0.0
2016-04-06,0.0,1.76,0.052020102357184905,0.010507619269939372,0.01734104046242768,0.024858291634202168,1.0,0.052020102357184905,0.0005466074299525747,0.0
2016-04-07,0.0,1.7,-0.010291160789201892,-0.011975786526205012,-0.03409090909090917,0.024858079459457328,0.0,-0.0,0.00012324474471833336,-0.0
2016-04-08,0.0,1.72,0.06365707081173233,0.0027865779152880243,0.0117647058823529,0.024909524926347296,1.0,0.06365707081173233,0.00017738538767589923,0.0
2016-04-11,0.0,1.73,0.021220868705010387,-0.0027397858070188352,0.005813953488372103,0.024892800786873667,0.0,0.0,-5.814063489059763e-05,0.0
2016-04-12,0.0,1.79,0.04342742741387595,0.0096621337827838,0.034682080924855585,0.025028210020110245,1.0,0.04342742741387595,0.0004196016135150021,0.0
2016-04-13,0.0,1.77,-0.011411911774559802,0.01004013710204088,-0.011173184357541888,0.02502659390266282,0.0,-0.0,-0.00011457715881297504,-0.0
2016-04-14,0.0,1.8,-0.007695793350822155,0.0001729273803483533,0.016949152542372836,0.02500986976318919,0.0,-0.0,-1.3308133838599512e-06,-0.0
2016-04-15,0.0,1.76,-0.016879600271240247,-0.0009842848497145784,-0.022222222222222254,0.02499314562371552,0.0,-0.0,1.6614334816219865e-05,-0.0
2016-04-18,0.0,1.78,-0.004408320961381662,0.006541025289023228,0.011363636363636465,0.024976421484241892,0.0,-0.0,-2.883493889052864e-05,-0.0
2016-04-19,0.0,1.79,0.02610111712578611,0.0030844851678346608,0.00561797752808979,0.02503629060734736,1.0,0.02610111712578611,8.050850863840251e-05,0.0
2016-04-20,0.0,1.85,0.04019987524042201,0.0007615448773992117,0.033519553072625774,0.025052941634365444,1.0,0.04019987524042201,3.0614009061430787e-05,0.0
2016-04-21,0.0,1.88,-0.027729268098677373,-0.005194027008290192,0.01621621621621605,0.025050904322919766,0.0,-0.0,0.0001440265674246499,-0.0
2016-04-22,0.0,1.89,0.013024968492124644,4.785972478082989e-05,0.005319148936170137,0.025048867011474085,0.0,0.0,6.233714073120664e-07,0.0
2016-04-25,0.0,1.91,-0.013965884717161092,-0.0018120458796383465,0.010582010582010692,0.025046829700028406,0.0,-0.0,2.5306823857235912e-05,-0.0
2016-04-26,0.0,1.94,0.028327386447790426,0.0018727515871905798,0.015706806282722585,0.02506493665932357,1.0,0.028327386447790426,5.3050157931060437e-05,0.0
2016-04-27,0.0,1.87,0.03148226003207388,0.001649352800310755,-0.036082474226803996,0.02508121286889109,1.0,0.03148226003207388,5.192535374401242e-05,0.0
2016-04-28,0.0,1.84,0.020347585380734667,-0.009230768513682652,-0.016042780748663166,0.025079404401161368,0.0,0.0,-0.000187823850461955,0.0
2016-04-29,-0.18918918918918926,1.83,-0.0002076925978390376,-0.005063088369821722,-0.005434782608695676,0.02507759593343164,0.0,-0.0,1.0515659766168914e-06,3.929319418576388e-05
2016-05-02,0.2333333333333334,1.88,-0.0006233657454459696,0.007809946463542827,0.027322404371584508,0.025075787465701917,0.0,-0.0,-4.868453099139488e-06,-0.00014545200727072627
2016-05-03,0.0,1.81,-0.028066497233828924,-0.008676638198860664,-0.037234042553191404,0.025073978997972195,0.0,-0.0,0.00024352284200725722,-0.0
2016-05-04,0.0,1.79,-0.045561520173587944,-0.005936889314214544,-0.011049723756906049,0.025072170530242466,0.0,-0.0,0.0002704937022579446,-0.0
2016-05-05,0.0,1.76,0.008740461653613973,-0.0002390081258001331,-0.016759776536312887,0.025070362062512744,0.0,0.0,-2.0890413584582077e-06,0.0
2016-05-06,0.0,1.79,0.007998236475812881,0.0031746390805036384,0.017045454545454586,0.025068553594783015,0.0,0.0,2.5391514091225266e-05,0.0
2016-05-09,0.0,1.77,-0.03835128729850401,0.0007534970439868616,-0.011173184357541888,0.025066745127053293,0.0,-0.0,-2.889758161251364e-05,-0.0
2016-05-10,0.0,1.77,0.043318802277766855,0.012483643435067249,0.0,0.025083551165220565,1.0,0.043318802277766855,0.0005407764816698203,0.0
2016-05-11,0.0,1.73,0.045694156314593615,-0.009561518078546327,-0.02259887005649719,0.025104595832185828,1.0,0.045694156314593615,-0.00043690550168590866,0.0
2016-05-12,0.0,1.75,0.010084104460519328,-0.0001694649071644072,0.011560693641618602,0.025102257535856355,0.0,0.0,-1.7089018262380924e-06,0.0
2016-05-13,0.0,1.71,-0.005199667023276344,-0.00847828902508041,-0.02285714285714291,0.02509991923952688,0.0,-0.0,4.408427985751635e-05,-0.0
2016-05-16,0.0,1.75,0.023834399874688383,0.009796652464963085,0.023391812865497075,0.025097580943197407,0.0,0.0,0.0002334973322832818,0.0
2016-05-17,0.0,1.76,0.006330356358306366,-0.009411297455333645,0.005714285714285783,0.025095242646867934,0.0,0.0,-5.9576866686283864e-05,0.0
2016-05-18,0.0,1.87,-0.0071022419397488434,0.00020517873267866804,0.0625,0.02509290435053846,0.0,-0.0,-1.4572290003749526e-06,-0.0
2016-05-19,0.0,1.85,-0.0024524612944274438,-0.003706707658226005,-0.010695187165775444,0.025090566054208986,0.0,-0.0,9.090557061557067e-06,-0.0
2016-05-20,0.0,1.85,-0.0018438875241896246,0.006019504059596059,0.0,0.02508822775787951,0.0,-0.0,-1.1099288437297972e-05,-0.0
2016-05-23,0.0,1.84,-0.007594473261728907,-0.0020854589704891735,-0.005405405405405461,0.025085889461550038,0.0,-0.0,1.583796238981272e-05,-0.0
2016-05-24,0.0,1.86,0.0053775004019831485,0.013681382686285826,0.010869565217391353,0.025083551165220565,0.0,0.0,7.357164089518732e-05,0.0
2016-05-25,0.0,1.87,0.02324626730974777,0.006974740643369559,0.005376344086021501,0.02508121286889109,0.0,0.0,0.00016213668541193091,0.0
2016-05-26,0.0,1.83,-0.0030157121193633563,-0.00021044390350322129,-0.021390374331550777,0.025079404401161368,0.0,-0.0,6.346382302407971e-07,-0.0
2016-05-27,0.0,1.85,-0.005444655312217828,0.004286857336424754,0.010928961748633892,0.02507759593343164,0.0,-0.0,-2.3340460569485006e-05,-0.0
2016-05-31,-0.21621621621621623,1.84,0.007502005964602487,-0.0010052630048559275,-0.005405405405405461,0.025075787465701917,0.0,0.0,-7.5414890584233865e-06,-0.0016220553436978352
2016-06-01,0.27586206896551735,1.85,0.0004025046954403422,0.0011350423274503196,0.005434782608695565,0.025073978997972195,0.0,0.0,4.5685986632228806e-07,0.00011103577805250823
2016-06-02,0.0,1.81,0.006638540276251215,0.0028246780734553223,-0.021621621621621623,0.025072170530242466,0.0,0.0,1.8751739158076845e-05,0.0
2016-06-03,0.0,1.71,-0.007993635462840043,-0.002911814656949452,-0.05524861878453047,0.025070362062512744,0.0,-0.0,2.3275984903008552e-05,-0.0
2016-06-06,0.0,1.73,0.01833198748189102,0.004897281193053882,0.011695906432748648,0.025068553594783015,0.0,0.0,8.977689752636409e-05,0.0
2016-06-07,0.0,1.72,0.01760631855748751,0.0012894462510633087,-0.005780346820809301,0.025066745127053293,0.0,0.0,2.270240145897863e-05,0.0
2016-06-08,0.0,1.71,0.020800927748638065,0.0033095665337075086,-0.005813953488372103,0.02506493665932357,0.0,0.0,6.88420543469604e-05,0.0
2016-06-09,0.0,1.68,-0.010664589154330772,-0.0017177585589538413,-0.01754385964912286,0.025063128191593842,0.0,-0.0,1.8319189297577994e-05,-0.0
2016-06-10,0.0,1.64,-0.02714147885861029,-0.009175181182794367,-0.023809523809523836,0.025061090880148164,0.0,-0.0,0.0002490279860967323,-0.0
2016-06-13,0.0,1.62,-0.003759446734554306,-0.008115191387155773,-0.012195121951219412,0.025059053568702482,0.0,-0.0,3.0508629760726e-05,-0.0
2016-06-14,0.0,1.62,-0.01032763969861239,-0.0017988851350955182,0.0,0.025057016257256804,0.0,-0.0,1.8578237534456186e-05,-0.0
2016-06-15,0.0,1.6,-0.017258691124823478,-0.0018407128700851372,-0.012345679012345734,0.025054978945811126,0.0,-0.0,3.176829487428671e-05,-0.0
2016-06-16,0.027027027027026973,1.57,-0.03634883703538905,0.0031329906996742096,-0.018750000000000044,0.025052941634365444,0.0,-0.0,-0.00011388056837584735,-0.0009824010009564588
2016-06-17,0.0,1.62,0.0419580334786378,-0.0032579654199809127,0.031847133757961776,0.025070362062512744,1.0,0.0419580334786378,-0.0001366978221638034,0.0
2016-06-20,0.0,1.67,0.03009972365360647,0.00580818525653326,0.030864197530864113,0.02508822775787951,1.0,0.03009972365360647,0.00017482477115060254,0.0
2016-06-21,0.0,1.71,-0.0005923512949710386,0.002712061607464289,0.0239520958083832,0.025085889461550038,0.0,-0.0,-1.606493205222708e-06,-0.0
2016-06-22,0.0,1.69,-0.014618685882733518,-0.0016515636618127383,-0.011695906432748537,0.025083551165220565,0.0,-0.0,2.4143690387377552e-05,-0.0
2016-06-23,0.026315789473684292,1.74,0.0206495340264794,0.01336407865930278,0.029585798816567976,0.02508121286889109,0.0,0.0,0.00027596199700781997,0.0005434087901705122
2016-06-24,0.025641025641025772,1.57,-0.0491062661067182,-0.035919799994431734,-0.09770114942528729,0.025079404401161368,0.0,-0.0,0.0017638872570266595,-0.0012591350283773961
2016-06-27,0.02499999999999991,1.46,-0.025821111422020038,-0.01809650217612302,-0.07006369426751602,0.02507759593343164,0.0,-0.0,0.00046727179903850057,-0.0006455277855504987
2016-06-28,0.0,1.46,0.030110305094084966,0.01777016508725926,0.0,0.025097580943197407,1.0,0.030110305094084966,0.0005350650923496333,0.0
2016-06-29,0.0,1.5,0.04178671681315582,0.017032672570028273,0.027397260273972712,0.025116139934753437,1.0,0.04178671681315582,0.0007117394652549784,0.0
2016-06-30,-0.2682926829268293,1.49,-0.018375820864652614,0.013565044705922347,-0.00666666666666671,0.025114215917658833,0.0,-0.0,-0.0002492688315370333,0.004930098280760458
2016-07-01,0.3666666666666667,1.46,0.003220608825065474,0.00194860235588723,-0.020134228187919434,0.025112291900564233,0.0,0.0,6.275685943913787e-06,0.0011808899025240072
2016-07-05,-0.024390243902438935,1.37,-0.037720727575431545,-0.006847477437932237,-0.06164383561643827,0.02511036788346963,0.0,-0.0,0.00025829183101515584,0.0009200177457422294
2016-07-06,0.0,1.38,0.017514599012155685,0.005352963242081676,0.007299270072992581,0.025108443866375032,0.0,0.0,9.375500471186942e-05,0.0
2016-07-07,0.0,1.4,-0.04918028173572164,-0.0008715778419239317,0.01449275362318847,0.02510651984928043,0.0,-0.0,4.286444382043123e-05,-0.0
2016-07-08,0.0,1.37,0.007758551375337985,0.015253349296718177,-0.02142857142857124,0.025104595832185828,0.0,0.0,0.0001183438941645635,0.0
2016-07-11,0.0,1.43,-0.010906722408891678,0.003408615474199461,0.04379562043795615,0.025102257535856355,0.0,-0.0,-3.71768227757462e-05,-0.0
2016-07-12,0.0,1.53,0.04800002639358114,0.007009293213798395,0.06993006993007,0.025119987968942634,1.0,0.04800002639358114,0.00033644625926267216,0.0
2016-07-13,0.0,1.48,-0.04559527219953852,0.00013476775533982632,-0.0326797385620915,0.025118063951848037,0.0,-0.0,-6.144772488440191e-06,-0.0
2016-07-14,0.0,1.53,0.023994825997105007,0.00525920411762093,0.03378378378378377,0.025116139934753437,0.0,0.0,0.0001261936876855724,0.0
2016-07-15,0.0,1.6,0.00506653333076712,-0.0009289473209127541,0.045751633986928164,0.025114215917658833,0.0,0.0,-4.706542563931289e-06,0.0
2016-07-18,0.0,1.59,-0.013652625867380919,0.002382294987840705,-0.006249999999999978,0.025112291900564233,0.0,-0.0,-3.2524582174725924e-05,-0.0
2016-07-19,0.0,1.56,-0.006388399550879553,-0.0014351736522938419,-0.018867924528301883,0.02511036788346963,0.0,-0.0,9.168462715748148e-06,-0.0
2016-07-20,0.0,1.59,0.010930096939584244,0.004270300173431885,0.019230769230769162,0.025108443866375032,0.0,0.0,4.6674794856733907e-05,0.0
2016-07-21,0.0,1.57,-0.020563863550125516,-0.003612528916297486,-0.012578616352201255,0.02510651984928043,0.0,-0.0,7.42875517056243e-05,-0.0
2016-07-22,0.0,1.57,-0.011039007095419384,0.004553964713003289,0.0,0.025104595832185828,0.0,-0.0,-5.0271248779132806e-05,-0.0
2016-07-25,0.0,1.58,-0.021229972316935686,-0.0030114751244342264,0.006369426751592355,0.025102257535856355,0.0,-0.0,6.393353352487907e-05,-0.0
2016-07-26,0.0,1.57,0.0033541526629521368,0.0003227842443460638,-0.006329113924050667,0.02509991923952688,0.0,0.0,1.0826676327323431e-06,0.0
2016-07-27,0.0,1.52,-0.031201197782663614,-0.0011985421207814095,-0.031847133757961776,0.025097580943197407,0.0,-0.0,3.739594976135386e-05,-0.0
2016-07-28,0.0,1.52,-0.017713375572599444,0.0016062090221755643,0.0,0.025095242646867934,0.0,-0.0,-2.845138365789348e-05,-0.0
2016-07-29,-0.2500000000000001,1.46,-0.005620648107226733,0.0016313092573088106,-0.03947368421052633,0.02509290435053846,0.0,-0.0,-9.169015289394215e-06,0.001405162026806684
2016-08-01,0.3333333333333335,1.51,-0.00023547625409303663,-0.0012697872845152114,0.03424657534246589,0.025090566054208986,0.0,-0.0,2.990047532526109e-07,-7.849208469767892e-05
2016-08-02,0.0,1.55,-0.01531216759002707,-0.006361619481225378,0.026490066225165476,0.02508822775787951,0.0,-0.0,9.741018364050405e-05,-0.0
2016-08-03,0.0,1.55,0.031100460784409423,0.0031339432802557354,0.0,0.025108443866375032,1.0,0.031100460784409423,9.746708008815693e-05,0.0
2016-08-04,0.0,1.51,0.02761026643935427,0.00021257188969192597,-0.02580645161290329,0.02513852920942303,1.0,0.02761026643935427,5.8691665119111015e-06,0.0
2016-08-05,0.0,1.59,-0.0004515795292444613,0.008603496447961101,0.052980132450331174,0.02512383600313184,0.0,-0.0,-3.885162875826669e-06,-0.0
2016-08-08,0.0,1.59,0.025299275362631102,-0.0009071655678379864,0.0,0.0252560748597524,1.0,0.025299275362631102,-2.2950631500230823e-05,0.0
2016-08-09,0.0,1.55,-0.00903282337354716,0.0003897939364765346,-0.02515723270440251,0.02524138165346121,0.0,-0.0,-3.520939780272199e-06,-0.0
2016-08-10,0.0,1.5,-0.02067586293109025,-0.0028646859974036376,-0.032258064516129115,0.025226688447170048,0.0,-0.0,5.922985502293117e-05,-0.0
2016-08-11,0.0,1.57,0.045175975321982476,0.004734588012062169,0.046666666666666634,0.02528787244399609,1.0,0.045175975321982476,0.0002138896311926746,0.0
2016-08-12,0.0,1.51,0.020199832464862677,-0.0007960463737501922,-0.03821656050955413,0.02528502171433733,0.0,0.0,-1.608000338401534e-05,0.0
2016-08-15,0.0,1.55,0.029380396371156525,0.0027929092187690685,0.026490066225165476,0.025337049716411784,1.0,0.029380396371156525,8.205677987609235e-05,0.0
2016-08-16,0.0,1.57,0.01820064314141079,-0.00547907701986905,0.012903225806451646,0.0253276061279666,0.0,0.0,-9.972272558294108e-05,0.0
2016-08-17,0.0,1.56,0.012593925201092926,0.001868589648029051,-0.006369426751592355,0.025318162539521443,0.0,0.0,2.3532878258814423e-05,0.0
2016-08-18,0.0,1.53,0.020862606767525715,0.0021996173129046337,-0.019230769230769273,0.025308718951076285,0.0,0.0,4.588975103817094e-05,0.0
2016-08-19,0.0,1.58,-0.00019646927988048457,-0.0014402713809749113,0.03267973856209161,0.025299275362631102,0.0,-0.0,2.8296908105261186e-07,-0.0
2016-08-22,0.0,1.55,-0.03380505472868378,-0.000563323157221185,-0.01898734177215189,0.02529642463297235,0.0,-0.0,1.9043170159797098e-05,-0.0
2016-08-23,0.0,1.55,0.016273377533435163,0.0019517694055308787,0.0,0.02529357390331359,0.0,0.0,3.17618803944123e-05,0.0
2016-08-24,0.0,1.56,-0.018214568936910425,-0.005240276852734871,0.006451612903225712,0.02529072317365484,0.0,-0.0,9.544938398263531e-05,-0.0
2016-08-25,0.0,1.58,0.01264014151943793,-0.0013652276243513173,0.012820512820512775,0.02528787244399609,0.0,0.0,-1.7256670378046696e-05,0.0
2016-08-26,0.0,1.62,0.005033219432577063,-0.0015788165944199406,0.025316455696202445,0.02528502171433733,0.0,0.0,-7.946530363509585e-06,0.0
2016-08-29,0.0,1.57,-0.013221151274454335,0.005228047221710774,-0.030864197530864224,0.025282170984678578,0.0,-0.0,-6.912080318822885e-05,-0.0
2016-08-30,0.0,1.57,-0.01806738570795663,-0.0019536804841114863,0.0,0.02527932025501982,0.0,-0.0,3.5297898856549655e-05,-0.0
2016-08-31,-0.2500000000000001,1.58,-0.027496341652402,-0.0023758642617150993,0.006369426751592355,0.02527646952536107,0.0,-0.0,6.532757545985022e-05,0.006874085413100504
2016-09-01,0.3333333333333335,1.57,0.00021254934818459859,-4.1384533048027805e-05,-0.006329113924050667,0.025273618795702318,0.0,0.0,-8.796255524282289e-09,7.084978272819956e-05
2016-09-02,0.0,1.6,-0.004675821669994251,0.004201041336424849,0.019108280254777066,0.02527076806604356,0.0,-0.0,-1.9643320117396917e-05,-0.0
2016-09-06,0.0,1.55,0.00918207289484596,0.0029816787577114923,-0.03125,0.0252560748597524,0.0,0.0,2.7377991702320668e-05,0.0
2016-09-07,0.0,1.54,0.015234897297384586,-0.0001463852229309781,-0.006451612903225823,0.02524138165346121,0.0,0.0,-2.2301638372081984e-06,0.0
2016-09-08,0.0,1.61,0.04189250011269974,-0.0022230136296667036,0.045454545454545414,0.02529072317365484,1.0,0.04189250011269974,-9.312759873134543e-05,0.0
2016-09-09,0.0,1.67,-0.03960798740653937,-0.02452206896667508,0.03726708074534146,0.02528787244399609,0.0,-0.0,0.0009712697988143565,-0.0
2016-09-12,0.0,1.68,0.006457016957486017,0.01467705274849096,0.0059880239520957446,0.02528502171433733,0.0,0.0,9.476997848292287e-05,0.0
2016-09-13,0.0,1.73,-0.025248369793218428,-0.014830674258895948,0.029761904761904878,0.025282170984678578,0.0,-0.0,0.00037445034797137054,-0.0
2016-09-14,0.0,1.7,-0.026539278991416726,-0.0005876766502063147,-0.017341040462427793,0.02527932025501982,0.0,-0.0,1.5596514576566603e-05,-0.0
2016-09-15,0.0,1.71,0.016139622750139804,0.010109273363029914,0.00588235294117645,0.02527646952536107,0.0,0.0,0.00016315985835733992,0.0
2016-09-16,0.0,1.7,-0.017600336813449635,-0.0037722947474507773,-0.005847953216374324,0.025273618795702318,0.0,-0.0,6.639365811474061e-05,-0.0
2016-09-19,0.0,1.7,0.003932713641588981,-1.8603060785604697e-05,0.0,0.02527076806604356,0.0,0.0,-7.316051092685662e-08,0.0
2016-09-20,0.0,1.69,-0.0015233883277903093,0.0002991382171499968,-0.00588235294117645,0.0252560748597524,0.0,-0.0,-4.55703668402308e-07,-0.0
2016-09-21,0.0,1.66,0.02070620620799568,0.010917162352442444,-0.017751479289940808,0.02524138165346121,0.0,0.0,0.00022605301487584048,0.0
2016-09-22,0.0,1.63,0.017510135869361676,0.006499784427785649,-0.01807228915662651,0.025226688447170048,0.0,0.0,0.00011381210845208794,0.0
2016-09-23,0.0,1.62,-0.036936035254366284,-0.00573677446354337,-0.006134969325153228,0.02521199524087889,0.0,-0.0,0.00021189370383178615,-0.0
2016-09-26,0.0,1.59,0.03181519075814143,-0.008587762798917709,-0.01851851851851849,0.02528502171433733,1.0,0.03181519075814143,-0.0002732213116332375,0.0
2016-09-27,0.0,1.56,-0.029144610303888374,0.006444170055012188,-0.018867924528301883,0.025282170984678578,0.0,-0.0,-0.00018781282498531713,-0.0
2016-09-28,0.0,1.57,0.05916896527687876,0.005296554012835575,0.0064102564102563875,0.0253276061279666,1.0,0.05916896527687876,0.00031339162047258097,0.0
2016-09-29,0.0,1.56,0.011296016990563373,-0.009321411497187015,-0.006369426751592355,0.025318162539521443,0.0,0.0,-0.0001052948226482573,0.0
2016-09-30,-0.27500000000000013,1.6,-0.003655570654752749,0.007967969231286176,0.025641025641025772,0.025308718951076285,0.0,-0.0,-2.9127474499862563e-05,0.0010052819300570065
2016-10-03,0.3793103448275863,1.63,0.000815269052394596,-0.0032606955294726125,0.018749999999999822,0.025299275362631102,0.0,0.0,-2.658344154460432e-06,0.00030923998539105375
2016-10-04,0.0,1.69,0.03604889028044633,-0.0049555622707156965,0.036809815950920255,0.025384267658637626,1.0,0.03604889028044633,-0.00017864252057494964,0.0
2016-10-05,0.0,1.72,0.019461405528873987,0.0042966906501935576,0.01775147928994092,0.025374824070192443,0.0,0.0,8.361963917553807e-05,0.0
2016-10-06,0.0,1.75,0.01253370041518842,0.00048155976529717925,0.01744186046511631,0.025365380481747284,0.0,0.0,6.035725830243294e-06,0.0
2016-10-07,0.0,1.73,-0.011045477716566166,-0.0032534833570118105,-0.011428571428571455,0.025355936893302126,0.0,-0.0,3.593627792109283e-05,-0.0
2016-10-11,0.02499999999999991,1.77,0.00924320314684235,-0.007897893823187951,0.023121387283236983,0.025346493304856943,0.0,0.0,-7.300183703991763e-05,0.0002310800786710579
2016-10-12,0.0,1.79,-0.011448167828047029,0.001146589037580359,0.011299435028248705,0.025337049716411784,0.0,-0.0,-1.3126343732018871e-05,-0.0
2016-10-13,0.0,1.75,0.0042462343210682985,-0.0030992637479612117,-0.022346368715083775,0.0253276061279666,0.0,0.0,-1.3160200096635666e-05,0.0
2016-10-14,0.0,1.8,-0.0015375363873592063,0.00020160447857309194,0.028571428571428692,0.025318162539521443,0.0,-0.0,-3.099742216607083e-07,-0.0
2016-10-17,0.0,1.77,-0.008277195358244116,-0.003037994040303138,-0.01666666666666672,0.025308718951076285,0.0,-0.0,2.514607016877042e-05,-0.0
2016-10-18,0.0,1.75,0.003105587072796734,0.006160403318245855,-0.011299435028248594,0.025299275362631102,0.0,0.0,1.9131668908358432e-05,0.0
2016-10-19,0.0,1.76,0.019156305300377152,0.0021919710189710617,0.005714285714285783,0.02529642463297235,0.0,0.0,4.199006604898846e-05,0.0
2016-10-20,0.0,1.76,-0.02449206655926317,-0.0013757239543792377,0.0,0.02529357390331359,0.0,-0.0,3.3694322657829016e-05,-0.0
2016-10-21,0.0,1.74,0.0077850856922201395,-8.414160005176807e-05,-0.011363636363636354,0.02529072317365484,0.0,0.0,-6.55049566683529e-07,0.0
2016-10-24,0.0,1.77,-0.006179986527001691,0.004749839541692946,0.01724137931034475,0.02528787244399609,0.0,-0.0,-2.9353944373082293e-05,-0.0
2016-10-25,0.0,1.77,-0.013019785869904488,-0.0037977277864983394,0.0,0.02528502171433733,0.0,-0.0,4.9445602572394723e-05,-0.0
2016-10-26,0.0,1.79,-0.015948048015163252,-0.0017404116452881535,0.011299435028248705,0.025282170984678578,0.0,-0.0,2.7756168485204748e-05,-0.0
2016-10-27,0.0,1.85,0.009803955241190376,-0.0029867267366989747,0.033519553072625774,0.02527932025501982,0.0,0.0,-2.9281735244263343e-05,0.0
2016-10-28,0.0,1.86,-0.015058492527214584,-0.0031082993435224138,0.00540540540540535,0.02527646952536107,0.0,-0.0,4.6806302436778263e-05,-0.0
2016-10-31,-0.24390243902439024,1.84,-0.028364511635095457,-0.00012227640782913607,-0.010752688172043001,0.025273618795702318,0.0,-0.0,3.4683105925672073e-06,0.0069181735695354775
2016-11-01,0.32258064516129026,1.83,0.0006211717281170426,-0.006786883476427641,-0.005434782608695676,0.02527076806604356,0.0,0.0,-4.215820137581559e-06,0.00020037797681194918
2016-11-02,0.0,1.81,-0.03041591485640227,-0.00652550029741239,-0.010928961748633892,0.0252560748597524,0.0,-0.0,0.00019847906144152295,-0.0
2016-11-03,0.0,1.82,-0.010883528160215317,-0.004423400838946101,0.005524861878453136,0.02524138165346121,0.0,-0.0,4.814220759458995e-05,-0.0
2016-11-04,0.0,1.79,-0.016612657355238647,-0.0016661307322337615,-0.016483516483516536,0.025226688447170048,0.0,-0.0,2.767885896363235e-05,-0.0
2016-11-07,0.0,1.83,0.012505477664019438,0.022223543967337278,0.022346368715083775,0.02521199524087889,0.0,0.0,0.00027791603269889027,0.0
2016-11-08,0.0,1.88,-0.0023835451075744363,0.0037719744542996647,0.027322404371584508,0.0251973020345877,0.0,-0.0,-8.99067125644172e-06,-0.0
2016-11-09,0.0,2.07,0.006950471078646325,0.011077020753253342,0.10106382978723394,0.02518260882829654,0.0,0.0,7.699051238305248e-05,0.0
2016-11-10,0.0,2.15,-0.011216575731613831,0.0019507459501284519,0.03864734299516903,0.02516791562200535,0.0,-0.0,-2.1880689682754758e-05,-0.0
2016-11-14,0.0,2.23,-0.030759158872570525,-0.0015132916227285076,0.037209302325581506,0.025153222415714188,0.0,-0.0,4.654757744403622e-05,-0.0
2016-11-15,0.0,2.23,0.05671844340433441,0.007480797417763307,0.0,0.025273618795702318,1.0,0.05671844340433441,0.0004242991849586991,0.0
2016-11-16,0.0,2.22,-0.006815754837576349,-0.0015822634216101639,-0.004484304932735328,0.02527076806604356,0.0,-0.0,1.0784319570159581e-05,-0.0
2016-11-17,0.0,2.29,-0.003002345838335585,0.004676369608375142,0.03153153153153143,0.0252560748597524,0.0,-0.0,-1.4040078832224116e-05,-0.0
2016-11-18,0.0,2.34,0.007958677533370428,-0.002386798421690206,0.02183406113537112,0.02524138165346121,0.0,0.0,-1.899575897538984e-05,0.0
2016-11-21,0.0,2.33,0.043533949828346685,0.0074614006258433285,-0.004273504273504147,0.02529072317365484,1.0,0.043533949828346685,0.000324824240494658,0.0
2016-11-22,0.0,2.31,0.004498924317812847,0.002165432272904111,-0.008583690987124526,0.02528787244399609,0.0,0.0,9.74211591114505e-06,0.0
2016-11-23,0.0,2.36,-0.003460874850202078,0.0008080244329033981,0.021645021645021467,0.02528502171433733,0.0,-0.0,-2.796471438184167e-06,-0.0
2016-11-25,0.0,2.36,-0.034933586472327804,0.003914386891670674,0.0,0.025282170984678578,0.0,-0.0,-0.00013674357296632392,-0.0
2016-11-28,0.0,2.32,0.021168500517980027,-0.005254535631502799,-0.016949152542372947,0.025279320255019826,0.0,0.0,-0.0001112306402372115,0.0
2016-11-29,0.0,2.3,-0.038557225241180326,0.0013352930642269722,-0.008620689655172376,0.025276469525361073,0.0,-0.0,-5.1485195440385236e-05,-0.0
2016-11-30,-0.24390243902439024,2.37,0.08818456357043147,-0.0026534040390964186,0.0304347826086957,0.02530871895107626,1.0,0.08818456357043147,-0.00023398927716373777,-0.021508430139129626
2016-12-01,0.32258064516129026,2.45,-0.0001981798293748671,-0.0035155289737457407,0.03375527426160341,0.025299275362631102,0.0,-0.0,6.967069321793325e-07,-6.392897721769906e-05
2016-12-02,0.0,2.4,0.07927071091110793,0.00039700650631591117,-0.020408163265306256,0.025384267658637626,1.0,0.07927071091110793,3.147098799199754e-05,0.0
2016-12-05,0.0,2.39,0.008813800042335673,0.005821305253253195,-0.004166666666666541,0.025374824070192464,0.0,0.0,5.130782048757189e-05,0.0
2016-12-06,0.0,2.39,-0.018383661208214774,0.0034108883546988267,0.0,0.025365380481747305,0.0,-0.0,-6.270461593182834e-05,-0.0
2016-12-07,0.0,2.34,-0.017244581863770647,0.013163241364864575,-0.02092050209205032,0.0253559368933021,0.0,-0.0,-0.00022699459330897923,-0.0
2016-12-08,0.0,2.4,0.016792441314121387,0.0021593430473272335,0.025641025641025772,0.025346493304856943,0.0,0.0,3.626064139929861e-05,0.0
2016-12-09,0.0,2.47,0.008164825503612194,0.005938984786955759,0.029166666666666785,0.025337049716411784,0.0,0.0,4.8490774454101216e-05,0.0
2016-12-12,0.0,2.49,0.025032150742114068,-0.0011374349205595102,0.00809716599190291,0.025327606127966622,0.0,0.0,-2.84724423907902e-05,0.0
2016-12-13,0.0,2.48,0.0005387429472794025,0.006539774750587091,-0.004016064257028162,0.025318162539521464,0.0,0.0,3.5232575236747087e-06,0.0
2016-12-14,0.0,2.54,-0.03266331039038073,-0.00811717185395111,0.024193548387096753,0.02530871895107626,0.0,-0.0,0.0002651337037576673,-0.0
2016-12-15,0.6097560975609757,2.6,0.002226325203852797,0.0038832279549072535,0.023622047244094446,0.025299275362631102,0.0,0.0,8.64532826831577e-06,0.0013575153682029253
2016-12-16,0.0,2.6,0.02202885258469034,-0.0017506226204834219,0.0,0.02529642463297235,0.0,0.0,-3.85642076380536e-05,0.0
2016-12-19,0.0,2.54,-0.005252688287200158,0.001975120701520394,-0.023076923076923106,0.025293573903313597,0.0,-0.0,-1.0374693374682734e-05,-0.0
2016-12-20,0.0,2.57,0.007829576101823887,0.0036375121488696482,0.011811023622047223,0.025290723173654845,0.0,0.0,2.8480178190883854e-05,0.0
2016-12-21,0.0,2.55,-0.016079483544422457,-0.0024573614565177593,-0.0077821011673151474,0.025287872443996082,0.0,-0.0,3.951310310277531e-05,-0.0
2016-12-22,0.0,2.55,0.01083364235230233,-0.0018629737285675851,0.0,0.02528502171433733,0.0,0.0,-2.0182791087036377e-05,0.0
2016-12-23,0.0,2.55,0.0019981945844880222,0.0012517152775348706,0.0,0.025282170984678578,0.0,0.0,2.5011706888911e-06,0.0
2016-12-27,0.0,2.57,0.016860049088985196,0.0022483727122095676,0.007843137254901933,0.025279320255019826,0.0,0.0,3.7907674298188095e-05,0.0
2016-12-28,0.0,2.51,0.0023177227270738676,-0.008356529175972627,-0.023346303501945553,0.025276469525361073,0.0,0.0,-1.9368117590607615e-05,0.0
2016-12-29,0.0,2.49,-0.0014230136840557295,-0.000293304709629405,-0.007968127490039723,0.02527361879570231,0.0,-0.0,4.173766154006356e-07,-0.0
2016-12-30,-0.16666666666666663,2.45,-0.00017809621734776737,-0.004637050227782158,-0.016064257028112428,0.02527076806604356,0.0,-0.0,8.258411052196054e-07,2.9682702891294554e-05
2017-01-03,0.19999999999999996,2.45,-0.011758415016083545,0.008486575281279274,0.0,0.0252560748597524,0.0,-0.0,-9.978867422251765e-05,-0.0023516830032167084
2017-01-04,0.0,2.46,0.017847446222879038,0.005722273788525856,0.004081632653061051,0.02524138165346124,0.0,0.0,0.00010212797371330551,0.0
2017-01-05,0.0,2.37,0.007616016864124164,-0.0007706704833204681,-0.03658536585365846,0.025226688447170083,0.0,0.0,-5.869439397651405e-06,0.0
2017-01-06,0.0,2.42,0.003691318100292884,0.0035169592193697863,0.021097046413502074,0.025211995240878856,0.0,0.0,1.2982215224451624e-05,0.0
2017-01-09,0.0,2.38,-0.03782836961705116,-0.0035485942758867184,-0.016528925619834767,0.0251973020345877,0.0,-0.0,0.0001342375358891948,-0.0
2017-01-10,0.0,2.38,-0.023662163624965094,0.0,0.0,0.02518260882829654,0.0,-0.0,-0.0,-0.0
2017-01-11,0.0,2.38,0.027218476903159816,0.0028296382793233654,0.0,0.025279320255019826,1.0,0.027218476903159816,7.701844415005991e-05,0.0
2017-01-12,0.0,2.36,0.01651542418534757,-0.0021448089967596173,-0.008403361344537785,0.025276469525361073,0.0,0.0,-3.542243037803485e-05,0.0
2017-01-13,0.0,2.4,-0.009998171315396376,0.0018498402425362048,0.016949152542372836,0.02527361879570231,0.0,-0.0,-1.8495019650991356e-05,-0.0
2017-01-17,0.0,2.33,0.0003606935525426458,-0.0029675026899970147,-0.029166666666666563,0.02527076806604356,0.0,0.0,-1.070359087434881e-06,0.0
2017-01-18,0.0,2.42,-0.027943086671130324,0.0017637540575008437,0.03862660944205998,0.0252560748597524,0.0,-0.0,-4.928473249530385e-05,-0.0
2017-01-19,0.0,2.47,0.004451069855655687,-0.003609308355419394,0.02066115702479343,0.02524138165346124,0.0,0.0,-1.6065283620573468e-05,0.0
2017-01-20,0.0,2.48,0.024556902415099113,0.003366237154707852,0.004048582995951344,0.025226688447170083,0.0,0.0,8.266435731424161e-05,0.0
2017-01-23,0.0,2.41,-0.004685567279976599,-0.002690124758069401,-0.028225806451612878,0.025211995240878856,0.0,-0.0,1.260476054546495e-05,-0.0
2017-01-24,0.0,2.47,0.003802264823704382,0.006564593637664151,0.024896265560165887,0.0251973020345877,0.0,0.0,2.496032347040399e-05,0.0
2017-01-25,0.0,2.53,-0.006493448855910744,0.008026090549617448,0.024291497975708287,0.02518260882829654,0.0,-0.0,-5.211700849684945e-05,-0.0
2017-01-26,0.0,2.51,0.02106027249182274,-0.0007353844075136395,-0.007905138339920903,0.02516791562200538,0.0,0.0,-1.5487396008474865e-05,0.0
2017-01-27,0.0,2.49,-0.012802297283337372,-0.000866463892926328,-0.007968127490039723,0.025153222415714223,0.0,-0.0,1.1092728342520652e-05,-0.0
2017-01-30,0.0,2.49,-0.005223359386460347,-0.006009543517695892,0.0,0.025138529209422996,0.0,-0.0,3.139000554149877e-05,-0.0
2017-01-31,-0.1515151515151515,2.45,0.008509889998164821,-0.0008899054071440649,-0.016064257028112428,0.02512383600313184,0.0,0.0,-7.57299712356807e-06,-0.001289377272449215
2017-02-01,0.1785714285714286,2.48,-0.0007181492814980484,0.00029836348965073256,0.012244897959183598,0.025121911986037238,0.0,-0.0,-2.1426952571792397e-07,-0.00012824094312465151
2017-02-02,0.0,2.48,0.016169628608447617,0.0005703094032936118,0.0,0.02511998796894264,0.0,0.0,9.221691243163075e-06,0.0
2017-02-03,0.0,2.49,0.004420084758308684,0.007264758098647794,0.0040322580645162365,0.02511806395184804,0.0,0.0,3.2110846544632695e-05,0.0
2017-02-06,0.0,2.42,-0.01918676511598094,-0.002115356985885164,-0.028112449799196915,0.025116139934753434,0.0,-0.0,4.0586857624628053e-05,-0.0
2017-02-07,0.0,2.4,-0.012024443089811654,0.00022682918569594257,-0.008264462809917328,0.025114215917658833,0.0,-0.0,-2.727494634509181e-06,-0.0
2017-02-08,0.0,2.34,0.0012715657728310514,0.0006933223855400961,-0.025000000000000022,0.025112291900564233,0.0,0.0,8.816050149903605e-07,0.0
2017-02-09,0.0,2.4,0.00925257884820918,0.005752546449780516,0.025641025641025772,0.025110367883469636,0.0,0.0,5.3225889604580017e-05,0.0
2017-02-10,0.0,2.41,0.019234220281859615,0.003566050102845164,0.004166666666666874,0.025108443866375035,0.0,0.0,6.859019321427202e-05,0.0
2017-02-13,0.0,2.43,-0.0195767300778783,0.005245845097992419,0.008298755186721962,0.025106519849280428,0.0,-0.0,-0.00010269649351375863,-0.0
2017-02-14,0.0,2.47,0.006835781023064813,0.004007335176634763,0.016460905349794164,0.025104595832185828,0.0,0.0,2.7393265753499993e-05,0.0
2017-02-15,0.0,2.51,-0.003930698872698035,0.004992308919898214,0.0161943319838056,0.025102257535856355,0.0,-0.0,-1.9623263043604254e-05,-0.0
2017-02-16,0.0,2.45,-0.001793694603068996,-0.0008641180363413437,-0.02390438247011939,0.025099919239526883,0.0,-0.0,1.5499638582000467e-06,-0.0
2017-02-17,0.0,2.42,0.002875109488320593,0.0016785565287558146,-0.01224489795918382,0.025097580943197414,0.0,0.0,4.826033802508321e-06,0.0
2017-02-21,0.0,2.43,0.015230217760357823,0.006048066160828425,0.004132231404958775,0.02509524264686793,0.0,0.0,9.211336465846822e-05,0.0
2017-02-22,0.0,2.42,-0.014472285510633842,-0.001082200145408052,-0.004115226337448652,0.02509290435053846,0.0,-0.0,1.566190948399479e-05,-0.0
2017-02-23,0.0,2.38,0.01325217901942466,0.00041898672168572126,-0.016528925619834767,0.025090566054208986,0.0,0.0,5.552487042541034e-06,0.0
2017-02-24,0.0,2.31,-0.010427715332169907,0.0014933641914423035,-0.02941176470588225,0.025088227757879514,0.0,-0.0,-1.5572376675616424e-05,-0.0
2017-02-27,0.0,2.36,-0.0010716444274387893,0.0010179830611165563,0.021645021645021467,0.025085889461550045,0.0,-0.0,-1.0909158746726382e-06,-0.0
2017-02-28,-0.13636363636363646,2.36,-0.0060790300506475825,-0.0025783763780462543,0.0,0.025083551165220562,0.0,-0.0,1.5674027484023052e-05,0.0008289586432701255
2017-03-01,0.1578947368421053,2.46,0.00017985827497324358,0.013673854659866258,0.04237288135593231,0.02508121286889109,0.0,0.0,2.4593559113583936e-06,2.839867499577531e-05
2017-03-02,0.0,2.49,-0.009352457865775654,-0.005859880503598425,0.012195121951219523,0.025079404401161368,0.0,-0.0,5.480428550838449e-05,-0.0
2017-03-03,0.0,2.49,0.014887430420561287,0.0005038772720600271,0.0,0.025077595933431642,0.0,0.0,7.501437828295883e-06,0.0
2017-03-06,0.0,2.49,0.0019677422656845245,-0.0032772408480052917,0.0,0.02507578746570192,0.0,0.0,-6.448765331447805e-06,0.0
2017-03-07,0.0,2.52,-0.0016068586910363836,-0.0029133737680216987,0.012048192771084265,0.025073978997972188,0.0,-0.0,4.681379959383083e-06,-0.0
2017-03-08,0.0,2.57,-0.05025031564028659,-0.002284215165048731,0.01984126984126977,0.025072170530242466,0.0,-0.0,0.00011478253303402805,-0.0
2017-03-09,0.0,2.6,-0.017322575279038133,0.0007998953585612867,0.011673151750972943,0.025070362062512744,0.0,-0.0,-1.3856247564031088e-05,-0.0
2017-03-10,0.0,2.58,-0.015711816754188868,0.003268670195698986,-0.007692307692307665,0.02506855359478302,0.0,-0.0,-5.1356747144701136e-05,-0.0
2017-03-13,0.0,2.62,-0.00038934121431832835,0.0003666328125562224,0.015503875968992276,0.025066745127053296,0.0,-0.0,-1.4274526444958368e-07,-0.0
2017-03-14,0.0,2.6,-0.00837391076832239,-0.0033790271755046453,-0.007633587786259555,0.025064936659323564,0.0,-0.0,2.829567205141234e-05,-0.0
2017-03-15,0.0,2.51,0.017478461043788807,0.008374752796581397,-0.034615384615384714,0.025063128191593842,0.0,0.0,0.00014637779050640933,0.0
2017-03-16,0.3787878787878787,2.53,-0.001351084596965535,-0.0016267102694209612,0.007968127490039834,0.025061090880148164,0.0,-0.0,2.1978231887403163e-06,-0.000511774468547551
2017-03-17,0.0,2.5,0.0003864832318845046,-0.0013143147950017697,-0.011857707509881354,0.025059053568702486,0.0,0.0,-5.079606296859042e-07,0.0
2017-03-20,0.0,2.47,-0.0027047796404234825,-0.0020098935338483948,-0.0119999999999999,0.025057016257256808,0.0,-0.0,5.436319109771944e-06,-0.0
2017-03-21,0.0,2.43,-0.012785739269057572,-0.012407972940626899,-0.01619433198380571,0.025054978945811122,0.0,-0.0,0.00015864510687637712,-0.0
2017-03-22,0.0,2.4,-0.006279428975141443,0.0018898864360001877,-0.012345679012345734,0.025052941634365444,0.0,-0.0,-1.1867407645946374e-05,-0.0
2017-03-23,0.0,2.41,-0.0015797396785469653,-0.001060269661328106,0.004166666666666874,0.025050904322919766,0.0,-0.0,1.674950053959562e-06,-0.0
2017-03-24,0.0,2.4,0.004746793062713639,-0.0008439958489141475,-0.004149377593361092,0.025048867011474088,0.0,0.0,-4.006273640584784e-06,0.0
2017-03-27,0.0,2.38,-0.0009842369647925509,-0.001019587452981141,-0.008333333333333304,0.02504682970002841,0.0,-0.0,1.003515660062726e-06,-0.0
2017-03-28,0.0,2.42,0.01142860750846686,0.007251474353500598,0.01680672268907557,0.025044792388582725,0.0,0.0,8.28742542438718e-05,0.0
2017-03-29,0.0,2.39,0.021235073037366936,0.001085324742930105,-0.012396694214875992,0.025042755077137047,0.0,0.0,2.3046950185382273e-05,0.0
2017-03-30,0.0,2.42,0.010301429499996573,0.002935109936855751,0.012552301255229992,0.02504169464363475,0.0,0.0,3.0235828089258912e-05,0.0
2017-03-31,-0.098901098901099,2.4,-0.0024546309604466243,-0.002255047489714501,-0.008264462809917328,0.025040634210132452,0.0,-0.0,5.535309385530655e-06,0.0002427656993848312
2017-04-03,0.10975609756097571,2.35,0.0054892502513526065,-0.0016421255420062675,-0.02083333333333326,0.025039573776630155,0.0,0.0,-9.014038044210439e-06,0.0006024786861240671
2017-04-04,0.0,2.36,0.019766552299953055,0.0005595225490382383,0.004255319148936065,0.025038513343127854,0.0,0.0,1.1059831728567385e-05,0.0
2017-04-05,0.0,2.34,0.0035075216508899665,-0.0030548611983906016,-0.008474576271186418,0.025037452909625557,0.0,0.0,-1.0714991793818704e-05,0.0
2017-04-06,0.0,2.34,0.009749793475829271,0.001929509405943275,0.0,0.02503639247612326,0.0,0.0,1.8812318217616956e-05,0.0
2017-04-07,0.0,2.38,0.0063764309110989625,-0.0008271302020167459,0.017094017094017033,0.025035332042620963,0.0,0.0,-5.2741385876431084e-06,0.0
2017-04-10,0.0,2.37,0.01339605071116412,0.0006876864837839225,-0.004201680672268782,0.025034271609118666,0.0,0.0,9.212283010151568e-06,0.0
2017-04-11,0.0,2.32,0.004465880708187209,-0.001433879303282093,-0.021097046413502185,0.025033211175616365,0.0,0.0,-6.403533918396414e-06,0.0
2017-04-12,0.0,2.28,-0.006580098433165538,-0.003759951034546627,-0.017241379310344862,0.025032150742114068,0.0,-0.0,2.4740847911199404e-05,-0.0
2017-04-13,0.0,2.24,0.000537035069264169,-0.006814694227374907,-0.01754385964912264,0.025031595058168942,0.0,0.0,-3.659729786412416e-06,0.0
2017-04-17,0.0,2.26,-0.009482891126941673,0.008613348940219367,0.008928571428571175,0.02503103937422382,0.0,-0.0,-8.16794502384587e-05,-0.0
2017-04-18,0.0,2.18,-0.008489906349734455,-0.0029033798625895946,-0.03539823008849541,0.025030483690278695,0.0,-0.0,2.464942313109055e-05,-0.0
2017-04-19,0.0,2.21,-0.03570776291249678,-0.0017163507793208632,0.013761467889908063,0.02502992800633357,0.0,-0.0,6.128704670266846e-05,-0.0
2017-04-20,0.0,2.24,0.0011335985819964645,0.007557263417987681,0.013574660633484337,0.025029372322388443,0.0,0.0,8.56690309440459e-06,0.0
2017-04-21,0.0,2.24,-0.01943767807829111,-0.0030350729326357184,0.0,0.025028816638443318,0.0,-0.0,5.8994770608708014e-05,-0.0
2017-04-24,0.0,2.28,-0.006928418335156228,0.01084006896297951,0.01785714285714257,0.025028260954498196,0.0,-0.0,-7.51045325574652e-05,-0.0
2017-04-25,0.0,2.35,0.009689922767163628,0.006090687476747014,0.03070175438596512,0.02502770527055307,0.0,0.0,5.9018291248609285e-05,0.0
2017-04-26,0.0,2.32,-0.005374256957722423,-0.00048570348354270987,-0.01276595744680864,0.025027149586607945,0.0,-0.0,2.610295325819427e-06,-0.0
2017-04-27,0.0,2.3,-0.00733309668763249,0.0005529198041311911,-0.008620689655172376,0.02502659390266282,0.0,-0.0,-4.054614384200843e-06,-0.0
2017-04-28,-0.08791208791208793,2.29,0.005637654029344574,-0.0019131470681601481,-0.004347826086956386,0.02500986976318919,0.0,0.0,-1.0785661277541818e-05,-0.000495617936645677
2017-05-01,0.09638554216867479,2.33,-0.004059522256542825,0.0017322905115801923,0.017467248908296984,0.02499314562371556,0.0,-0.0,-7.032271886557746e-06,-0.00039127925364268223
2017-05-02,0.0,2.29,-0.02057456063417562,0.0011890499458222514,-0.01716738197424894,0.02497642148424193,0.0,-0.0,-2.446418020738315e-05,-0.0
2017-05-03,0.0,2.33,0.006539869937418175,-0.0012713605313821041,0.017467248908296984,0.024959697344768224,0.0,0.0,-8.314532518805819e-06,0.0
2017-05-04,0.0,2.36,-0.047450281629653035,0.0005821026438950216,0.012875536480686511,0.024942973205294594,0.0,-0.0,-2.7620934390184407e-05,-0.0
2017-05-05,0.0,2.36,0.014882128774494241,0.0040886954080285864,0.0,0.024926249065820964,0.0,0.0,6.08484915819647e-05,0.0
2017-05-08,0.0,2.39,0.004888018043285536,3.744597299082386e-05,0.01271186440677985,0.024909524926347335,0.0,0.0,1.8303659162752986e-07,0.0
2017-05-09,0.0,2.42,-0.012363206495036194,-0.0010252486299153762,0.012552301255229992,0.024892800786873705,0.0,-0.0,1.2675360520396739e-05,-0.0
2017-05-10,0.0,2.41,0.030576681560921193,0.0011306013658478609,-0.004132231404958553,0.025027149586607945,1.0,0.030576681560921193,3.4570037935872606e-05,0.0
2017-05-11,0.0,2.39,0.010951796568929861,-0.002162809124616749,-0.008298755186721962,0.02502659390266282,0.0,0.0,-2.368664555022791e-05,0.0
2017-05-12,0.0,2.33,0.0013787609650004473,-0.0014784413679722608,-0.025104602510460317,0.02500986976318919,0.0,0.0,-2.0384172472020155e-06,0.0
2017-05-15,0.0,2.34,0.019276151441680156,0.004776513648450997,0.0042918454935620964,0.02499314562371556,0.0,0.0,9.207280045079363e-05,0.0
2017-05-16,0.0,2.33,-0.003280551330498982,-0.0006868970151433507,-0.004273504273504147,0.02497642148424193,0.0,-0.0,2.2534009169442984e-06,-0.0
2017-05-17,0.0,2.22,0.01084215957502277,-0.018178214414433458,-0.047210300429184504,0.024959697344768224,0.0,0.0,-0.00019709110147026664,0.0
2017-05-18,0.0,2.23,0.005746011153441533,0.003686818283279214,0.0045045045045044585,0.024942973205294594,0.0,0.0,2.1184498976434528e-05,0.0
2017-05-19,0.0,2.23,0.020948435040556213,0.006767499942466504,0.0,0.024926249065820964,0.0,0.0,0.00014176853293172746,0.0
2017-05-22,0.0,2.25,0.004849810083437989,0.005160131149745784,0.008968609865470878,0.024909524926347335,0.0,0.0,2.5025656081899564e-05,0.0
2017-05-23,0.0,2.29,0.005197746418153626,0.001837871992654172,0.017777777777777892,0.024892800786873705,0.0,0.0,9.552792566843089e-06,0.0
2017-05-24,0.0,2.26,-0.0035088169169384953,0.002489126548973042,-0.013100436681222849,0.0248760766474,0.0,-0.0,-8.733889343437345e-06,-0.0
2017-05-25,0.0,2.25,-0.04633061605665212,0.00444194837709877,-0.004424778761061843,0.02485935250792637,0.0,-0.0,-0.0002057982048028321,-0.0
2017-05-26,0.0,2.25,0.013408520281424696,0.00031054999597146526,0.0,0.02485914033318153,0.0,0.0,4.1640159193797495e-06,0.0
2017-05-30,0.0,2.21,-0.005944417338840879,-0.0012046245861250249,-0.01777777777777778,0.02485892815843669,0.0,-0.0,7.160791276555616e-06,-0.0
2017-05-31,-0.08791208791208793,2.21,-0.029513865254502614,-0.000459968801852062,0.0,0.02485871598369185,0.0,-0.0,1.357545723913677e-05,0.002594625516879351
2017-06-01,0.09638554216867479,2.21,0.0003975443692652014,0.007571112611303388,0.0,0.024858503808947007,0.0,0.0,3.0098531876964172e-06,3.831752956773029e-05
2017-06-02,0.0,2.15,-0.007550189832911225,0.0037077313104922904,-0.02714932126696834,0.024858291634202168,0.0,-0.0,-2.7994075243645502e-05,-0.0
2017-06-05,0.0,2.18,-0.009609600298394083,-0.001217665183814387,0.013953488372093092,0.024858079459457328,0.0,-0.0,1.170127571372682e-05,-0.0
2017-06-06,0.0,2.14,0.013139229738074354,-0.0027790399654609166,-0.01834862385321101,0.02485786728471249,0.0,0.0,-3.65144445574812e-05,0.0
2017-06-07,0.0,2.18,-0.04110130890851327,0.0015682572275503848,0.01869158878504673,0.02485765510996765,0.0,-0.0,-6.445742475755695e-05,-0.0
2017-06-08,0.0,2.19,-0.0041614805914383934,0.00026720472849017796,0.004587155963302614,0.024857442935222806,0.0,-0.0,-1.1119672915524412e-06,-0.0
2017-06-09,0.0,2.21,0.006059358792916969,-0.0008299892344156845,0.009132420091324311,0.024857230760477966,0.0,0.0,-5.029202565583102e-06,0.0
2017-06-12,0.0,2.21,0.002907567709487857,-0.000978763178264619,0.0,0.024850148095834974,0.0,0.0,-2.8458202123579133e-06,0.0
2017-06-13,0.0,2.21,0.008904541251261833,0.004511505177332342,0.0,0.024843065431191982,0.0,0.0,4.017288395683717e-05,0.0
2017-06-14,0.0,2.15,-0.035303800854016076,-0.0009958307964025304,-0.02714932126696834,0.02483598276654899,0.0,-0.0,3.515661212049116e-05,-0.0
2017-06-15,0.27472527472527464,2.16,-0.001702166618184786,-0.0022395981461527104,0.0046511627906977715,0.024828900101905964,0.0,-0.0,3.812169202529675e-06,-0.00046762819180900703
2017-06-16,0.0,2.16,0.009590809473587925,0.0002836393681004967,0.0,0.024821817437262972,0.0,0.0,2.7203311386607366e-06,0.0
2017-06-19,0.0,2.19,-0.009710768310003726,0.008347228657875183,0.01388888888888884,0.02481473477261998,0.0,-0.0,-8.105800352724926e-05,-0.0
2017-06-20,0.0,2.16,-0.018972487583530318,-0.0066966373620162,-0.013698630136986245,0.024807652107976988,0.0,-0.0,0.00012705186920225757,-0.0
2017-06-21,0.0,2.16,-0.026075635615014692,-0.0005826443900691647,0.0,0.024800569443333996,0.0,-0.0,1.5192822808576023e-05,-0.0
2017-06-22,0.0,2.15,0.008924621343205708,-0.00045578207221763645,-0.004629629629629761,0.02479348677869097,0.0,0.0,-4.0676824095640435e-06,0.0
2017-06-23,0.0,2.15,0.007076507876733862,0.0015609155178168965,0.0,0.024786404114047977,0.0,0.0,1.1045830956747382e-05,0.0
2017-06-26,0.0,2.14,0.00636804808294289,0.000315801794623205,-0.0046511627906975495,0.02476345394415311,0.0,0.0,2.011041012840225e-06,0.0
2017-06-27,0.0,2.21,0.017892202968854853,-0.00807282488613359,0.032710280373831724,0.024740503774258245,0.0,0.0,-0.00014444062139472476,0.0
2017-06-28,0.0,2.22,0.014147906234171836,0.008808066374833778,0.00452488687782826,0.024717553604363382,0.0,0.0,0.00012461569717551015,0.0
2017-06-29,0.0,2.27,0.002325022034693758,-0.008600023246820632,0.022522522522522515,0.02469460343446841,0.0,0.0,-1.999524354773652e-05,0.0
2017-06-30,-0.08620689655172398,2.31,0.010544074637426792,0.0015332318107057485,0.017621145374449254,0.024671653264573545,0.0,0.0,1.616651064855844e-05,-0.000908971951502308
2017-07-03,0.09433962264150941,2.35,0.03672792578216422,0.002310833849555216,0.017316017316017396,0.02481473477261998,1.0,0.03672792578216422,8.48721341213768e-05,0.003464898658694737
2017-07-05,0.0,2.33,-0.038043465741515514,0.001453279024245635,-0.008510638297872353,0.024807652107976988,0.0,-0.0,-5.528777077175191e-05,-0.0
2017-07-06,0.0,2.37,0.00669595498417852,-0.009368823820586791,0.017167381974249052,0.024800569443333996,0.0,0.0,-6.273322255734858e-05,0.0
2017-07-07,0.0,2.39,-0.02910001056158118,0.006403125486305727,0.00843881856540074,0.02479348677869097,0.0,-0.0,-0.0001863310192786263,-0.0
2017-07-10,0.0,2.38,0.003639520166445198,0.0009277662125786179,-0.004184100418410108,0.024786404114047977,0.0,0.0,3.3766238404263626e-06,0.0
2017-07-11,0.0,2.37,0.013651863802616848,-0.0007826806116978391,-0.004201680672268782,0.02476345394415311,0.0,0.0,-1.0685049111847742e-05,0.0
2017-07-12,0.0,2.33,0.004629655273228783,0.007305607635895495,-0.016877637130801704,0.024740503774258245,0.0,0.0,3.382244491566404e-05,0.0
2017-07-13,0.0,2.35,0.014243746681417147,0.0018745843139260643,0.008583690987124415,0.024717553604363382,0.0,0.0,2.6701104100521017e-05,0.0
2017-07-14,0.0,2.33,0.010119820260155787,0.004673503078699293,-0.008510638297872353,0.02469460343446841,0.0,0.0,4.729501114172155e-05,0.0
2017-07-17,0.0,2.31,-0.010018435493671873,-5.291283677333336e-05,-0.008583690987124526,0.024671653264573545,0.0,-0.0,5.301038420008292e-07,-0.0
2017-07-18,0.0,2.27,0.008674142906348825,0.0005978573436131729,-0.017316017316017285,0.02464870309467868,0.0,0.0,5.185900036110756e-06,0.0
2017-07-19,0.0,2.27,0.017608530050465143,0.005372639356088893,0.0,0.024625752924783813,0.0,0.0,9.460428155200298e-05,0.0
2017-07-20,0.0,2.27,-0.008048320316670576,-0.00015365928181010347,0.0,0.02460280275488895,0.0,-0.0,1.2366991196372653e-06,-0.0
2017-07-21,0.0,2.24,-0.02515208687543713,-0.00036787164783502746,-0.013215859030836885,0.02457985258499398,0.0,-0.0,9.252739645356824e-06,-0.0
2017-07-24,0.0,2.26,0.011235894411151248,-0.0010637348279797232,0.008928571428571175,0.024556902415099113,0.0,0.0,-1.1952012208644306e-05,0.0
2017-07-25,0.0,2.33,0.0329218588282536,0.002923171678338221,0.030973451327433787,0.02476345394415311,1.0,0.0329218588282536,9.623624532500007e-05,0.0
2017-07-26,0.0,2.29,0.015338654304008159,0.0002826639480466575,-0.01716738197424894,0.024740503774258245,0.0,0.0,4.335684583293802e-06,0.0
2017-07-27,0.0,2.32,0.010202088391405795,-0.0009726882691745153,0.013100436681222627,0.024717553604363382,0.0,0.0,-9.923451699401918e-06,0.0
2017-07-28,0.0,2.3,0.020003859889707876,-0.001341115577770502,-0.008620689655172376,0.02469460343446841,0.0,0.0,-2.6827488113625747e-05,0.0
2017-07-31,-0.0775862068965516,2.3,0.0024752678404826867,-0.0007281456077897763,0.0,0.024671653264573545,0.0,0.0,-1.802355406150753e-06,-0.00019204664279607022
2017-08-01,0.08411214953271018,2.26,-0.00037987572999098607,0.0024491149692504877,-0.017391304347826098,0.02464870309467868,0.0,-0.0,-9.303593367758804e-07,-3.195216420484926e-05
2017-08-02,0.0,2.27,-0.0051301624982722505,0.0004926487188865458,0.004424778761062065,0.024625752924783813,0.0,-0.0,-2.5273679824536254e-06,-0.0
2017-08-03,0.0,2.24,-0.00668453561379756,-0.002183654185644257,-0.013215859030836885,0.02460280275488895,0.0,-0.0,1.4596714172157145e-05,-0.0
2017-08-04,0.0,2.27,0.00788309672454579,0.0018891035295691694,0.013392857142856984,0.02457985258499398,0.0,0.0,1.4891985846274612e-05,0.0
2017-08-07,0.0,2.26,-0.0009538198933048969,0.001647199789928111,-0.00440528634361248,0.024556902415099113,0.0,-0.0,-1.5711319278810794e-06,-0.0
2017-08-08,0.0,2.29,-0.004391818730710262,-0.0024144327873969473,0.013274336283185972,0.024544819727005184,0.0,-0.0,1.0603751139730901e-05,-0.0
2017-08-09,0.0,2.24,0.010740341002040577,-0.00036360867105078576,-0.02183406113537112,0.024532737038911255,0.0,0.0,-3.905281118384239e-06,0.0
2017-08-10,0.0,2.2,-0.01518025095785458,-0.014474441722801767,-0.017857142857142905,0.02452065435081733,0.0,-0.0,0.0002197256578269718,-0.0
2017-08-11,0.0,2.19,0.0038535056331832074,0.0012755699762128092,-0.00454545454545463,0.024508571662723345,0.0,0.0,4.91541608885543e-06,0.0
2017-08-14,0.0,2.22,-0.02629556568154734,0.010043754544535322,0.013698630136986356,0.024496488974629416,0.0,-0.0,-0.00026410620731516813,-0.0
2017-08-15,0.0,2.27,0.0013798481264708506,-0.0004988078808476626,0.022522522522522515,0.024484406286535487,0.0,0.0,-6.882791198565425e-07,0.0
2017-08-16,0.0,2.23,-0.010433046993241324,0.0014201029158569245,-0.017621145374449365,0.024472323598441557,0.0,-0.0,-1.4816000456374323e-05,-0.0
2017-08-17,0.0,2.19,0.0151183273246982,-0.015436952160958639,-0.017937219730941756,0.024460240910347632,0.0,0.0,-0.0002333808956650799,0.0
2017-08-18,0.0,2.19,0.03311782249330353,-0.0018353673110713675,0.0,0.02457985258499398,1.0,0.03311782249330353,-6.078336881807335e-05,0.0
2017-08-21,0.0,2.18,-0.020106247131017718,0.001162651069903653,-0.004566210045662045,0.024556902415099113,0.0,-0.0,-2.3376549738625e-05,-0.0
2017-08-22,0.0,2.22,0.00406502294024258,0.00994077978775465,0.01834862385321112,0.024544819727005184,0.0,0.0,4.040949788112242e-05,0.0
2017-08-23,0.0,2.17,0.013495291639752827,-0.0034535927149730306,-0.022522522522522626,0.024532737038911255,0.0,0.0,-4.660724089348681e-05,0.0
2017-08-24,0.0,2.19,-0.010081772538968803,-0.0020744620703185834,0.009216589861751112,0.02452065435081733,0.0,-0.0,2.0914254733670264e-05,-0.0
2017-08-25,0.0,2.17,0.007109894799682159,0.0016728693563305974,-0.0091324200913242,0.024508571662723345,0.0,0.0,1.1893925137122555e-05,0.0
2017-08-28,0.0,2.16,-0.009921779417622845,0.00048707205438569545,-0.004608294930875445,0.024496488974629416,0.0,-0.0,-4.832621484103268e-06,-0.0
2017-08-29,0.0,2.13,0.0021198807409026355,0.000842821736810162,-0.01388888888888895,0.024484406286535487,0.0,0.0,1.7866815678779722e-06,0.0
2017-08-30,0.0,2.15,-0.021923065185546875,0.004615148933961866,0.009389671361502261,0.024472323598441557,0.0,-0.0,-0.00010117821092025315,-0.0
2017-08-31,-0.0775862068965516,2.12,0.029885970104654325,0.005720976220730423,-0.013953488372092981,0.02460280275488895,1.0,0.029885970104654325,0.0001709769243021877,-0.002318739059843866
2017-09-01,0.08411214953271018,2.16,-0.0011455015667714008,0.001982540682532896,0.018867924528301883,0.02457985258499398,0.0,-0.0,-2.271003458029475e-06,-9.635059907422986e-05
2017-09-05,0.0,2.07,0.020259965204011188,-0.007550806889900619,-0.04166666666666685,0.024556902415099113,0.0,0.0,-0.00015297908485159447,0.0
2017-09-06,0.0,2.1,0.015361552611770524,0.0031287267736885838,0.01449275362318847,0.024544819727005184,0.0,0.0,4.8062100941872226e-05,0.0
2017-09-07,0.0,2.05,0.00535057032186681,-0.00017843612323464875,-0.023809523809523947,0.024532737038911255,0.0,0.0,-9.547350253282804e-07,0.0
2017-09-08,0.0,2.06,-0.013029966549817473,-0.001488850703918465,0.004878048780487809,0.02452065435081733,0.0,-0.0,1.93996748697298e-05,-0.0
2017-09-11,0.0,2.14,0.001115681938507418,0.01083929931877714,0.03883495145631066,0.024508571662723345,0.0,0.0,1.2093210476035414e-05,0.0
2017-09-12,0.0,2.17,0.007986632688653739,0.0033639480109453057,0.014018691588784993,0.024496488974629416,0.0,0.0,2.6866617147147503e-05,0.0
2017-09-13,0.0,2.2,0.016399472676273286,0.0007571207193879381,0.01382488479262678,0.024484406286535487,0.0,0.0,1.2416380550242866e-05,0.0
2017-09-14,0.0,2.2,0.0056200394153111954,-0.0011007176162897148,0.0,0.024472323598441557,0.0,0.0,-6.186076388675581e-06,0.0
2017-09-15,0.0,2.2,0.002704123091413546,0.0018471814878802117,0.0,0.024460240910347632,0.0,0.0,4.995006115408512e-06,0.0
2017-09-18,0.0,2.23,-0.0025170692617216828,0.0014559207541648966,0.013636363636363447,0.024448158222253647,0.0,-0.0,-3.664653377811112e-06,-0.0
2017-09-19,0.0,2.24,-0.006128337335854717,0.0011101954279371107,0.004484304932735439,0.024436075534159718,0.0,-0.0,-6.8036520911222e-06,-0.0
2017-09-20,0.0,2.28,0.02085603080537579,0.0006343478158390425,0.01785714285714257,0.024414234368887587,0.0,0.0,1.3229977588461921e-05,0.0
2017-09-21,0.0,2.27,0.002487109386594799,-0.0030459176984141134,-0.004385964912280604,0.024392393203615453,0.0,0.0,-7.575530498520968e-06,0.0
2017-09-22,0.0,2.26,0.007620065618471061,0.0006477937229520947,-0.00440528634361248,0.024370552038343322,0.0,0.0,4.936230676128625e-06,0.0
2017-09-25,0.0,2.22,0.037988037710623423,-0.002222050282888466,-0.017699115044247593,0.024508571662723345,1.0,0.037988037710623423,-8.441132994126848e-05,0.0
2017-09-26,0.0,2.24,-0.00982720817614624,7.216672978804795e-05,0.009009009009008917,0.024496488974629416,0.0,-0.0,-7.091974770188412e-07,-0.0
2017-09-27,0.0,2.31,-0.00924019701436618,0.004085143947080816,0.03125,0.024484406286535487,0.0,-0.0,-3.774753490307223e-05,-0.0
2017-09-28,0.0,2.31,-0.00846289577812509,0.001204615596159142,0.0,0.024472323598441557,0.0,-0.0,-1.0194536242998842e-05,-0.0
2017-09-29,-0.08620689655172398,2.33,0.002264432476236866,0.0037051100814438076,0.008658008658008587,0.024460240910347632,0.0,0.0,8.389971596453977e-06,-0.0001952096962273157
2017-10-02,0.09433962264150941,2.34,-0.0246785186139854,0.003874003457017716,0.0042918454935620964,0.024448158222253647,0.0,-0.0,-9.56046664246555e-05,-0.0023281621333948485
2017-10-03,0.0,2.33,-0.002138256132727556,0.0021588381272976687,-0.004273504273504147,0.024436075534159718,0.0,-0.0,-4.616148865260313e-06,-0.0
2017-10-04,0.0,2.33,-0.0035714421953473297,0.0012467201713795006,0.0,0.024414234368887587,0.0,-0.0,-4.452589025855403e-06,-0.0
2017-10-05,0.0,2.35,0.02150539031087395,0.005646787369921524,0.008583690987124415,0.024392393203615453,0.0,0.0,0.00012143636639267576,0.0
2017-10-06,0.0,2.37,-0.024210545054653254,-0.0010736344069645076,0.008510638297872353,0.024370552038343322,0.0,-0.0,2.599327418204014e-05,-0.0
2017-10-10,0.0,2.35,0.014697968836132391,0.002322412261707374,-0.008438818565400852,0.02434871087307109,0.0,0.0,3.413474304722672e-05,0.0
2017-10-11,0.0,2.35,0.00582932366718758,0.0018035072962026,0.0,0.02432686970779896,0.0,0.0,1.0513227765699297e-05,0.0
2017-10-12,0.0,2.33,-0.012117995141386007,-0.0016867529508860502,-0.008510638297872353,0.02430502854252683,0.0,-0.0,2.0440064063555666e-05,-0.0
2017-10-13,0.0,2.28,0.016355523003472205,0.0008781073155288421,-0.02145922746781126,0.024283187377254694,0.0,0.0,1.4361904398649204e-05,0.0
2017-10-16,0.0,2.3,0.011369626494618146,0.0017507533144689447,0.00877192982456143,0.024261346211982563,0.0,0.0,1.990541126972665e-05,0.0
2017-10-17,0.0,2.3,0.0010377269734989092,0.0006725789853143649,0.0,0.02423950504671033,0.0,0.0,6.979533548692431e-07,0.0
2017-10-18,0.0,2.34,0.004664831596079777,0.0007423349056041584,0.01739130434782621,0.0242176638814382,0.0,0.0,3.4628673225351768e-06,0.0
2017-10-19,0.0,2.33,-0.015821185889963285,0.00032799789456050554,-0.004273504273504147,0.02421750986398332,0.0,-0.0,-5.189315661358336e-06,-0.0
2017-10-20,0.0,2.39,0.0090861517023062,0.0051168427389869375,0.025751072961373467,0.024217355846528444,0.0,0.0,4.649240936327928e-05,0.0
2017-10-23,0.0,2.38,-0.006580105075588483,-0.003972484039719171,-0.004184100418410108,0.024217201829073564,0.0,-0.0,2.6139362392450356e-05,-0.0
2017-10-24,0.0,2.42,0.016733535245655684,0.001617908278173541,0.01680672268907557,0.024217047811618687,0.0,0.0,2.7073325197055048e-05,0.0
2017-10-25,0.0,2.44,0.0018857670529977,-0.004663049754275228,0.008264462809917328,0.024216893794163807,0.0,0.0,-8.793425593101246e-06,0.0
2017-10-26,0.0,2.46,0.01471595877071974,0.001270946219078306,0.008196721311475308,0.024216739776708927,0.0,0.0,1.870319215975849e-05,0.0
2017-10-27,0.0,2.42,0.019224273259956126,0.008073022498049642,-0.016260162601625994,0.02421658575925405,0.0,0.0,0.00015519799053627994,0.0
2017-10-30,0.0,2.37,0.007610901879912424,-0.003192470570786421,-0.02066115702479332,0.02421643174179917,0.0,0.0,-2.429758026876346e-05,0.0
2017-10-31,-0.0775862068965516,2.38,0.00771752699884809,0.0009444586571358826,0.00421940928270037,0.024216277724344294,0.0,0.0,7.288885185741985e-06,-0.0005987736464623508
2017-11-01,0.08411214953271018,2.37,-0.0013035362188325017,0.0015921101716727115,-0.004201680672268782,0.024216123706889414,0.0,-0.0,-2.0753732731470115e-06,-0.000109643233359743
2017-11-02,0.0,2.35,-0.010931668683869078,0.00018996581088659426,-0.008438818565400852,0.024193993935910995,0.0,-0.0,-2.076643305874778e-06,-0.0
2017-11-03,0.0,2.34,0.023919511522406012,0.0030970753849743904,-0.004255319148936287,0.024171864164932572,0.0,0.0,7.408053035665496e-05,0.0
2017-11-06,0.0,2.32,0.03544380472142383,0.0012712512404724485,-0.008547008547008517,0.024217201829073564,1.0,0.03544380472142383,4.5057980719173276e-05,0.0
2017-11-07,0.0,2.32,-0.009024397800711514,-0.00018910292286977715,0.0,0.024217047811618687,0.0,-0.0,1.706540001254136e-06,-0.0
2017-11-08,0.0,2.32,-0.0031401625459969162,0.001443655000098465,0.0,0.024216893794163807,0.0,-0.0,-4.533311360650374e-06,-0.0
2017-11-09,0.0,2.33,0.00693020341907169,-0.003761887644002093,0.004310344827586299,0.024216739776708927,0.0,0.0,-2.6070646612626852e-05,0.0
2017-11-10,0.0,2.4,-0.006413262090645078,-0.0008976438525517549,0.030042918454935563,0.02421658575925405,0.0,-0.0,5.75682529047077e-06,-0.0
2017-11-13,0.0,2.4,-0.005667515865194872,0.0009836343625724275,0.0,0.02421643174179917,0.0,-0.0,-5.574763355430078e-06,-0.0
2017-11-14,0.0,2.38,-0.015041177410300088,-0.0023096092988857952,-0.008333333333333304,0.024216277724344294,0.0,-0.0,3.473924321302005e-05,-0.0
2017-11-15,0.0,2.33,-0.0054653618002182824,-0.005525675723266343,-0.021008403361344463,0.024216123706889414,0.0,-0.0,3.0199817018333403e-05,-0.0
2017-11-16,0.0,2.37,-0.008243063364114178,0.008196058063241196,0.017167381974249052,0.024193993935910995,0.0,-0.0,-6.756062595125612e-05,-0.0
2017-11-17,0.0,2.35,0.022164286128154354,-0.0026259630899742037,-0.008438818565400852,0.024171864164932572,0.0,0.0,-5.8202597288160584e-05,0.0
2017-11-20,0.0,2.37,-0.00797193862035439,0.0012756828808564435,0.008510638297872353,0.024149734393954153,0.0,-0.0,-1.0169665625224432e-05,-0.0
2017-11-21,0.0,2.36,0.005625176265741327,0.006541139295859866,-0.0042194092827004814,0.02412760462297563,0.0,0.0,3.679506151797886e-05,0.0
2017-11-22,0.0,2.32,0.011986575094422358,-0.0007502611166068096,-0.016949152542372947,0.02410547485199721,0.0,0.0,-8.993061214632693e-06,0.0
2017-11-24,0.0,2.34,0.008528125681142251,0.0020560951489239088,0.008620689655172376,0.02408334508101879,0.0,0.0,1.7534637842409988e-05,0.0
2017-11-27,0.0,2.32,-0.0003131922576341539,-0.0003842577408796899,-0.008547008547008517,0.02406121531004037,0.0,-0.0,1.203465493795098e-07,-0.0
2017-11-28,0.0,2.34,-0.003602749713135789,0.00984851271879017,0.008620689655172376,0.02403908553906195,0.0,-0.0,-3.5481726372435454e-05,-0.0
2017-11-29,0.0,2.37,-0.007860399232862636,-0.000369225702197995,0.012820512820512997,0.024016955768083426,0.0,-0.0,2.902261426310288e-06,-0.0
2017-11-30,-0.0775862068965516,2.42,0.007288846142036176,0.008190950433802913,0.021097046413502074,0.023994825997105007,0.0,0.0,5.97025774690339e-05,-0.0005655139248131507
2017-12-01,0.08411214953271018,2.37,-0.0012584240481589015,-0.002024530803113933,-0.02066115702479332,0.023992052673454216,0.0,-0.0,2.5477182488770275e-06,-0.0001058487517143
2017-12-04,0.0,2.37,-0.016380546354278436,-0.0010521566439205543,0.0,0.02398927934980342,0.0,-0.0,1.723490067770267e-05,-0.0
2017-12-05,0.0,2.36,0.006565249678194052,-0.0037393815604747083,-0.0042194092827004814,0.02398650602615263,0.0,0.0,-2.454997358655135e-05,0.0
2017-12-06,0.0,2.33,-0.026089713231379874,-0.00011410565998426492,-0.012711864406779627,0.02398373270250182,0.0,-0.0,2.9769839470668097e-06,-0.0
2017-12-07,0.0,2.37,0.016007832778430542,0.0029323579853828274,0.017167381974249052,0.02398095937885103,0.0,0.0,4.6940696276503774e-05,0.0
2017-12-08,0.0,2.38,0.019292616530873774,0.005506306319651655,0.00421940928270037,0.02397818605520024,0.0,0.0,0.00010623105632656625,0.0
2017-12-11,0.0,2.39,0.020347017105366794,0.003201957471006933,0.004201680672269115,0.023975412731549444,0.0,0.0,6.515028343323506e-05,0.0
2017-12-12,0.008620689655172376,2.4,-0.020868793289057885,0.001548922064604108,0.004184100418409997,0.023972639407898653,0.0,-0.0,-3.232413438708389e-05,-0.000179903390422912
2017-12-13,0.0,2.36,-0.014209054684413913,-0.0004729570906678582,-0.01666666666666672,0.023969866084247844,0.0,-0.0,6.720273164680906e-06,-0.0
2017-12-14,0.20512820512820507,2.35,0.013933420334988345,-0.004070859227173984,-0.004237288135593098,0.023967092760597053,0.0,0.0,-5.672099273678093e-05,0.002858137504612993
2017-12-15,0.0,2.35,-0.0012636523348495965,0.008974343513216354,0.0,0.02396233463677795,0.0,-0.0,-1.1340450134218177e-05,-0.0
2017-12-18,0.007092198581560183,2.39,0.002846754807511065,0.005362807225250732,0.017021276595744705,0.023957576512958854,0.0,0.0,1.5266597250237594e-05,2.0189750407879606e-05
2017-12-19,0.0,2.46,0.006150439845243882,-0.0032302694598687065,0.029288702928870203,0.023952818389139752,0.0,0.0,-1.9867577996850927e-05,0.0
2017-12-20,0.0,2.49,0.011912199539521717,-0.0008278931807477186,0.012195121951219523,0.023948060265320634,0.0,0.0,-9.862028766476143e-06,0.0
2017-12-21,0.0,2.48,0.0052664804854829494,0.0019856558213586784,-0.004016064257028162,0.023943302141501532,0.0,0.0,1.0457417634071098e-05,0.0
2017-12-22,0.0,2.48,0.005392888534548446,-0.0004581666477052604,0.0,0.02393854401768243,0.0,0.0,-2.4708416613221956e-06,0.0
2017-12-26,0.0,2.47,0.027126385334351077,-0.0010584151831672939,-0.004032258064516014,0.023975412731549444,1.0,0.027126385334351077,-2.871097810232379e-05,0.0
2017-12-27,0.0,2.42,-0.008654047011507293,0.0007909409391904099,-0.020242914979757165,0.023972639407898653,0.0,-0.0,-6.844840071079538e-06,-0.0
2017-12-28,0.0,2.43,0.004214310189765591,0.0018339987251561052,0.004132231404958775,0.023969866084247844,0.0,0.0,7.729039515442478e-06,0.0
2017-12-29,-0.06338028169014076,2.4,-0.0017986022839698856,-0.005183153157965359,-0.012345679012345734,0.023967092760597053,0.0,-0.0,9.32243110808222e-06,0.0001139959194065419
2018-01-02,0.06766917293233066,2.46,-0.00045043213189455145,0.008303361477520088,0.025000000000000133,0.02396233463677795,0.0,-0.0,-3.740100812210466e-06,-3.0480369827450774e-05
2018-01-03,0.0,2.44,0.019077612271119593,0.006398818768781567,-0.008130081300813052,0.023957576512958854,0.0,0.0,0.00012207418346397758,0.0
2018-01-04,0.0,2.46,0.0033903798547985087,0.004028636080503967,0.008196721311475308,0.023952818389139752,0.0,0.0,1.3658606609655072e-05,0.0
2018-01-05,0.0,2.47,-0.006610796977517874,0.007033767443369587,0.004065040650406582,0.023948060265320634,0.0,-0.0,-4.6498808555191294e-05,-0.0
2018-01-08,0.0,2.49,0.002366105090448656,0.0016623439316436617,0.00809716599190291,0.023943302141501532,0.0,0.0,3.933280438738501e-06,0.0
2018-01-09,0.0,2.55,0.015343773004684813,0.0013029315960912946,0.02409638554216853,0.02393854401768243,0.0,0.0,1.9991886651056502e-05,0.0
2018-01-10,0.0,2.55,0.005521610797777354,-0.0011122268282528491,0.0,0.023933785893863333,0.0,0.0,-6.14128366445859e-06,0.0
2018-01-11,0.0,2.54,0.0008671270322910818,0.007033646478779465,-0.0039215686274508554,0.023929027770044232,0.0,0.0,6.099064997328655e-06,0.0
2018-01-12,0.0,2.55,0.00880740097512156,0.006749602987881076,0.003937007874015741,0.023924269646225113,0.0,0.0,5.9446459937147185e-05,0.0
2018-01-16,0.0,2.54,-0.010304868933733502,-0.003524487622672101,-0.0039215686274508554,0.023919511522406012,0.0,-0.0,3.631938301020198e-05,-0.0
2018-01-17,0.0,2.57,0.0033260408165427524,0.009415051560751175,0.011811023622047223,0.023914270194774618,0.0,0.0,3.1314845780912956e-05,0.0
2018-01-18,0.0,2.62,-0.0010089319342077019,-0.0016163897301626484,0.01945525291828809,0.02390902886714322,0.0,-0.0,1.630827216886466e-06,-0.0
2018-01-19,0.0,2.64,-0.010099509059287137,0.004385235112838837,0.007633587786259444,0.023903787539511827,0.0,-0.0,-4.4288721749219886e-05,-0.0
2018-01-22,0.0,2.66,0.006121529882072929,0.008066726499347698,0.007575757575757569,0.023898546211880405,0.0,0.0,4.938070731626649e-05,0.0
2018-01-23,0.0,2.63,0.0134724079620685,0.0021743654797181655,-0.011278195488721887,0.02389330488424901,0.0,0.0,2.9293938801401908e-05,0.0
2018-01-24,0.0,2.65,0.00814750860896929,-0.0005599757022828333,0.0076045627376426506,0.023888063556617618,0.0,0.0,-4.562406855163009e-06,0.0
2018-01-25,0.0,2.63,-0.001559628700629645,0.0006026209018938911,-0.007547169811320753,0.02388282222898622,0.0,-0.0,-9.398648541930341e-07,-0.0
2018-01-26,0.0,2.66,0.0014200294905033495,0.011841196508761032,0.011406844106463865,0.023877580901354827,0.0,0.0,1.6814848245285968e-05,0.0
2018-01-30,0.0,2.73,-0.021270562555358308,-0.017557419406156516,0.02631578947368407,0.023872339573723405,0.0,-0.0,0.0003734561877893141,-0.0
2018-01-31,-0.05633802816901401,2.72,0.00043474949508603977,0.0004889853730833948,-0.003663003663003539,0.02386709824609201,0.0,0.0,2.125861440524647e-07,-2.4492929300621927e-05
2018-02-01,0.05970149253731338,2.78,0.0004344500792330397,-0.0006480882520516484,0.022058823529411686,0.02386382840895165,0.0,0.0,-2.8156199245384085e-07,2.5937318163166527e-05
2018-02-02,0.0,2.84,-0.007237984753139193,-0.02120854792396809,0.021582733812949728,0.023860558571811293,0.0,-0.0,0.00015350714650990292,-0.0
2018-02-05,0.0,2.77,-0.013998236495204375,-0.04097922480422822,-0.02464788732394363,0.023857288734670933,0.0,-0.0,0.0005736368801997319,-0.0
2018-02-06,0.0,2.79,-0.011239309455202351,0.017440920592313836,0.0072202166064982976,0.023854018897530558,0.0,-0.0,-0.00019602390372062628,-0.0
2018-02-07,0.0,2.84,-0.02019142180372757,-0.005001588416939429,0.017921146953404854,0.023850749060390197,0.0,-0.0,0.00010098918141506205,-0.0
2018-02-08,0.0,2.85,-0.010685461071746505,-0.03753641975808808,0.0035211267605634866,0.023847479223249837,0.0,-0.0,0.00040109395209778656,-0.0
2018-02-09,0.0,2.83,-0.03116797900262469,0.014936090208494734,-0.007017543859649145,0.02384420938610948,0.0,-0.0,-0.0004655277459996721,-0.0
2018-02-12,0.0,2.86,-0.003185232680734007,0.013914584754042503,0.010600706713780772,0.02384093954896912,0.0,-0.0,-4.4321190097419344e-05,-0.0
2018-02-13,0.0,2.83,0.0020770261670923773,0.0026129297463290957,-0.010489510489510412,0.023837669711828744,0.0,0.0,5.42712345589958e-06,0.0
2018-02-14,0.0,2.91,0.02614794894339223,0.013402458257245842,0.028268551236749095,0.02386709824609201,1.0,0.02614794894339223,0.00035044679422640987,0.0
2018-02-15,0.0,2.9,-0.00046610905861377283,0.012069112762299383,-0.003436426116838587,0.02386382840895165,0.0,-0.0,-5.625522787938837e-06,-0.0
2018-02-16,0.0,2.87,0.007927786294415151,0.0003734693722488025,-0.010344827586206806,0.023860558571811293,0.0,0.0,2.9607853706978867e-06,0.0
2018-02-20,0.0,2.88,0.006323314084917486,-0.005841389459353419,0.0034843205574912606,0.023857288734670933,0.0,0.0,-3.693694024381801e-05,0.0
2018-02-21,0.0,2.94,0.002605335922533536,-0.0054965031281792864,0.02083333333333326,0.023854018897530558,0.0,0.0,-1.4320237048163447e-05,0.0
2018-02-22,0.0,2.92,0.014827289022511403,0.0009735510790762625,-0.006802721088435382,0.023850749060390197,0.0,0.0,1.4435123227641597e-05,0.0
2018-02-23,0.0,2.88,0.013857481208062072,0.01602837635051313,-0.013698630136986356,0.023847479223249837,0.0,0.0,0.00022211292407298223,0.0
2018-02-26,0.0,2.86,0.002822796735965527,0.011757015343810906,-0.00694444444444442,0.02384420938610948,0.0,0.0,3.3187664537206044e-05,0.0
2018-02-27,0.0,2.9,-0.012888929578993014,-0.012706888443829278,0.013986013986013957,0.02384093954896912,0.0,-0.0,0.0001637781903206357,-0.0
2018-02-28,-0.04929577464788726,2.87,-0.01275699398407959,-0.011095788639207016,-0.010344827586206806,0.023837669711828744,0.0,-0.0,0.00014154890891898255,0.0006288659006236409
2018-03-01,0.051851851851851816,2.81,-0.0010641486184741478,-0.013324399541987275,-0.020905923344947785,0.023834399874688383,0.0,-0.0,1.4179141364603326e-05,-5.517807651347429e-05
2018-03-02,0.0,2.86,-0.020392578854977805,0.005071602744632031,0.017793594306049654,0.023826417602130275,0.0,-0.0,-0.00010342305889103056,-0.0
2018-03-05,0.0,2.88,0.018176139801507674,0.011032026532745043,0.006993006993007089,0.023818435329572167,0.0,0.0,0.00020051965655311588,0.0
2018-03-06,0.0,2.88,0.0038144643959070468,0.002638858606169414,0.0,0.02381045305701406,0.0,0.0,1.0065832199066126e-05,0.0
2018-03-07,0.0,2.89,-0.022039892954227036,-0.00048387472056610203,0.003472222222222321,0.023802470784455913,0.0,-0.0,1.0664547044533409e-05,-0.0
2018-03-08,0.0,2.86,-0.011345908751772216,0.004463078207817217,-0.01038062283737029,0.023794488511897804,0.0,-0.0,-5.0637678097917217e-05,-0.0
2018-03-09,0.0,2.9,0.029555057937100893,0.01737883151892694,0.013986013986013957,0.023847479223249837,1.0,0.029555057937100893,0.0005136323724210008,0.0
2018-03-12,0.0,2.87,-0.008245547917876572,-0.001273985129042532,-0.010344827586206806,0.02384420938610948,0.0,-0.0,1.0504705428182365e-05,-0.0
2018-03-13,0.0,2.84,-0.004772864867734872,-0.006363576551088879,-0.010452961672474004,0.02384093954896912,0.0,-0.0,3.0372490953833553e-05,-0.0
2018-03-14,0.0,2.81,0.0038675742939446867,-0.005724521948562322,-0.010563380281690127,0.023837669711828744,0.0,0.0,-2.2140013933381787e-05,0.0
2018-03-15,0.007042253521126751,2.82,0.0035445116211587635,-0.000781930531963182,0.003558718861209842,0.023834399874688383,0.0,0.0,-2.7715618574823525e-06,2.496134944477999e-05
2018-03-16,0.0,2.85,0.016738272296031642,0.001703447167811456,0.010638297872340496,0.023826417602130275,0.0,0.0,2.8512762536732058e-05,0.0
2018-03-19,0.0,2.85,-0.0024164935044134195,-0.014204195388793028,0.0,0.023818435329572167,0.0,-0.0,3.43243458924374e-05,-0.0
2018-03-20,0.006993006993007089,2.89,0.02074178734123522,0.0014818054520648882,0.01403508771929829,0.02381045305701406,0.0,0.0,3.073529356781283e-05,0.00014504746392472381
2018-03-21,0.0,2.89,0.030406453684866497,-0.0018439898833508828,0.0,0.023854018897530558,1.0,0.030406453684866497,-5.606919298347099e-05,0.0
2018-03-22,0.16666666666666674,2.83,-0.008060998254695084,-0.025162888405856454,-0.02076124567474047,0.023850749060390197,0.0,-0.0,0.00020283799952269604,-0.001343499709115848
2018-03-23,0.0,2.82,0.022347891514909124,-0.02096688071186603,-0.0035335689045937757,0.023847479223249837,0.0,0.0,-0.00046856557555482266,0.0
2018-03-26,0.0,2.85,-0.004684091071041396,0.02715725576151251,0.010638297872340496,0.02384420938610948,0.0,-0.0,-0.00012720705922648827,-0.0
2018-03-27,0.0,2.78,-0.00014264312376910393,-0.017276308813847896,-0.024561403508772006,0.02384093954896912,0.0,-0.0,2.4643466564069664e-06,-0.0
2018-03-28,0.0,2.77,-0.008272740350954266,-0.00291665716625622,-0.003597122302158251,0.023837669711828744,0.0,-0.0,2.412874742918776e-05,-0.0
2018-03-29,0.0,2.74,0.010642857425015029,0.013769718690019195,-0.010830324909747224,0.023834399874688383,0.0,0.0,0.000146549152800439,0.0
2018-04-02,0.0,2.73,-0.037427029729017014,-0.022337423560165104,-0.0036496350364964014,0.023826417602130275,0.0,-0.0,0.0008360234156559444,-0.0
2018-04-03,0.005952380952380931,2.79,0.007096442360510435,0.012614865848792123,0.0219780219780219,0.023818435329572167,0.0,0.0,8.952066838152485e-05,4.224072833637149e-05
2018-04-04,0.0,2.79,-0.0014680871914768412,0.01156648273982852,0.0,0.02381045305701406,0.0,-0.0,-1.698060516078021e-05,-0.0
2018-04-05,0.0,2.83,0.0045575595896458765,0.0068628636575538415,0.014336917562723928,0.023802470784455913,0.0,0.0,3.1277910074916684e-05,0.0
2018-04-06,0.0,2.77,-0.01785454687561061,-0.021920248779842444,-0.021201413427561877,0.023794488511897804,0.0,-0.0,0.0003913761093647432,-0.0
2018-04-09,0.0,2.78,0.022947413224874813,0.0033365488963206236,0.0036101083032489267,0.023786506239339696,0.0,0.0,7.656516626886934e-05,0.0
2018-04-10,0.0,2.8,0.034814265644953934,0.0167269537832615,0.007194244604316502,0.02384420938610948,1.0,0.034814265644953934,0.000582336612441333,0.0
2018-04-11,0.0,2.79,0.014358060668935968,-0.005525364482924067,-0.0035714285714284477,0.02384093954896912,0.0,0.0,-7.933351846380777e-05,0.0
2018-04-12,0.0,2.83,-0.000555105701950942,0.008250750063987677,0.014336917562723928,0.023837669711828744,0.0,-0.0,-4.580038405891659e-06,-0.0
2018-04-13,0.0,2.82,0.007775690281737857,-0.0028866254882486952,-0.0035335689045937757,0.023834399874688383,0.0,0.0,-2.2445505755992177e-05,0.0
2018-04-16,0.0,2.83,-0.015982414340654505,0.008109038386684864,0.0035460992907803135,0.023826417602130275,0.0,-0.0,-0.00012960201140027003,-0.0
2018-04-17,0.0,2.82,0.0022403201653811156,0.010661504701720004,-0.0035335689045937757,0.023818435329572167,0.0,0.0,2.38851839765689e-05,0.0
2018-04-18,0.0,2.87,0.02654374793623715,0.0008313658006817715,0.0177304964539009,0.023857288734670933,1.0,0.02654374793623715,2.2067564256104918e-05,0.0
2018-04-19,0.0,2.92,0.0040826811194609736,-0.005726124690152989,0.017421602787456303,0.023854018897530558,0.0,0.0,-2.3377941160166928e-05,0.0
2018-04-20,0.00591715976331364,2.96,0.0037950499312755515,-0.00853653230061302,0.013698630136986356,0.023850749060390197,0.0,0.0,-3.2396566320772964e-05,2.2455916753109885e-05
2018-04-23,0.0,2.98,0.00877668845944335,5.623169212687351e-05,0.006756756756756799,0.023847479223249837,0.0,0.0,4.935280433449022e-07,0.0
2018-04-24,0.0,3.0,-0.0113773053746129,-0.01338056164164636,0.006711409395973256,0.02384420938610948,0.0,-0.0,0.00015223473588084235,-0.0
2018-04-25,0.0,3.03,0.001895469651929771,0.001837059563023713,0.010000000000000009,0.02384093954896912,0.0,0.0,3.482090650498814e-06,0.0
2018-04-26,0.0,3.0,0.009999971132020669,0.010434204774367295,-0.009900990099009799,0.023837669711828744,0.0,0.0,0.00010434174652926519,0.0
2018-04-27,0.0,2.96,-0.0013379512574158703,0.0011136248915897262,-0.013333333333333308,0.023834399874688383,0.0,-0.0,-1.4899758239920865e-06,-0.0
2018-04-30,-0.00588235294117645,2.95,0.007100733971473927,-0.008187490964434607,-0.0033783783783782884,0.023826417602130275,0.0,0.0,-5.813719523229664e-05,-4.176902336161119e-05
2018-05-01,0.00591715976331364,2.97,0.0,0.0025490454770622506,0.006779661016949268,0.023818435329572167,0.0,0.0,0.0,0.0
2018-05-02,0.0,2.97,-0.02407872293046709,-0.007205863568357729,0.0,0.02381045305701406,0.0,-0.0,0.00017350799233723264,-0.0
2018-05-03,0.0,2.94,0.003544194848245086,-0.0022536742393085563,-0.010101010101010166,0.023802470784455913,0.0,0.0,-7.987460628580048e-06,0.0
2018-05-04,0.0,2.95,0.01697908113780988,0.012811178963797909,0.003401360544217802,0.023794488511897804,0.0,0.0,0.00021752204709732782,0.0
2018-05-07,0.0,2.95,0.017363368167134574,0.0034579455015175675,0.0,0.023786506239339696,0.0,0.0,6.004158084473633e-05,0.0
2018-05-08,0.0,2.97,-0.017329653755491226,-0.0002656413228280252,0.006779661016949268,0.023778523966781588,0.0,-0.0,4.603472147760344e-06,-0.0
2018-05-09,0.0,3.0,0.031529734915993535,0.009682220255068819,0.010101010101009944,0.02384093954896912,1.0,0.031529734915993535,0.0003052778380405832,0.0
2018-05-10,0.0,2.97,0.0033674671585737226,0.009370643723504823,-0.009999999999999898,0.023837669711828744,0.0,0.0,3.1555334993597476e-05,0.0
2018-05-11,0.0,2.97,-0.004517858120641982,0.0017075955546570487,0.0,0.023834399874688383,0.0,-0.0,-7.714674443379498e-06,-0.0
2018-05-14,0.0,3.0,0.014393160928676929,0.0008834895573073265,0.010101010101009944,0.023826417602130275,0.0,0.0,1.2716207377129888e-05,0.0
2018-05-15,0.0,3.08,0.0025565248582397615,-0.006842140279927467,0.026666666666666616,0.023818435329572167,0.0,0.0,-1.749210170919813e-05,0.0
2018-05-16,0.0,3.09,0.010837670162102464,0.004060561678767671,0.0032467532467532756,0.02381045305701406,0.0,0.0,4.400702814735708e-05,0.0
2018-05-17,0.0,3.11,0.0002523243285690313,-0.0008558723207806596,0.006472491909385036,0.023802470784455913,0.0,0.0,-2.159574086817985e-07,0.0
2018-05-18,0.0,3.06,-0.009962180140292376,-0.00263219493841671,-0.01607717041800638,0.023794488511897804,0.0,-0.0,2.622240014087306e-05,-0.0
2018-05-21,0.0,3.06,0.009043422050106109,0.007386752997235124,0.0,0.023786506239339696,0.0,0.0,6.680152493388351e-05,0.0
2018-05-22,0.0,3.06,0.004418056914011093,-0.0031357617896576873,0.0,0.023778523966781588,0.0,0.0,-1.3853974055488942e-05,0.0
2018-05-23,0.0,3.01,0.0028905788339290694,0.0032484098921563564,-0.016339869281045805,0.02377054169422348,0.0,0.0,9.389784878192974e-06,0.0
2018-05-24,0.0,2.98,-0.012656667889791806,-0.002023213496498033,-0.009966777408637828,0.023762559421665334,0.0,-0.0,2.5607141295320063e-05,-0.0
2018-05-25,0.0,2.93,-0.029826100353020468,-0.0023572204364039617,-0.016778523489932806,0.023754577149107226,0.0,-0.0,7.030669329037526e-05,-0.0
2018-05-29,0.0,2.77,-0.013736303221113522,-0.011564187290653005,-0.05460750853242324,0.02375015894953319,0.0,-0.0,0.00015884918313015692,-0.0
2018-05-30,0.0,2.84,0.027987805112534403,0.012695791223314323,0.025270758122743597,0.023818435329572167,1.0,0.027987805112534403,0.00035532733050754604,0.0
2018-05-31,0.0,2.83,0.0011612430695564502,-0.006879559974886984,-0.0035211267605632646,0.02381045305701406,0.0,0.0,-7.988841342435457e-06,0.0
2018-06-01,0.0,2.89,0.0,0.010849230370481022,0.021201413427561766,0.023802470784455913,0.0,0.0,0.0,0.0
2018-06-04,0.0,2.94,-0.02964293763267123,0.004479598435997323,0.01730103806228378,0.023794488511897804,0.0,-0.0,-0.00013278845705768023,-0.0
2018-06-05,0.0,2.92,0.0011953292176420938,0.0007025929724704394,-0.006802721088435382,0.023786506239339696,0.0,0.0,8.398299081039235e-07,0.0
2018-06-06,0.0,2.97,-0.0002652778428630098,0.008567392465728796,0.017123287671233056,0.023778523966781588,0.0,-0.0,-2.272739392269338e-06,-0.0
2018-06-07,0.0,2.93,0.026008480209638307,-0.0007141884679080501,-0.013468013468013518,0.02384093954896912,1.0,0.026008480209638307,-1.8574956633538426e-05,0.0
2018-06-08,0.0,2.93,-0.011122615283832293,0.0031259043893263616,0.0,0.023837669711828744,0.0,-0.0,-3.476823193651984e-05,-0.0
2018-06-11,0.0,2.96,0.0,0.001068707668436586,0.010238907849829282,0.023834399874688383,0.0,0.0,0.0,0.0
2018-06-12,0.0,2.96,-0.007585689746267277,0.0017433852107295866,0.0,0.023826417602130275,0.0,-0.0,-1.322477931682544e-05,-0.0
2018-06-13,0.0,2.98,0.0113336932193,-0.004026127868587581,0.006756756756756799,0.023818435329572167,0.0,0.0,-4.5630898124245834e-05,0.0
2018-06-14,0.11764705882352944,2.94,-0.010424751689248835,0.002471549778432225,-0.01342281879194629,0.02381045305701406,0.0,-0.0,-2.576529272777392e-05,-0.0012264413752057456
2018-06-15,0.0,2.93,-0.032920725831276476,-0.001017102715529128,-0.00340136054421758,0.023802470784455913,0.0,-0.0,3.348375964018121e-05,-0.0
2018-06-18,0.0,2.92,0.025871375726059798,-0.0021261277624751163,-0.0034129692832765013,0.023850749060390197,1.0,0.025871375726059798,-5.5005850184600556e-05,0.0
2018-06-19,0.0052631578947368585,2.89,-0.003450949289536598,-0.004023402292699374,-0.010273972602739656,0.023847479223249837,0.0,-0.0,1.3884557283510823e-05,-1.8162890997561098e-05
2018-06-20,0.005235602094240788,2.93,-0.004528555660537115,0.0017121542893689945,0.01384083044982698,0.02384420938610948,0.0,-0.0,-7.75358599883486e-06,-2.3709715500194093e-05
2018-06-21,0.0,2.9,-0.022611651864000826,-0.006345510515579966,-0.010238907849829393,0.02384093954896912,0.0,-0.0,0.00014348247467765057,-0.0
2018-06-22,0.0,2.9,0.034223133409435835,0.0018619345065358228,0.0,0.023872339573723405,1.0,0.034223133409435835,6.372123301680755e-05,0.0
2018-06-25,0.0,2.87,-0.010853734767720002,-0.013724668973416176,-0.010344827586206806,0.02386709824609201,0.0,-0.0,0.00014896391681221515,-0.0
2018-06-26,0.0,2.88,0.02114270213683267,0.0022045770199778936,0.0034843205574912606,0.02386382840895165,0.0,0.0,4.661071527109881e-05,0.0
2018-06-27,-0.00520833333333337,2.83,0.0171668880867466,-0.008604355128821406,-0.01736111111111105,0.023860558571811293,0.0,0.0,-0.00014771000155510122,-8.941087545180586e-05
2018-06-28,0.0,2.84,0.0029630986781843394,0.00617868985946779,0.0035335689045936647,0.023857288734670933,0.0,0.0,1.830806775549999e-05,0.0
2018-06-29,0.0,2.85,0.020423943461138405,0.0007584033300001014,0.0035211267605634866,0.023854018897530558,0.0,0.0,1.5489586732661165e-05,0.0
2018-07-02,0.0,2.87,-0.02693856147885787,0.003067957412152822,0.007017543859649145,0.023850749060390197,0.0,-0.0,-8.264635936179649e-05,-0.0
2018-07-03,0.0,2.83,0.005950828800933561,-0.00494735062681062,-0.013937282229965153,0.023847479223249837,0.0,0.0,-2.9440836598341346e-05,0.0
2018-07-05,0.0,2.84,-0.004758265643226345,0.008620803683929923,0.0035335689045936647,0.02384420938610948,0.0,-0.0,-4.1020073986242856e-05,-0.0
2018-07-06,0.0,2.82,-0.003618022761405104,0.008481281595267509,-0.007042253521126751,0.02384093954896912,0.0,-0.0,-3.068546985756404e-05,-0.0
2018-07-09,0.0,2.86,0.01244973514296377,0.008822985887663393,0.014184397163120588,0.023837669711828744,0.0,0.0,0.00010984383747151633,0.0
2018-07-10,0.0,2.87,0.010119135629761189,0.003473267180873929,0.0034965034965035446,0.023834399874688383,0.0,0.0,3.5146461681661575e-05,0.0
2018-07-11,0.0,2.85,-0.06923660971612966,-0.007094202866256172,-0.006968641114982632,0.023826417602130275,0.0,-0.0,0.000491178555098027,-0.0
2018-07-12,0.0,2.85,0.014305114448711187,0.008749042674663476,0.0,0.023818435329572167,0.0,0.0,0.00012515605677771926,0.0
2018-07-13,0.0,2.83,0.011820079501471126,0.0010792374947172778,-0.007017543859649145,0.02381045305701406,0.0,0.0,1.2756672988526748e-05,0.0
2018-07-16,0.0,2.85,-0.04632955540066519,-0.001028135726814483,0.007067137809187329,0.023802470784455913,0.0,-0.0,4.7633071114854764e-05,-0.0
2018-07-17,0.0,2.86,0.004454445163299292,0.00397369863071062,0.0035087719298245723,0.023794488511897804,0.0,0.0,1.7700622645977942e-05,0.0
2018-07-18,0.0,2.88,0.010254958789007063,0.0021605126279586884,0.006993006993007089,0.023786506239339696,0.0,0.0,2.2155967962845698e-05,0.0
2018-07-19,0.0,2.84,-0.0043895704818417425,-0.003952993120479142,-0.01388888888888895,0.023778523966781588,0.0,-0.0,1.735194191657872e-05,-0.0
2018-07-20,0.0,2.89,0.00675114151843248,-0.0009484477101494582,0.01760563380281699,0.02377054169422348,0.0,0.0,-6.403104714052221e-06,0.0
2018-07-23,0.0,2.96,-0.00013688430644920313,0.0018380494891383492,0.02422145328719716,0.023762559421665334,0.0,-0.0,-2.5160012954001505e-07,-0.0
2018-07-24,0.0,2.95,0.005201271496179993,0.004780911145920941,-0.0033783783783782884,0.023754577149107226,0.0,0.0,2.486681686904782e-05,0.0
2018-07-25,0.0,2.94,0.0066720839798510845,0.009101605057599604,-0.003389830508474634,0.02375015894953319,0.0,0.0,6.072667329574193e-05,0.0
2018-07-26,0.0,2.98,0.008251056510665933,-0.0030322960242857855,0.013605442176870763,0.02374574074995915,0.0,0.0,-2.5019645853449655e-05,0.0
2018-07-27,0.0,2.96,-0.0033539039029971685,-0.00656220869212365,-0.006711409395973145,0.023741322550385115,0.0,-0.0,2.2009017344795453e-05,-0.0
2018-07-30,0.0,2.98,0.009153322072898984,-0.005754170294581917,0.006756756756756799,0.023736904350811057,0.0,0.0,-5.2669773968616315e-05,0.0
2018-07-31,0.0,2.96,-0.009603857662794035,0.004884728797982518,-0.006711409395973145,0.02373248615123702,0.0,-0.0,-4.691224009717511e-05,-0.0
2018-08-01,0.0,3.0,0.0,-0.0010403515262938923,0.013513513513513598,0.023728067951662983,0.0,0.0,-0.0,0.0
2018-08-02,0.0,2.98,-0.010774451875526059,0.004926444803381669,-0.00666666666666671,0.023723649752088946,0.0,-0.0,-5.3079742451471225e-05,-0.0
2018-08-03,0.0,2.95,-0.003267499982861133,0.004644183009877123,-0.010067114093959662,0.02371923155251491,0.0,-0.0,-1.5174867905177464e-05,-0.0
2018-08-06,0.0,2.94,0.007376054122118836,0.003538227451535869,-0.003389830508474634,0.02371481335294085,0.0,0.0,2.609815717889517e-05,0.0
2018-08-07,0.0,2.98,0.012203410520391866,0.0028241822564987196,0.013605442176870763,0.023710395153366814,0.0,0.0,3.446465546046051e-05,0.0
2018-08-08,0.0,2.96,-0.031748194214844316,-0.0002623799656497061,-0.006711409395973145,0.02370297667145394,0.0,-0.0,8.33009010753105e-06,-0.0
2018-08-09,0.0,2.93,-0.0029053553959494938,-0.0014416744645237012,-0.010135135135135087,0.02369555818954107,0.0,-0.0,4.188576684706532e-06,-0.0
2018-08-10,0.0,2.87,0.01026776560154019,-0.007113887913551609,-0.020477815699658675,0.023688139707628196,0.0,0.0,-7.304373361197772e-05,0.0
2018-08-13,0.0,2.88,-0.0027468336073110944,-0.004005992185342366,0.0034843205574912606,0.02368072122571529,0.0,-0.0,1.1003793965324026e-05,-0.0
2018-08-14,0.0,2.89,-0.0020658521500896976,0.006389254777276809,0.003472222222222321,0.023673302743802416,0.0,-0.0,-1.3199255719108168e-05,-0.0
2018-08-15,0.0,2.86,-0.023461178163421748,-0.007602164835758152,-0.01038062283737029,0.023665884261889543,0.0,-0.0,0.00017835574363942182,-0.0
2018-08-16,0.005235602094240788,2.87,0.009468600179737052,0.007919408484583057,0.0034965034965035446,0.02365846577997667,0.0,0.0,7.498571260053427e-05,4.957382293056001e-05
2018-08-17,0.0,2.87,0.005599909340192388,0.0033231157222237684,0.0,0.023651047298063797,0.0,0.0,1.8609146771421054e-05,0.0
2018-08-20,0.0,2.82,0.005290230317851474,0.0024280177746833775,-0.017421602787456525,0.02364362881615089,0.0,0.0,1.2844773243912274e-05,0.0
2018-08-21,0.0,2.85,0.005816343640359101,0.0020685364303643095,0.010638297872340496,0.023636210334238017,0.0,0.0,1.2031318711600567e-05,0.0
2018-08-22,0.0,2.82,0.02960211492748921,-0.0003981517707819515,-0.010526315789473717,0.02370297667145394,1.0,0.02960211492748921,-1.1786134477270669e-05,0.0
2018-08-23,0.0,2.82,-0.0006685667715886634,-0.0016912621251551352,0.0,0.02369555818954107,0.0,-0.0,1.1307216589251508e-06,-0.0
2018-08-24,0.0,2.82,0.014585792706103051,0.006198839704363079,0.0,0.023688139707628196,0.0,0.0,9.0414990946201e-05,0.0
2018-08-27,0.0,2.85,0.005143753511186899,0.007670409427647185,0.010638297872340496,0.02368072122571529,0.0,0.0,3.9454695425701303e-05,0.0
2018-08-28,0.0,2.88,-0.003411653842723128,0.00026927832649970007,0.010526315789473717,0.023673302743802416,0.0,-0.0,-9.186844373647549e-07,-0.0
2018-08-29,0.0,2.89,0.015668235539459063,0.005701434129840033,0.003472222222222321,0.023665884261889543,0.0,0.0,8.933141285904447e-05,0.0
2018-08-30,0.0,2.86,0.008166933606464477,-0.004430329054144866,-0.01038062283737029,0.02365846577997667,0.0,0.0,-3.6182203239991684e-05,0.0
2018-08-31,-0.00520833333333337,2.86,-0.004500430618859963,0.00013447750859452157,0.0,0.023651047298063797,0.0,-0.0,-6.052066972267887e-07,2.3439742806562472e-05
2018-09-04,0.005235602094240788,2.9,0.009687419500622463,-0.0016543221469484948,0.013986013986013957,0.02364362881615089,0.0,0.0,-1.602611262666047e-05,5.071947382524801e-05
2018-09-05,0.0,2.9,-0.011513388089555487,-0.002803126684318036,0.0,0.023636210334238017,0.0,-0.0,3.2273485380742436e-05,-0.0
2018-09-06,0.0,2.88,-0.009965014578986686,-0.0036523050860121087,-0.006896551724137945,0.02360128047049995,0.0,-0.0,3.6395273429017885e-05,-0.0
2018-09-07,0.0,2.94,0.004313749425551405,-0.002213344827027508,0.02083333333333326,0.023566350606761884,0.0,0.0,-9.547814976137088e-06,0.0
2018-09-10,0.0,2.94,0.007028516239200089,0.0018978268127400888,0.0,0.023531420743023817,0.0,0.0,1.333890657253306e-05,0.0
2018-09-11,0.0,2.98,0.02184302380791081,0.003739841510076891,0.013605442176870763,0.023496490879285594,0.0,0.0,8.168944714242265e-05,0.0
2018-09-12,0.0,2.97,0.008601066609846608,0.00035667194221011833,-0.003355704697986517,0.023461561015547527,0.0,0.0,3.067759132812588e-06,0.0
2018-09-13,0.0,2.97,-0.019563551547354008,0.005282254329749936,0.0,0.02342663115180946,0.0,-0.0,-0.00010333965486629676,-0.0
2018-09-14,0.0,2.99,-0.0011512403035792707,0.00027548183892078804,0.006734006734006703,0.023391701288071394,0.0,-0.0,-3.1714579586974375e-07,-0.0
2018-09-17,0.0,2.99,-0.0005121435268067298,-0.005569722252617426,0.0,0.023356771424333327,0.0,-0.0,2.8524971977894124e-06,-0.0
2018-09-18,0.0,3.05,0.012555998580668692,0.005369014643958003,0.020066889632106788,0.023321841560595104,0.0,0.0,6.741334024912612e-05,0.0
2018-09-19,0.0,3.08,0.004681801243795025,0.0012532727238796504,0.009836065573770592,0.023286911696857038,0.0,0.0,5.867573797474126e-06,0.0
2018-09-20,0.0,3.07,-0.008816178390230411,0.007840591898404803,-0.0032467532467532756,0.02328524921412214,0.0,-0.0,-6.912405686133206e-05,-0.0
2018-09-21,0.0,3.07,0.001270725633971681,-0.00036853301202766087,0.0,0.023283586731387244,0.0,0.0,-4.6830434534834253e-07,0.0
2018-09-24,0.005208333333333259,3.08,0.030456774156569555,-0.0035156877607932513,0.0032573289902280145,0.023531420743023817,1.0,0.030456774156569555,-0.00010707650813549579,0.00015862903206546416
2018-09-25,0.0,3.1,0.00825130324533041,-0.0013050961134796202,0.006493506493506551,0.023496490879285594,0.0,0.0,-1.0768743796622495e-05,0.0
2018-09-26,0.0,3.06,-0.00647375584354104,-0.003289278113945082,-0.012903225806451646,0.023461561015547527,0.0,-0.0,2.1293983411183626e-05,-0.0
2018-09-27,0.1295336787564767,3.06,0.004671808457354043,0.0027632870875580196,0.0,0.02342663115180946,0.0,0.0,1.2909547985750778e-05,0.0006051565359266896
2018-09-28,0.0,3.05,0.012236906327243835,-6.870120538793323e-06,-0.0032679738562092497,0.023391701288071394,0.0,0.0,-8.406902149008784e-08,0.0
2018-10-01,0.0,3.09,0.027321108593804544,0.003641105118425747,0.013114754098360715,0.023651047298063797,1.0,0.027321108593804544,9.947902834196739e-05,0.0
2018-10-02,0.0,3.05,-0.0021181489534630726,-0.0003966902079042267,-0.012944983818770184,0.02364362881615089,0.0,-0.0,8.402489487213865e-07,-0.0
2018-10-03,0.0,3.15,0.01757072889325384,0.0007115197468861023,0.032786885245901676,0.023636210334238017,0.0,0.0,1.2501920574732296e-05,0.0
2018-10-04,0.0,3.19,-0.019816885691618435,-0.008169482334351885,0.012698412698412653,0.02360128047049995,0.0,-0.0,0.00016189369757954746,-0.0
2018-10-05,0.0,3.23,-0.004965691178208331,-0.005527978766503461,0.012539184952978122,0.023566350606761884,0.0,-0.0,2.7450235394149207e-05,-0.0
2018-10-09,0.0,3.21,0.012990064239299048,-0.0014179036575431292,-0.006191950464396245,0.023531420743023817,0.0,0.0,-1.841865959662233e-05,0.0
2018-10-10,0.0,3.22,-0.022470631318933787,-0.0328642290012785,0.0031152647975078995,0.023496490879285594,0.0,-0.0,0.0007384799734687407,-0.0
2018-10-11,0.0,3.14,-0.03405938532181185,-0.02057300761734404,-0.024844720496894457,0.023461561015547527,0.0,-0.0,0.0007007039936676911,-0.0
2018-10-12,0.0,3.15,0.0021180932521875917,0.014206197825152422,0.0031847133757960666,0.02342663115180946,0.0,0.0,3.0090051752697388e-05,0.0
2018-10-15,0.0,3.16,0.0043515911077096625,-0.005904978964482943,0.0031746031746031633,0.023391701288071394,0.0,0.0,-2.5696053953056587e-05,0.0
2018-10-16,0.0,3.16,0.00779902070231242,0.02149560016316343,0.0,0.023356771424333327,0.0,0.0,0.00016764463068114183,0.0
2018-10-17,0.004587155963302614,3.19,-0.016705571172754397,-0.00025266233815879335,0.009493670886075778,0.023321841560595104,0.0,-0.0,4.220868672786261e-06,-7.663106042547657e-05
2018-10-18,0.0,3.17,-0.009494092532876919,-0.014391922356395415,-0.006269592476489061,0.023286911696857038,0.0,-0.0,0.0001366382425775981,-0.0
2018-10-19,0.0,3.2,0.0061798191210964415,-0.00036116989772350117,0.009463722397476504,0.02328524921412214,0.0,0.0,-2.2319646399161387e-06,0.0
2018-10-22,0.0,3.2,0.0006267617513524559,-0.004299527548581317,0.0,0.023283586731387244,0.0,0.0,-2.6947794163369576e-06,0.0
2018-10-23,0.004566210045662267,3.17,-0.042465230012429855,-0.005511829997012829,-0.009375000000000022,0.023281924248652348,0.0,-0.0,0.00023406112861256036,-0.000193905159874116
2018-10-24,0.0,3.1,-0.0035322378837953083,-0.030864433977743855,-0.02208201892744477,0.02328026176591744,0.0,-0.0,0.00010902052295808597,-0.0
2018-10-25,0.0,3.14,0.009452556623490427,0.018625040052811848,0.012903225806451646,0.023278599283182544,0.0,0.0,0.00017605424571398112,0.0
2018-10-26,0.0,3.08,0.009494126189730112,-0.017327264039978307,-0.019108280254777066,0.023276936800447647,0.0,0.0,-0.00016450723131832684,0.0
2018-10-29,0.0,3.08,-0.003607400138925354,-0.0065595995737004476,0.0,0.02327527431771275,0.0,-0.0,2.3663100413461688e-05,-0.0
2018-10-30,0.0,3.12,-0.018489691537270758,0.015666780052058682,0.012987012987013102,0.023273611834977854,0.0,-0.0,-0.00028967393054483173,-0.0
2018-10-31,0.0,3.15,-0.005796369650629796,0.010851331974038647,0.009615384615384581,0.023271949352242947,0.0,-0.0,-6.289833132322632e-05,-0.0
2018-11-01,0.0,3.14,0.0003974927628416225,0.010557843693063784,-0.0031746031746030523,0.02327028686950805,0.0,0.0,4.1966664592059226e-06,0.0
2018-11-02,-0.00454545454545463,3.22,-0.03536421415821611,-0.0063166863793988615,0.02547770700636942,0.023267884913532023,0.0,-0.0,0.0002233846498913481,0.00016074642799189442
2018-11-05,0.004566210045662267,3.2,0.004668355476350472,0.005600317169601965,-0.006211180124223614,0.023265482957555997,0.0,0.0,2.6144271328010907e-05,2.1316691672833982e-05
2018-11-06,0.0,3.22,-0.014213488336107916,0.006259295774170726,0.006250000000000089,0.023263081001579974,0.0,-0.0,-8.896642747842518e-05,-0.0
2018-11-07,0.0,3.22,-0.0008317975998661797,0.021208856064105275,0.0,0.023260679045603937,0.0,-0.0,-1.7641475570030038e-05,-0.0
2018-11-08,0.0,3.24,-0.019703041139977895,-0.0025089163835961825,0.006211180124223503,0.02325827708962791,0.0,-0.0,4.9433282722760146e-05,-0.0
2018-11-09,-0.00454545454545463,3.19,-0.006652529519492911,-0.00919901370610332,-0.015432098765432167,0.023255875133651883,0.0,-0.0,6.119671023007222e-05,3.023877054315016e-05
2018-11-13,0.004566210045662267,3.14,-0.06631490792555006,-0.0014819196931705747,-0.01567398119122254,0.023253473177675857,0.0,-0.0,9.827336800566606e-05,-0.00030280779874681494
2018-11-14,0.0,3.12,0.009928234515953482,-0.007567410690302756,-0.006369426751592355,0.023251071221699834,0.0,0.0,-7.513102801185919e-05,0.0
2018-11-15,0.0,3.11,0.007562008155328481,0.010593753366266334,-0.0032051282051283048,0.023248669265723797,0.0,0.0,8.011004935124457e-05,0.0
2018-11-16,0.0,3.08,0.002101461781395919,0.0022233054237545957,-0.009646302250803762,0.02324626730974777,0.0,0.0,4.6721913763905415e-06,0.0
2018-11-19,0.0,3.06,0.00044935258144018775,-0.01664310858849427,-0.006493506493506551,0.023243649135708713,0.0,0.0,-7.47862380742926e-06,0.0
2018-11-20,0.0,3.06,-0.06378203440389685,-0.01815124083246611,0.0,0.023241030961669656,0.0,-0.0,0.0011577230672497707,-0.0
2018-11-21,0.0,3.06,0.01519271999816496,0.0030432907461763747,0.0,0.0232384127876306,0.0,0.0,4.6235864179664176e-05,0.0
2018-11-23,0.0,3.05,-0.07372401290050346,-0.006554842390161242,-0.0032679738562092497,0.02323579461359153,0.0,-0.0,0.0004832492849330143,-0.0
2018-11-26,0.0,3.07,0.02857143413221186,0.0155323683669224,0.006557377049180246,0.02325827708962791,1.0,0.02857143413221186,0.00044378203971277445,0.0
2018-11-27,0.0,3.06,-0.004464293316918999,0.003261692144003847,-0.0032573289902279035,0.023255875133651883,0.0,-0.0,-1.4561150440323576e-05,-0.0
2018-11-28,0.0,3.06,-0.024082391379962487,0.022973979644221654,0.0,0.023253473177675857,0.0,-0.0,-0.0005532683693474372,-0.0
2018-11-29,0.0,3.03,0.012763785252273507,-0.0021831080910337253,-0.009803921568627527,0.023251071221699834,0.0,0.0,-2.786472285645523e-05,0.0
2018-11-30,0.0,3.01,-0.013443106362365231,0.008170747552017188,-0.0066006600660065695,0.023248669265723797,0.0,-0.0,-0.0001098402284018024,-0.0
2018-12-03,-0.00454545454545463,2.98,0.05075795586282794,0.010941426132194287,-0.009966777408637828,0.02327028686950805,1.0,0.05075795586282794,0.0005553644246943099,-0.00023071798119467677
2018-12-04,0.004566210045662267,2.91,0.006321984325297958,-0.03236490314939877,-0.02348993288590595,0.023267884913532023,0.0,0.0,-0.00020461041040028554,2.8867508334694925e-05
2018-12-06,0.0,2.87,-0.03253866620785428,-0.0015222281477752508,-0.013745704467354014,0.023265482957555997,0.0,-0.0,4.953127359265917e-05,-0.0
2018-12-07,-0.00454545454545463,2.85,0.026806472841178985,-0.023320118765389863,-0.006968641114982632,0.023281924248652348,1.0,0.026806472841178985,-0.0006251301303374918,-0.00012184760382354311
2018-12-10,0.004566210045662267,2.85,-0.027566028842501922,0.0017621539947350051,0.0,0.02328026176591744,0.0,-0.0,-4.857558784379513e-05,-0.00012587227781964806
2018-12-11,-0.00454545454545463,2.89,0.00383524324753437,-0.00035634616892232795,0.01403508771929829,0.023278599283182544,0.0,0.0,-1.3666742381441003e-06,-1.743292385242928e-05
2018-12-12,0.0,2.91,-0.0008305521001144012,0.005419503676349802,0.006920415224913601,0.023276936800447647,0.0,-0.0,-4.501180159970046e-06,-0.0
2018-12-13,0.0,2.91,0.02161262184675472,-0.00019993032368359476,0.0,0.02327527431771275,0.0,0.0,-4.321018481472803e-06,0.0
2018-12-14,0.0,2.89,-0.01903990185705917,-0.019086709555430348,-0.0068728522336769515,0.023273611834977854,0.0,-0.0,0.00036340907670958733,-0.0
2018-12-17,0.004566210045662267,2.86,-0.011114767460403852,-0.020773480559224233,-0.01038062283737029,0.023271949352242947,0.0,-0.0,0.0002308924057589975,-5.0752362832896145e-05
2018-12-18,0.0,2.82,-0.05619866221300818,8.640058610476231e-05,-0.013986013986013957,0.02327028686950805,0.0,-0.0,-4.855597353507465e-06,-0.0
2018-12-19,0.0,2.77,0.017419185676699644,-0.01539571453679811,-0.01773049645390068,0.023267884913532023,0.0,0.0,-0.00026818081014195013,0.0
2018-12-20,0.09090909090909083,2.79,-0.05048922291406743,-0.01577210632742365,0.0072202166064982976,0.023265482957555997,0.0,-0.0,0.0007963213921896662,-0.004589929355824308
2018-12-21,0.0,2.79,-0.009751587749339818,-0.020588228309714296,0.0,0.023263081001579974,0.0,-0.0,0.00020076791496562117,-0.0
2018-12-24,0.0,2.74,-0.06224449076768124,-0.027112254452099527,-0.017921146953404965,0.023260679045603937,0.0,-0.0,0.0016875884719347335,-0.0
2018-12-26,0.0,2.81,0.07925500105514516,0.04959374278953943,0.025547445255474477,0.023278599283182544,1.0,0.07925500105514516,0.003930552137113545,0.0
2018-12-27,0.0,2.77,-0.042408689581835746,0.008562680784222065,-0.014234875444839923,0.023276936800447647,0.0,-0.0,-0.0003631320713664234,-0.0
2018-12-28,0.0,2.72,0.000766888720175718,-0.0012415825080966947,-0.01805054151624541,0.02327527431771275,0.0,0.0,-9.521556206268321e-07,0.0
2018-12-31,0.0,2.69,0.03065131131678167,0.00849248413140935,-0.011029411764705954,0.023356771424333327,1.0,0.03065131131678167,0.00026030577496465615,0.0
2019-01-02,0.0,2.66,0.02063198189763038,0.0012684969251244294,-0.011152416356877248,0.023321841560595104,0.0,0.0,2.6171605596367027e-05,0.0
2019-01-03,0.0,2.56,0.018940100499314827,-0.02475673039503723,-0.03759398496240607,0.023286911696857038,0.0,0.0,-0.0004688949617164472,0.0
2019-01-04,0.0,2.67,0.019839152729499432,0.03433571464262353,0.04296875,0.02328524921412214,0.0,0.0,0.0006811914868715182,0.0
2019-01-07,0.0,2.7,0.004731869107350795,0.007010434848680358,0.011235955056179803,0.023283586731387244,0.0,0.0,3.317246008956603e-05,0.0
2019-01-08,0.0,2.73,0.02424558425350498,0.009695285023358924,0.011111111111111072,0.023531420743023817,1.0,0.02424558425350498,0.0002350678498955938,0.0
2019-01-09,0.0,2.74,0.04632148074695297,0.004098045450532162,0.00366300366300365,0.02368072122571529,1.0,0.04632148074695297,0.00018982753343696373,0.0
2019-01-10,0.0,2.74,0.0039062774061076055,0.004518418782931244,0.0,0.023673302743802416,0.0,0.0,1.7650197203096543e-05,0.0
2019-01-11,0.0,2.71,-0.019455265191345328,-0.00014629784190933748,-0.010948905109489093,0.023665884261889543,0.0,-0.0,2.8462633112676753e-06,-0.0
2019-01-14,0.0,2.71,-0.024636208251439973,-0.005257525167898014,0.0,0.02365846577997667,0.0,-0.0,0.0001295254849235224,-0.0
2019-01-15,0.0,2.72,0.027970802919708104,0.010721688622945758,0.0036900369003691758,0.02371923155251491,1.0,0.027970802919708104,0.00029989423943889236,0.0
2019-01-16,0.0,2.73,0.011213725462072777,0.0022219854881162515,0.003676470588235281,0.02371481335294085,0.0,0.0,2.491673524444542e-05,0.0
2019-01-17,0.0,2.75,-0.002283095080645503,0.0075914003822110665,0.0073260073260073,0.023710395153366814,0.0,-0.0,-1.7331888867836476e-05,-0.0
2019-01-18,0.0,2.79,0.024844727855208637,0.01318305304897005,0.014545454545454639,0.02375015894953319,1.0,0.024844727855208637,0.00032752936530243935,0.0
2019-01-22,0.0,2.74,-0.019138767916072275,-0.014157306164566674,-0.017921146953404965,0.02374574074995915,0.0,-0.0,0.0002709533970004209,-0.0
2019-01-23,0.0,2.76,-0.005853668461000994,0.0022029127742235755,0.007299270072992581,0.023741322550385115,0.0,-0.0,-1.2895121028808746e-05,-0.0
2019-01-24,0.0,2.72,-0.0008177827536748339,0.0013757255543636049,-0.014492753623188248,0.023736904350811057,0.0,-0.0,-1.125044632148306e-06,-0.0
2019-01-25,0.0,2.76,0.009003097654064263,0.008488694060713842,0.014705882352941124,0.02373248615123702,0.0,0.0,7.642454158408202e-05,0.0
2019-01-28,0.0,2.75,-0.027741711573732175,-0.007846827493937836,-0.0036231884057970065,0.023728067951662983,0.0,-0.0,0.0002176844251056551,-0.0
2019-01-29,0.0,2.72,0.023193715711167684,-0.0014562465775435074,-0.010909090909090868,0.023723649752088946,0.0,0.0,-3.3775769124905015e-05,0.0
2019-01-30,0.0,2.7,0.005381634584100237,0.01554926091974429,-0.007352941176470562,0.02371923155251491,0.0,0.0,8.368044032289413e-05,0.0
2019-01-31,0.0,2.63,0.0038929092916371033,0.008597395948725328,-0.02592592592592602,0.02371481335294085,0.0,0.0,3.346888257267602e-05,0.0
2019-02-01,0.0,2.7,-0.00032316138246746284,0.0008986100931438479,0.026615969581749166,0.023710395153366814,0.0,-0.0,-2.9039607999958143e-07,-0.0
2019-02-04,0.0,2.73,0.0103442605575772,0.006776236617404008,0.011111111111111072,0.02370297667145394,0.0,0.0,7.009515717022262e-05,0.0
2019-02-05,0.0,2.71,-0.008478624116588729,0.00470842037697472,-0.0073260073260073,0.02369555818954107,0.0,-0.0,-3.9920926559255655e-05,-0.0
2019-02-06,0.0,2.7,0.011455293477193873,-0.0022244379802809355,-0.0036900369003689537,0.023688139707628196,0.0,0.0,-2.5481589885934514e-05,0.0
2019-02-07,0.0,2.65,-0.016908559288788094,-0.009357140143940179,-0.0185185185185186,0.02368072122571529,0.0,-0.0,0.00015821575889731168,-0.0
2019-02-08,0.0,2.63,0.0076261138708468845,0.0006762010869560964,-0.007547169811320753,0.023673302743802416,0.0,0.0,5.156786488717627e-06,0.0
2019-02-11,0.0,2.65,-0.009500807843558334,0.0007091030986317026,0.0076045627376426506,0.023665884261889543,0.0,-0.0,-6.7370522813715996e-06,-0.0
2019-02-12,0.0,2.68,0.014794340306355291,0.0128902247439735,0.01132075471698113,0.02365846577997667,0.0,0.0,0.00019070237148774546,0.0
2019-02-13,0.0,2.71,0.019064442106925483,0.003023994668760688,0.011194029850746245,0.023651047298063797,0.0,0.0,5.765077129423943e-05,0.0
2019-02-14,0.0,2.66,0.015091952134275388,-0.002651641555101225,-0.01845018450184499,0.02364362881615089,0.0,0.0,-4.0018447426843244e-05,0.0
2019-02-15,0.0,2.66,0.026018279589839377,0.01087875260858695,0.0,0.023710395153366814,1.0,0.026018279589839377,0.0002830464269589097,0.0
2019-02-19,0.0,2.65,0.0030188218602593686,0.0014987433214488366,-0.00375939849624074,0.02370297667145394,0.0,0.0,4.524439101707481e-06,0.0
2019-02-20,0.0,2.65,0.009480886557500012,0.0017771107537685182,0.0,0.02369555818954107,0.0,0.0,1.684858545659266e-05,0.0
2019-02-21,0.0,2.69,-0.00014910757241271,-0.003526436790880272,0.015094339622641506,0.023688139707628196,0.0,-0.0,5.258184291550248e-07,-0.0
2019-02-22,0.0,2.65,0.0007455352912677515,0.006411102394986878,-0.014869888475836479,0.02368072122571529,0.0,0.0,4.779703091393922e-06,0.0
2019-02-25,0.0,2.67,-0.03516091349492301,0.0012318625699112573,0.007547169811320753,0.023673302743802416,0.0,-0.0,-4.331341325828326e-05,-0.0
2019-02-26,0.0,2.64,0.00694868643295532,-0.0007904570968998437,-0.011235955056179692,0.023665884261889543,0.0,0.0,-5.492638505061192e-06,0.0
2019-02-27,0.0,2.69,0.018095389077481983,-0.0005440493877303387,0.01893939393939381,0.02365846577997667,0.0,0.0,-9.844785348346331e-06,0.0
2019-02-28,0.0,2.73,-0.00542251263234228,-0.0028255083152146643,0.014869888475836479,0.023651047298063797,0.0,-0.0,1.532135453203967e-05,-0.0
2019-03-01,0.0,2.76,-0.014538832382557265,0.00689532059343434,0.01098901098901095,0.02364362881615089,0.0,-0.0,-0.00010024991033193716,-0.0
2019-03-04,0.0,2.72,0.009220815689796602,-0.003880558492514008,-0.014492753623188248,0.023636210334238017,0.0,0.0,-3.578191463294661e-05,0.0
2019-03-05,0.0,2.72,0.0028932914070964877,-0.001131532823106185,0.0,0.02360128047049995,0.0,0.0,-3.273854193940755e-06,0.0
2019-03-06,0.0,2.69,0.001973842274722637,-0.006524098653592381,-0.011029411764705954,0.023566350606761884,0.0,0.0,-1.2877541726921677e-05,0.0
2019-03-07,0.0,2.64,0.004697760236759718,-0.00812571755868352,-0.018587360594795488,0.023531420743023817,0.0,0.0,-3.817267284232369e-05,0.0
2019-03-08,0.0,2.62,-0.008446533366689435,-0.0021316888487414865,-0.007575757575757569,0.023496490879285594,0.0,-0.0,1.8005380988294754e-05,-0.0
2019-03-11,0.0,2.64,0.012777669525117163,0.014666041867757107,0.007633587786259444,0.023461561015547527,0.0,0.0,0.00018739783622773239,0.0
2019-03-12,0.0,2.61,0.001351702244151154,0.0029533182046204143,-0.011363636363636465,0.02342663115180946,0.0,0.0,3.992006844877871e-06,0.0
2019-03-13,0.0,2.61,0.013199413634038537,0.006949583813841809,0.0,0.023391701288071394,0.0,0.0,9.173043134331711e-05,0.0
2019-03-14,0.0,2.63,-0.004737226948443363,-0.0008680223820187738,0.00766283524904221,0.023356771424333327,0.0,-0.0,4.112019019951334e-06,-0.0
2019-03-15,0.0,2.59,-0.0010411972531457758,0.00498490290027398,-0.01520912547528519,0.023321841560595104,0.0,-0.0,-5.190267206963679e-06,-0.0
2019-03-18,0.0,2.6,0.005658088634565628,0.0037059469012648005,0.0038610038610038533,0.023286911696857038,0.0,0.0,2.0968576042350074e-05,0.0
2019-03-19,0.0,2.61,0.0010364183280329176,-0.0001305615560248663,0.0038461538461538325,0.02328524921412214,0.0,0.0,-1.3531638960066802e-07,0.0
2019-03-20,0.004166666666666874,2.54,0.013163724029195967,-0.0029443536044478913,-0.026819923371647403,0.023283586731387244,0.0,0.0,-3.8758658293320466e-05,5.484885012165259e-05
2019-03-21,0.0,2.54,-0.009343056783188919,0.010852481049954399,0.0,0.023281924248652348,0.0,-0.0,-0.00010139534668820565,-0.0
2019-03-22,0.0,2.44,-0.012231090828019764,-0.018974501239482744,-0.03937007874015752,0.02328026176591744,0.0,-0.0,0.00023207884807648703,-0.0
2019-03-25,-0.004149377593361092,2.43,0.0026853693637747256,-0.000839020658475631,-0.004098360655737654,0.023278599283182544,0.0,0.0,-2.2530803718445564e-06,-1.1142611467945179e-05
2019-03-26,0.0,2.41,0.011307873033523874,0.007182725862306283,-0.008230452674897082,0.023276936800447647,0.0,0.0,8.122135208556773e-05,0.0
2019-03-27,0.004166666666666874,2.39,-0.0020597232180981084,-0.0046443248906916645,-0.008298755186721962,0.02327527431771275,0.0,-0.0,9.56602380974858e-06,-8.582180075409211e-06
2019-03-28,0.0,2.39,-0.0001474588819174727,0.003589481529391092,0.0,0.023273611834977854,0.0,-0.0,-5.293009329874303e-07,-0.0
2019-03-29,0.008298755186721962,2.41,0.008404595950886051,0.0067342800173637585,0.008368200836819994,0.023271949352242947,0.0,0.0,5.6598902566068293e-05,6.974768423971802e-05
2019-04-01,-0.008230452674897082,2.49,0.009065693114713946,0.011568600124275408,0.03319502074688807,0.02327028686950805,0.0,0.0,0.00010487737849352247,-7.461475814579346e-05
2019-04-02,0.0,2.48,0.00521664395316046,1.745570720723677e-05,-0.004016064257028162,0.023267884913532023,0.0,0.0,9.106020945077116e-08,0.0
2019-04-03,0.0,2.52,-0.0008650019549154564,0.002148376881724312,0.016129032258064502,0.023265482957555997,0.0,-0.0,-1.858350202586702e-06,-0.0
2019-04-04,0.0,2.51,0.0012985712084185863,0.0020846350796801527,-0.003968253968254065,0.023263081001579974,0.0,0.0,2.707047094532032e-06,0.0
2019-04-05,0.0,2.5,0.013544593535220528,0.004636432770241061,-0.003984063745019806,0.023260679045603937,0.0,0.0,6.279859732629168e-05,0.0
2019-04-08,0.0,2.52,0.010804693997703119,0.0010474599539205265,0.008000000000000007,0.02325827708962791,0.0,0.0,1.1317484276959498e-05,0.0
2019-04-09,0.0,2.51,-0.006891671930877474,-0.006067494393846573,-0.003968253968254065,0.023255875133651883,0.0,-0.0,4.1815180804828864e-05,-0.0
2019-04-10,0.0,2.48,0.01586181471322412,0.0034778715639784963,-0.01195219123505964,0.023253473177675857,0.0,0.0,5.516535434421789e-05,0.0
2019-04-11,0.0,2.51,-0.012547072128247905,3.8123067008344336e-05,0.012096774193548265,0.023251071221699834,0.0,-0.0,-4.783328715037244e-07,-0.0
2019-04-12,0.0,2.56,0.010165201215446729,0.006609324208602496,0.019920318725099806,0.023248669265723797,0.0,0.0,6.718511047856758e-05,0.0
2019-04-15,0.0,2.55,-0.0051712471111200475,-0.0006293691084816588,-0.003906250000000111,0.02324626730974777,0.0,-0.0,3.254623184063978e-06,-0.0
2019-04-16,0.0,2.6,0.007586413503964051,0.0005093580038946222,0.019607843137255054,0.023243649135708713,0.0,0.0,3.864200439098335e-06,0.0
2019-04-17,0.004149377593360981,2.59,-0.0013942899110300777,-0.0022738117853239315,-0.0038461538461539435,0.023241030961669656,0.0,-0.0,3.1703528318584466e-06,-5.78543531547748e-06
2019-04-18,0.004132231404958775,2.57,0.004886881607077287,0.0015790922795098083,-0.007722007722007707,0.0232384127876306,0.0,0.0,7.71683701661423e-06,2.0193725649080173e-05
2019-04-22,0.00411522633744843,2.59,0.028761979431907392,0.001012017561471401,0.0077821011673151474,0.023260679045603937,1.0,0.028761979431907392,2.9107628287769512e-05,0.00011836205527533532
2019-04-23,0.0,2.57,0.006347936451801983,0.008841205788409079,-0.007722007722007707,0.02325827708962791,0.0,0.0,5.612341250212469e-05,0.0
2019-04-24,0.0,2.53,0.000805228249544987,-0.002191763174733685,-0.015564202334630406,0.023255875133651883,0.0,0.0,-1.7648696246079687e-06,0.0
2019-04-25,0.0,2.54,-0.0029502644710134307,-0.0003689736527457965,0.0039525691699606735,0.023253473177675857,0.0,-0.0,1.0885698584359706e-06,-0.0
2019-04-26,0.0,2.51,-0.02958973763809747,0.0046852921407636305,-0.011811023622047334,0.023251071221699834,0.0,-0.0,-0.00013863656520303586,-0.0
2019-04-29,0.004098360655737876,2.54,-0.0015246099518391176,0.001071522174355355,0.01195219123505975,0.023248669265723797,0.0,-0.0,-1.6336533706384642e-06,-6.248401441963858e-06
2019-04-30,0.0,2.51,0.010549724133424698,0.0009514170090862972,-0.011811023622047334,0.02324626730974777,0.0,0.0,1.0037186981708456e-05,0.0
2019-05-01,0.0,2.52,-0.008516520887248191,-0.007502163081421376,0.003984063745019917,0.023243649135708713,0.0,-0.0,6.38923285824674e-05,-0.0
2019-05-02,-0.01632653061224487,2.55,-0.019811586299941286,-0.0021239857917741967,0.011904761904761862,0.023241030961669656,0.0,-0.0,4.207952781358362e-05,0.0003234544702031225
2019-05-03,-0.004149377593361092,2.54,0.0014134059946444566,0.009638279380647763,-0.0039215686274508554,0.0232384127876306,0.0,0.0,1.3622801854665609e-05,-5.864755164499956e-06
2019-05-06,0.0,2.51,0.005504578659813131,-0.004470988428756373,-0.011811023622047334,0.02323579461359153,0.0,0.0,-2.461090749320377e-05,0.0
2019-05-07,0.0,2.45,-0.019090407792435093,-0.016511651392423388,-0.02390438247011939,0.023233176439552472,0.0,-0.0,0.0003152141584078912,-0.0
2019-05-08,-0.004166666666666541,2.49,0.007012099490889545,-0.0016054253132695706,0.01632653061224487,0.023230558265513415,0.0,0.0,-1.1257402021838744e-05,-2.921708121203889e-05
2019-05-09,-0.004184100418410108,2.45,0.00028416430703326334,-0.0030214249424966866,-0.016064257028112428,0.02322794009147436,0.0,0.0,-8.585811250375885e-07,-1.1889719959550956e-06
2019-05-10,0.0,2.47,0.0032675573082532328,0.0037202972597878414,0.008163265306122547,0.0232253219174353,0.0,0.0,1.2156284500094238e-05,0.0
2019-05-13,0.0,2.4,-0.005522506010767758,-0.02413055719884427,-0.028340080971660075,0.02322270374339623,0.0,-0.0,0.00013326114717379268,-0.0
2019-05-14,0.0,2.42,0.014381239620661734,0.008015944543135589,0.008333333333333304,0.023220085569357174,0.0,0.0,0.00011527921926076875,0.0
2019-05-15,0.008403361344537785,2.37,0.007439623739326606,0.00583897507464215,-0.02066115702479332,0.02321958009547238,0.0,0.0,4.343977757864408e-05,6.251784654896286e-05
2019-05-16,-0.004166666666666541,2.4,0.011843474199155324,0.008895287120600504,0.012658227848101111,0.02321907462158759,0.0,0.0,0.00010535110350691071,-4.9347809163145695e-05
2019-05-17,0.0,2.39,-0.005645877810555033,-0.005837333350761975,-0.004166666666666541,0.023218569147702796,0.0,-0.0,3.2956870837879896e-05,-0.0
2019-05-20,0.0,2.41,-0.003323609843683517,-0.0067493779153879885,0.008368200836819994,0.023218063673818002,0.0,-0.0,2.2432298878323655e-05,-0.0
2019-05-21,0.0,2.43,0.0029178696805725046,0.008495835590448308,0.008298755186721962,0.023217558199933208,0.0,0.0,2.478974108049792e-05,0.0
2019-05-22,-0.004184100418410108,2.39,-0.016486595128497372,-0.0028243962306494508,-0.016460905349794275,0.023217052726048414,0.0,-0.0,4.6564677137171574e-05,6.898156957530391e-05
2019-05-23,0.0,2.31,-0.04549930729308449,-0.01191414994527018,-0.03347280334728031,0.023216547252163624,0.0,-0.0,0.0005420855694957337,-0.0
2019-05-24,0.0,2.32,0.013724915523261494,0.0013535590072402126,0.0043290043290042934,0.02321604177827883,0.0,0.0,1.857748303012161e-05,0.0
2019-05-28,0.004201680672269115,2.26,0.020672559593466255,-0.008375676922946718,-0.025862068965517238,0.023215536304394036,0.0,0.0,-0.0001731466803252361,8.685949409019864e-05
2019-05-29,0.0,2.25,-0.009413830500123122,-0.0069119122568113145,-0.004424778761061843,0.023215030830509242,0.0,-0.0,6.506757041734519e-05,-0.0
2019-05-30,0.0,2.22,-0.037148946220730616,0.0020984713906617714,-0.013333333333333197,0.02321289931857509,0.0,-0.0,-7.795600083743593e-05,-0.0
2019-05-31,0.004184100418409997,2.14,-0.03559151764703872,-0.01319537280847849,-0.03603603603603611,0.023210767806640935,0.0,-0.0,0.000469643344172217,-0.0001489184838788215
2019-06-03,-0.008333333333333304,2.07,-0.04977514639174818,-0.0027652403144732274,-0.032710280373831946,0.02320863629470678,0.0,-0.0,0.00013764024146126867,0.00041479288659790006
2019-06-04,0.0,2.12,0.011259831187192537,0.021432370568193138,0.024154589371980784,0.023206504782772617,0.0,0.0,0.00024132487453920853,0.0
2019-06-05,0.0,2.12,-0.02162336818125188,0.008161854781411959,0.0,0.023204373270838463,0.0,-0.0,-0.00017648679098038186,-0.0
2019-06-06,-0.004201680672268782,2.12,0.017153176356729416,0.006135586748687638,0.0,0.02320224175890431,0.0,0.0,0.0001052448015522511,-7.207216956608783e-05
2019-06-07,0.0,2.09,0.026268895649129487,0.01049769746289475,-0.014150943396226578,0.023216547252163624,1.0,0.026268895649129487,0.00027576291920891356,0.0
2019-06-10,0.0,2.15,-0.015800284176558876,0.0046600444669098184,0.028708133971291794,0.02321604177827883,0.0,-0.0,-7.363002685257595e-05,-0.0
2019-06-11,0.0,2.15,0.0,-0.00034988023558091275,0.0,0.023215536304394036,0.0,0.0,-0.0,0.0
2019-06-12,0.0,2.13,-0.03724513823607767,-0.0020375791387226005,-0.009302325581395321,0.023215030830509242,0.0,-0.0,7.588991668867133e-05,-0.0
2019-06-13,0.0,2.1,0.022344507675702507,0.004097381912668174,-0.014084507042253391,0.02321289931857509,0.0,0.0,9.155398159789864e-05,0.0
2019-06-14,-0.0042194092827004814,2.09,0.011417337017825213,-0.001611511904139773,-0.004761904761904856,0.023210767806640935,0.0,0.0,-1.8399174517801026e-05,-4.8174417796731534e-05
2019-06-17,0.008474576271186418,2.09,-0.017255276951888887,0.0009317492412306283,0.0,0.02320863629470678,0.0,-0.0,-1.607759120714682e-05,-0.00014623116060922747
2019-06-18,-0.004201680672268782,2.06,0.019691512799173472,0.009717399870633026,-0.014354066985645786,0.023206504782772617,0.0,0.0,0.00019135030392725686,-8.273744873602051e-05
2019-06-19,0.0,2.03,-0.005149657192908275,0.002985163546397107,-0.01456310679611661,0.023204373270838463,0.0,-0.0,-1.5372568928711438e-05,-0.0
2019-06-20,0.0,2.01,0.042542822167599637,0.009472185190685156,-0.009852216748768461,0.023217052726048414,1.0,0.042542822167599637,0.00040297349010588946,0.0
2019-06-21,0.00421940928270037,2.07,0.011636928402064983,-0.0012592227925193322,0.029850746268656803,0.023216547252163624,0.0,0.0,-1.4653485478795799e-05,4.910096372179258e-05
2019-06-24,0.0,2.02,-0.0052146680031369685,-0.0017318870104667816,-0.02415458937198056,0.02321604177827883,0.0,-0.0,9.031215778529666e-06,-0.0
2019-06-25,0.0,2.0,0.002929423984247226,-0.009496397343734198,-0.00990099009900991,0.023215536304394036,0.0,0.0,-2.7818974142676606e-05,0.0
2019-06-26,0.0,2.05,0.022136737040057808,-0.0012339337557076835,0.02499999999999991,0.023215030830509242,0.0,0.0,-2.7315267074951918e-05,0.0
2019-06-27,0.0,2.01,0.000902469392632943,0.003823175554131808,-0.019512195121951237,0.02321289931857509,0.0,0.0,3.450298920266448e-06,0.0
2019-06-28,0.008403361344537785,2.0,0.0,0.0057574526279098315,-0.004975124378109319,0.023210767806640935,0.0,0.0,0.0,0.0
2019-07-01,-0.004166666666666541,2.03,-0.022389262582080516,0.007672301032188189,0.014999999999999902,0.02320863629470678,0.0,-0.0,-0.00017177716241842874,9.328859409199933e-05
2019-07-02,0.004184100418409997,1.98,-0.040885277167728495,0.002928125887423194,-0.024630541871921152,0.023206504782772617,0.0,-0.0,-0.00011971723848929826,-0.00017106810530430152
2019-07-03,0.004166666666666874,1.96,0.022756380356119044,0.007672378673070135,-0.010101010101010055,0.023204373270838463,0.0,0.0,0.0001745955673205599,9.481825148383407e-05
2019-07-05,0.004149377593360981,2.04,0.0064243758080528846,-0.00180590159841032,0.04081632653061229,0.02320224175890431,0.0,0.0,-1.1601790540551294e-05,2.6657161029264988e-05
2019-07-08,-0.004132231404958553,2.05,-0.0018683285117573334,-0.004835444424841517,0.004901960784313708,0.023200110246970156,0.0,-0.0,9.034198685949448e-06,7.720365751063127e-06
2019-07-09,0.0,2.07,0.0007799571249689219,0.0012365569653400854,0.009756097560975618,0.023197978735036002,0.0,0.0,9.644614155469477e-07,0.0
2019-07-10,0.0,2.07,0.044420173183440825,0.0045106896075925995,0.0,0.023215536304394036,1.0,0.044420173183440825,0.00020036561354601001,0.0
2019-07-11,-0.004149377593361092,2.13,-0.007312423183749361,0.002285226738359958,0.02898550724637694,0.023215030830509242,0.0,-0.0,-1.6710544981707292e-05,3.034200491182378e-05
2019-07-12,-0.008333333333333304,2.12,0.0030066835196926878,0.004620174547884881,-0.004694835680751019,0.02321289931857509,0.0,0.0,1.3891402671229087e-05,-2.5055695997438976e-05
2019-07-15,0.008403361344537785,2.09,-0.003597090218503518,0.00017586919155743175,-0.014150943396226578,0.023210767806640935,0.0,-0.0,-6.326173486873592e-07,-3.022764889498744e-05
2019-07-16,0.004166666666666874,2.13,-0.032039783021315826,-0.003403778522185874,0.019138755980861344,0.02320863629470678,0.0,-0.0,0.00010905632530345044,-0.0001334990959221559
2019-07-17,0.0,2.06,-0.010722589635903002,-0.006531243569450895,-0.032863849765258135,0.023206504782772617,0.0,-0.0,7.00318446073523e-05,-0.0
2019-07-18,0.0,2.04,-0.027175613358199735,0.003581997784064761,-0.009708737864077666,0.023204373270838463,0.0,-0.0,-9.734298682967217e-05,-0.0
2019-07-19,0.0,2.05,0.008719536781307102,-0.00617673452276668,0.004901960784313708,0.02320224175890431,0.0,0.0,-5.385826385963344e-05,0.0
2019-07-22,-0.004149377593361092,2.05,0.012646023457548283,0.002828694915066654,0.0,0.023200110246970156,0.0,0.0,3.5771742250180454e-05,-5.247312637986961e-05
2019-07-23,0.0,2.08,0.009010488849909848,0.006847482673755456,0.014634146341463428,0.023197978735036002,0.0,0.0,6.169916628182442e-05,0.0
2019-07-24,0.0,2.05,-0.010183323002235345,0.004688147952890187,-0.014423076923077094,0.023195847223101838,0.0,-0.0,-4.7740924886549184e-05,-0.0
2019-07-25,0.0,2.08,0.00332382215033733,-0.005262401280453521,0.014634146341463428,0.023193715711167684,0.0,0.0,-1.7491285939934944e-05,0.0
2019-07-26,0.0,2.08,0.0011042703186341374,0.007387691099234761,0.0,0.023187460429819923,0.0,0.0,8.15800800412255e-06,0.0
2019-07-29,0.0,2.06,0.00393948949900258,-0.0016161146071345112,-0.009615384615384581,0.02318120514847216,0.0,0.0,-6.366666523991086e-06,0.0
2019-07-30,-0.004166666666666541,2.06,0.01585311804653,-0.0025786549148275606,0.0,0.0231749498671244,0.0,0.0,-4.0879720766026086e-05,-6.605465852720635e-05
2019-07-31,0.004184100418409997,2.02,0.006952981145776693,-0.010885526112695776,-0.01941747572815533,0.02316869458577661,0.0,0.0,-7.568685782343359e-05,2.9091971321241083e-05
2019-08-01,-0.10833333333333328,1.9,-0.07165871260021994,-0.00899879386967306,-0.05940594059405946,0.02316243930442885,0.0,-0.0,0.000644841983655523,0.007763027198357157
2019-08-02,0.0,1.86,0.022975196523114638,-0.007282739927037873,-0.021052631578947323,0.02315618402308109,0.0,0.0,-0.0001673223810504287,0.0
2019-08-05,-0.004672897196261738,1.75,-0.03360798249911301,-0.0297778200029859,-0.05913978494623662,0.023149928741733328,0.0,-0.0,0.0010007724535220873,0.00015704664719211876
2019-08-06,0.0,1.73,-0.014546108119143808,0.013017017169932643,-0.011428571428571455,0.023143673460385566,0.0,-0.0,-0.00018934693914259156,-0.0
2019-08-07,-0.004694835680751019,1.71,-0.045978947194013076,0.0007668762331907164,-0.011560693641618491,0.023137418179037778,0.0,-0.0,-3.5260161830219606e-05,0.00021586360184981955
2019-08-08,0.0,1.72,0.020451743468628436,0.018762303409984193,0.005847953216374213,0.023131162897690016,0.0,0.0,0.00038372181622156924,0.0
2019-08-09,0.0,1.74,0.020041786158499608,-0.00661660635492356,0.011627906976744207,0.023127032819813414,0.0,0.0,-0.00013260860966034756,0.0
2019-08-12,0.0,1.65,0.0006834258732548726,-0.012317322177972212,-0.051724137931034475,0.023122902741936808,0.0,0.0,-8.417976665642269e-06,0.0
2019-08-13,0.0,1.68,0.046610885375804045,0.015131688322181258,0.0181818181818183,0.0231749498671244,1.0,0.046610885375804045,0.0007053013899275833,0.0
2019-08-14,0.0,1.59,-0.029690044330765497,-0.029292752911742603,-0.05357142857142849,0.02316869458577661,0.0,-0.0,0.000869703132519798,-0.0
2019-08-15,0.004716981132075304,1.52,-0.02101546754573158,0.0024642680276520945,-0.04402515723270439,0.02316243930442885,0.0,-0.0,-5.178774475910657e-05,-9.912956389495676e-05
2019-08-16,0.0,1.55,0.007041041570242879,0.014426124657807904,0.019736842105263275,0.02315618402308109,0.0,0.0,0.00010157494341313127,0.0
2019-08-19,0.0,1.6,0.018758565829940066,0.012105865492430645,0.032258064516129004,0.023149928741733328,0.0,0.0,0.00022708867476816007,0.0
2019-08-20,0.0,1.55,0.0048543202658564155,-0.007914727601131322,-0.03125,0.023143673460385566,0.0,0.0,-3.8420622592904906e-05,0.0
2019-08-21,-0.004694835680751019,1.59,0.004497758841480959,0.00824679859557964,0.02580645161290329,0.023137418179037778,0.0,0.0,3.709211129718108e-05,-2.1116238692398175e-05
2019-08-22,0.0,1.62,-0.006301842005359215,-0.0005060748601761755,0.018867924528301883,0.023131162897690016,0.0,-0.0,3.1892038117145145e-06,-0.0
2019-08-23,0.0,1.52,-0.009679539954626004,-0.025946336754618105,-0.06172839506172845,0.023127032819813414,0.0,-0.0,0.0002511486032925071,-0.0
2019-08-26,0.0,1.54,-0.010785294708505755,0.010982987735216332,0.013157894736842035,0.023122902741936808,0.0,-0.0,-0.0001184547595042123,-0.0
2019-08-27,0.0,1.49,0.013798936082896063,-0.003203180635808267,-0.032467532467532534,0.023118772664060205,0.0,0.0,-4.420048485548865e-05,0.0
2019-08-28,0.0,1.47,0.016467877408408382,0.006545480165679685,-0.01342281879194629,0.023114642586183582,0.0,0.0,0.00010779016494758163,0.0
2019-08-29,0.0,1.5,0.009753680545820265,0.012687291793508804,0.020408163265306145,0.02311051250830698,0.0,0.0,0.00012374779114549193,0.0
2019-08-30,0.004716981132075304,1.5,-0.010641805933090609,0.0006427872591217021,0.0,0.023106382430430377,0.0,-0.0,-6.84041726783638e-06,-5.019719779759543e-05
2019-09-03,0.0,1.47,-0.03590934920873601,-0.00689910050906084,-0.020000000000000018,0.02310225235255377,0.0,-0.0,0.0002477422094060341,-0.0
2019-09-04,0.0,1.47,0.041881265219748665,0.010842079212828093,0.0,0.023143673460385566,1.0,0.041881265219748665,0.0004540799950459772,0.0
2019-09-05,0.0,1.57,0.004118616093208294,0.013009813642266721,0.06802721088435382,0.023137418179037778,0.0,0.0,5.358242783668053e-05,0.0
2019-09-06,-0.004694835680751019,1.55,0.009680068009886522,0.0009106051537297599,-0.01273885350318471,0.023131162897690016,0.0,0.0,8.814719818257248e-06,-4.544632868491176e-05
2019-09-09,0.004716981132075304,1.63,0.017062060796876333,-9.401025965849463e-05,0.05161290322580636,0.023127032819813414,0.0,0.0,-1.604008765823366e-06,8.04814188531874e-05
2019-09-10,0.0,1.72,-0.003355153921723919,0.0003223043548219451,0.05521472392638049,0.023122902741936808,0.0,-0.0,-1.0813807200695466e-06,-0.0
2019-09-11,0.0,1.75,-0.025168317857350964,0.007229681189480308,0.01744186046511631,0.023118772664060205,0.0,-0.0,-0.0001819589141841516,-0.0
2019-09-12,0.0,1.79,-0.007071210252671434,0.002879153101061016,0.02285714285714291,0.023114642586183582,0.0,-0.0,-2.035909692723341e-05,-0.0
2019-09-13,0.0046948356807512415,1.9,-0.0026498814935695947,-0.0007244143620946941,0.06145251396648033,0.02311051250830698,0.0,-0.0,1.9196122117907533e-06,-1.2440758185772924e-05
2019-09-16,0.051401869158878455,1.84,0.1461307745596312,-0.0031355866640028207,-0.03157894736842093,0.02315618402308109,1.0,0.1461307745596312,-0.00045820570790958224,0.007511394953999727
2019-09-17,0.022222222222222143,1.81,-0.06476374686636033,0.0025817523700197853,-0.016304347826086918,0.023149928741733328,0.0,-0.0,-0.00016720395696358722,-0.001439194374808002
2019-09-18,-0.021739130434782483,1.8,-0.014717343651788561,0.00034269198975556137,-0.0055248618784530246,0.023143673460385566,0.0,-0.0,-5.043515779947802e-06,0.0003199422532997495
2019-09-19,-0.15555555555555556,1.79,0.012578664637599601,1.997472142156731e-05,-0.005555555555555536,0.023137418179037778,0.0,0.0,2.51255321991372e-07,-0.001956681165848827
2019-09-20,0.0,1.74,-0.0018633966419054904,-0.0048955765157830955,-0.027932960893854775,0.023131162897690016,0.0,-0.0,9.1224008397016e-06,-0.0
2019-09-23,0.0,1.72,0.007622866724872335,-9.693591923765066e-05,-0.011494252873563204,0.023127032819813414,0.0,0.0,-7.389295932015993e-07,0.0
2019-09-24,0.0,1.64,-0.025783514829378684,-0.008416371322106486,-0.04651162790697683,0.023122902741936808,0.0,-0.0,0.00021700363479309006,-0.0
2019-09-25,0.0,1.73,-0.011251966745511766,0.006158571742003405,0.054878048780487854,0.023118772664060205,0.0,-0.0,-6.929604444087078e-05,-0.0
2019-09-26,-0.02631578947368407,1.7,0.005609910117685191,-0.002428916406865711,-0.017341040462427793,0.023114642586183582,0.0,0.0,-1.3626002725887512e-05,-0.0001476292136232937
2019-09-27,-0.010810810810810811,1.69,-0.01322922870337695,-0.005316352490240539,-0.00588235294117645,0.02311051250830698,0.0,-0.0,7.033124296115967e-05,0.00014301868868515623
2019-09-30,0.0382513661202184,1.68,-0.018252319026010655,0.005047606675254723,-0.00591715976331364,0.023106382430430377,0.0,-0.0,-9.213052735457017e-05,-0.0006981761376069616
2019-10-01,-0.010526315789473717,1.65,-0.031095745765171268,-0.012258373372913245,-0.017857142857142905,0.02310225235255377,0.0,-0.0,0.00038118326189865527,0.0003273236396333828
2019-10-02,-0.015957446808510523,1.6,-0.020376987185881767,-0.017903202985502964,-0.030303030303030165,0.02309812227467717,0.0,-0.0,0.0003648133378218341,0.0003251646891364088
2019-10-03,-0.010810810810810811,1.54,0.0003466884770284562,0.00797191259701524,-0.03749999999999998,0.023093992196800545,0.0,0.0,2.7637702372631787e-06,-3.7479835354427696e-06
2019-10-04,-0.005464480874316946,1.52,0.0114364903462576,0.014216897585460186,-0.012987012987012991,0.023089862118923943,0.0,0.0,0.0001625914119898484,-6.249448276643504e-05
2019-10-07,0.0,1.56,-0.00034264961674934646,-0.004478294673592398,0.026315789473684292,0.023089521400753953,0.0,-0.0,1.5344859535970746e-06,-0.0
2019-10-08,0.0,1.54,-0.0018851207974424078,-0.015560819201407838,-0.012820512820512886,0.023089180682583966,0.0,-0.0,2.9334023901815074e-05,-0.0
2019-10-09,0.0,1.59,0.0013735922742426077,0.0091044925499415,0.032467532467532534,0.023088839964413976,0.0,0.0,1.2505860627499025e-05,0.0
2019-10-10,0.0,1.67,0.013374464735570024,0.006415695380997066,0.05031446540880502,0.02308849924624399,0.0,0.0,8.580649162730476e-05,0.0
2019-10-11,0.0,1.76,0.02385786605442175,0.010938977513132997,0.05389221556886237,0.02311051250830698,1.0,0.02385786605442175,0.00026098066028065856,0.0
2019-10-15,0.0439560439560438,1.77,-0.010277958068023896,0.009955676641137279,0.005681818181818121,0.023106382430430377,0.0,-0.0,-0.00010232402705641393,-0.00045177837661643336
2019-10-16,0.0,1.75,0.011576378465235848,-0.0019995427986508885,-0.011299435028248594,0.02310225235255377,0.0,0.0,-2.3147464194619565e-05,0.0
2019-10-17,-0.02631578947368407,1.76,0.008246410191289577,0.0027628315736780706,0.005714285714285783,0.02309812227467717,0.0,0.0,2.2783442445995462e-05,-0.0002170107945076193
2019-10-18,0.0,1.76,-0.00817896310657329,-0.003919344949506964,0.0,0.023093992196800545,0.0,-0.0,3.205617774395181e-05,-0.0
2019-10-21,0.0,1.8,-0.007741486008881582,0.006871616056117524,0.022727272727272707,0.023089862118923943,0.0,-0.0,-5.319651955683985e-05,-0.0
2019-10-22,0.0,1.78,0.012550910616646815,-0.003568666378412577,-0.011111111111111072,0.023089521400753953,0.0,0.0,-4.4790012736088954e-05,0.0
2019-10-23,0.0,1.77,0.02462307181272938,0.0028471487971184484,-0.005617977528089901,0.023122902741936808,1.0,0.02462307181272938,7.010554929297362e-05,0.0
2019-10-24,0.0,1.77,0.008173941719256783,0.0019204463587332299,0.0,0.023118772664060205,0.0,0.0,1.5697616611244325e-05,0.0
2019-10-25,-0.010810810810810811,1.8,0.005675406181455234,0.004072700506109195,0.016949152542372836,0.023114642586183582,0.0,0.0,2.3114229627587984e-05,-6.135574250221875e-05
2019-10-28,0.0,1.85,-0.007255736207965824,0.005581337868471481,0.0277777777777779,0.02311051250830698,0.0,-0.0,-4.0496715261159315e-05,-0.0
2019-10-29,-0.005464480874316946,1.84,0.00032484095927887147,-0.0008324053147991117,-0.005405405405405461,0.023106382430430377,0.0,0.0,-2.7039934096817446e-07,-1.775087209174163e-06
2019-10-30,0.0,1.78,-0.0159116665011918,0.00325337015914573,-0.03260869565217395,0.02310225235255377,0.0,-0.0,-5.176654097725615e-05,-0.0
2019-10-31,-0.13186813186813184,1.69,-0.006269610036109041,-0.0030228605633046968,-0.050561797752809,0.02309812227467717,0.0,-0.0,1.8952156925453356e-05,0.0008267617630033899
2019-11-01,-0.006329113924050667,1.73,0.024240396738652414,0.009662312168146059,0.02366863905325456,0.023137418179037778,1.0,0.024240396738652414,0.00023421828036856928,-0.00015342023252311736
2019-11-04,-0.006369426751592355,1.79,0.007132476109599883,0.003704089049704651,0.034682080924855585,0.023131162897690016,0.0,0.0,2.6419326654848958e-05,-4.5429784137578865e-05
2019-11-05,0.0,1.86,0.013359053630909612,-0.001185699214361291,0.03910614525139677,0.023127032819813414,0.0,0.0,-1.583981939477988e-05,0.0
2019-11-06,-0.0064102564102563875,1.81,-0.019377341546161775,0.0007024972279667807,-0.026881720430107503,0.023122902741936808,0.0,-0.0,-1.361252872154418e-05,0.00012421372786001095
2019-11-07,0.0,1.92,0.008908312635377946,0.0027300951851503275,0.06077348066298338,0.023118772664060205,0.0,0.0,2.4320541433659155e-05,0.0
2019-11-08,0.0,1.94,0.0035318253776268627,0.0025606760900243053,0.01041666666666674,0.023114642586183582,0.0,0.0,9.04386079863017e-06,0.0
2019-11-12,0.0,1.92,-0.0019298638034065396,0.0015646460846321375,-0.010309278350515427,0.02311051250830698,0.0,-0.0,-3.019553843873327e-06,-0.0
2019-11-13,0.0,1.88,0.00499512651843359,0.0007115345908383919,-0.02083333333333337,0.023106382430430377,0.0,0.0,3.5542053034796456e-06,0.0
2019-11-14,0.0,1.82,-0.001443003914208485,0.0008370427393644686,-0.031914893617021156,0.02310225235255377,0.0,-0.0,-1.207855949262721e-06,-0.0
2019-11-15,0.0,1.84,0.016377656996723333,0.007695488006902673,0.01098901098901095,0.02309812227467717,0.0,0.0,0.00012603406299945005,0.0
2019-11-18,0.0,1.81,-0.013586107752242338,0.0005031528617669423,-0.016304347826086918,0.023093992196800545,0.0,-0.0,-6.835888995814772e-06,-0.0
2019-11-19,0.0,1.79,-0.024503504371353624,-0.0005925944462060739,-0.011049723756906049,0.023089862118923943,0.0,-0.0,1.4520640603050413e-05,-0.0
2019-11-20,0.0,1.73,0.02446234907567657,-0.003756184245747196,-0.033519553072625774,0.023127032819813414,1.0,0.02446234907567657,-9.188509021202481e-05,0.0
2019-11-21,0.0,1.77,0.025160250904370463,-0.0015827522106851566,0.023121387283236983,0.02318120514847216,1.0,0.025160250904370463,-3.982244274028556e-05,0.0
2019-11-22,0.0,1.77,-0.009066778489711491,0.0021749356911917594,0.0,0.0231749498671244,0.0,-0.0,-1.9719660141403237e-05,-0.0
2019-11-25,0.0,1.76,0.004101627050542733,0.007507291353015866,-0.005649717514124353,0.02316869458577661,0.0,0.0,3.0792109289835434e-05,0.0
2019-11-26,0.0,1.74,0.009740692888049907,0.0021955703874654287,-0.011363636363636354,0.02316243930442885,0.0,0.0,2.138637685839748e-05,0.0
2019-11-27,0.0,1.77,-0.003267451306072422,0.004174424362754614,0.01724137931034475,0.02315618402308109,0.0,-0.0,-1.3639728336183102e-05,-0.0
2019-11-29,0.006451612903225712,1.78,-0.02544485350513881,-0.004011219709926239,0.005649717514124353,0.023149928741733328,0.0,-0.0,0.00010206489789599855,-0.00016416034519444153
2019-12-02,0.0,1.83,-0.024187123640063146,-0.008631020716408422,0.028089887640449396,0.023143673460385566,0.0,-0.0,0.0002087595652077169,-0.0
2019-12-03,-0.0064102564102563875,1.72,-0.001641472047385406,-0.00663809511563529,-0.060109289617486406,0.023137418179037778,0.0,-0.0,1.0896247580200922e-05,1.0522256714008976e-05
2019-12-04,0.0,1.77,0.03584347773946628,0.00632356747139462,0.029069767441860517,0.023193715711167684,1.0,0.03584347773946628,0.00022665864989494612,0.0
2019-12-05,0.0,1.8,0.006190466502356218,0.0015002511791302187,0.016949152542372836,0.023187460429819923,0.0,0.0,9.287254669526037e-06,0.0
2019-12-06,0.0,1.84,0.015775359041308112,0.009135724328457329,0.022222222222222143,0.02318120514847216,0.0,0.0,0.0001441193313838278,0.0
2019-12-09,0.0,1.83,-0.0021742412016693136,-0.00316282139344648,-0.005434782608695676,0.0231749498671244,0.0,-0.0,6.8767365871524875e-06,-0.0
2019-12-10,0.0,1.85,0.0014007212123055002,-0.0010969340964486207,0.010928961748633892,0.02316869458577661,0.0,0.0,-1.5364988573967505e-06,0.0
2019-12-11,0.0,1.79,-0.009636231776133597,0.002908158040315856,-0.032432432432432434,0.02316243930442885,0.0,-0.0,-2.802368491811006e-05,-0.0
2019-12-12,0.0,1.9,0.007532889490641015,0.008575225775086182,0.06145251396648033,0.02315618402308109,0.0,0.0,6.459622812102065e-05,0.0
2019-12-13,0.0,1.82,0.01588791777176035,7.258178414493166e-05,-0.042105263157894646,0.023149928741733328,0.0,0.0,1.1531734182223334e-06,0.0
2019-12-16,0.006451612903225712,1.89,0.001839851501710843,0.007147785279833618,0.038461538461538325,0.023143673460385566,0.0,0.0,1.315086348100854e-05,1.1870009688456878e-05
2019-12-17,-0.0064102564102563875,1.89,0.011631499522900102,0.00033529222633799094,0.0,0.023137418179037778,0.0,0.0,3.899951370682455e-06,-7.456089437756449e-05
2019-12-18,0.0,1.92,0.0010589969204253258,-0.00043230017186479675,0.015873015873015817,0.023131162897690016,0.0,0.0,-4.5780455070415884e-07,0.0
2019-12-19,0.0,1.92,0.005591699513687987,0.004459292004863613,0.0,0.023127032819813414,0.0,0.0,2.4935020934988593e-05,0.0
2019-12-20,0.0,1.92,-0.0060114445502744696,0.004944781081796634,0.0,0.023122902741936808,0.0,-0.0,-2.9725277286466673e-05,-0.0
2019-12-23,0.0,1.93,0.0037798609360000235,0.0008661436002121992,0.005208333333333259,0.023118772664060205,0.0,0.0,3.2739023594085133e-06,0.0
2019-12-24,0.0,1.9,0.012200595963856031,-0.00019544819997963092,-0.015544041450777257,0.023114642586183582,0.0,0.0,-2.3845845198144114e-06,0.0
2019-12-26,0.0,1.9,0.01071430436608023,0.005128166675301138,0.0,0.02311051250830698,0.0,0.0,5.4944738599166116e-05,0.0
2019-12-27,0.0,1.88,0.0035336498768310243,3.398471712534601e-05,-0.010526315789473717,0.023106382430430377,0.0,0.0,1.2009009148411612e-07,0.0
2019-12-30,0.0,1.9,0.004107963090567157,-0.005780822450430323,0.010638297872340496,0.02310225235255377,0.0,0.0,-2.3747405259489756e-05,0.0
2019-12-31,0.0,1.92,-0.035651700093015326,0.0029460216619106028,0.010526315789473717,0.02309812227467717,0.0,-0.0,-0.0001050306807579634,-0.0
2020-01-02,0.0,1.88,0.0037878787878788955,0.008378802677341701,-0.02083333333333337,0.023093992196800545,0.0,0.0,3.1737888929325526e-05,0.0
2020-01-03,0.0,1.8,0.03547167508107307,-0.007059870562045378,-0.04255319148936165,0.023131162897690016,1.0,0.03547167508107307,-0.0002504254346913064,0.0
2020-01-06,0.0,1.81,0.004519026164486517,0.0035333728907271933,0.005555555555555536,0.023127032819813414,0.0,0.0,1.5967404542083546e-05,0.0
2020-01-07,0.0,1.83,-0.00928757778306255,-0.0028032386528962228,0.011049723756906049,0.023122902741936808,0.0,-0.0,2.603529703326115e-05,-0.0
2020-01-08,0.0,1.87,-0.04145297115592539,0.004902451368978156,0.021857923497267784,0.023118772664060205,0.0,-0.0,-0.00020322117519157843,-0.0
2020-01-09,0.0,1.85,-0.0010696774482380489,0.006655262605488987,-0.010695187165775444,0.023114642586183582,0.0,-0.0,-7.118984321193568e-06,-0.0
2020-01-10,-0.006451612903225823,1.83,-0.005966029880101642,-0.002855178689662563,-0.010810810810810811,0.02311051250830698,0.0,-0.0,1.7034081375556304e-05,3.8490515355494566e-05
2020-01-13,0.0,1.85,-0.01200379144960717,0.006976215252569862,0.010928961748633892,0.023106382430430377,0.0,-0.0,-8.374103299941724e-05,-0.0
2020-01-14,0.0,1.82,0.004517148431660178,-0.001514532772802224,-0.016216216216216273,0.02310225235255377,0.0,0.0,-6.841369339361507e-06,0.0
2020-01-15,0.0,1.79,-0.007598044347971844,0.0018701968845122874,-0.016483516483516536,0.02309812227467717,0.0,-0.0,-1.4209838867963136e-05,-0.0
2020-01-16,0.0,1.81,0.009687542915344238,0.00836655302646827,0.011173184357541999,0.023093992196800545,0.0,0.0,8.10513414974146e-05,0.0
2020-01-17,0.006493506493506551,1.84,0.003559203308007186,0.003862162248501333,0.016574585635359185,0.023089862118923943,0.0,0.0,1.3746220650926416e-05,2.311170979225466e-05
2020-01-21,0.0,1.78,-0.004009285155715525,-0.0026519776473655776,-0.03260869565217395,0.023089521400753953,0.0,-0.0,1.0632534614872192e-05,-0.0
2020-01-22,0.0,1.77,-0.021365495148796265,0.0002890760711180551,-0.005617977528089901,0.023089180682583966,0.0,-0.0,-6.17625339510589e-06,-0.0
2020-01-23,0.0,1.74,-0.018509700773476467,0.0011409766124783616,-0.016949152542372947,0.023088839964413976,0.0,-0.0,-2.111913568650929e-05,-0.0
2020-01-24,0.0,1.7,-0.021760191310385424,-0.009042160974207403,-0.02298850574712641,0.02308849924624399,0.0,-0.0,0.00019675915265805413,-0.0
2020-01-27,0.0,1.61,-0.02257371828777477,-0.015730711659182384,-0.05294117647058816,0.023088158528074,0.0,-0.0,0.00035510065346059717,-0.0
2020-01-28,0.0,1.65,0.0032029438247882513,0.010053584595046017,0.024844720496894235,0.02308781780990401,0.0,0.0,3.2201066695688935e-05,0.0
2020-01-29,0.0,1.6,0.005041220974951077,-0.0008668741908683941,-0.030303030303030165,0.023087477091734022,0.0,0.0,-4.370104353649492e-06,0.0
2020-01-30,0.032258064516129004,1.57,-0.025413817469705835,0.003134358792605374,-0.018750000000000044,0.02308713637356403,0.0,-0.0,-7.965602223984054e-05,-0.0008198005635388972
2020-01-31,-0.006249999999999978,1.51,-0.0022302464586272386,-0.01770582037552626,-0.03821656050955413,0.023086795655394045,0.0,-0.0,3.948834318960745e-05,1.3939040366420191e-05
2020-02-03,0.0,1.54,-0.0637895305056081,0.007254613892351713,0.019867549668874274,0.023086454937224055,0.0,-0.0,-0.00046276841419257787,-0.0
2020-02-04,0.0,1.61,-0.008999112426097633,0.014980414164082134,0.045454545454545414,0.023084640216259555,0.0,-0.0,-0.0001348104312520805,-0.0
2020-02-05,0.0,1.66,0.02446255962231958,0.01125059589785371,0.03105590062111796,0.023089180682583966,1.0,0.02446255962231958,0.00027521837293787045,0.0
2020-02-06,0.0,1.65,-0.006331376299743563,0.003325672876785646,-0.0060240963855421326,0.023088839964413976,0.0,-0.0,-2.1056086432780634e-05,-0.0
2020-02-07,-0.0062893081761006275,1.59,-0.008374277843018918,-0.005400853672730133,-0.036363636363636265,0.02308849924624399,0.0,-0.0,4.5228249244931295e-05,5.2668414107037206e-05
2020-02-10,0.0,1.56,-0.022030489003979525,0.007326397804890528,-0.018867924528301883,0.023088158528074,0.0,-0.0,-0.0001614041262794205,-0.0
2020-02-11,0.0,1.59,0.013891455930364671,0.0016884725532351208,0.019230769230769162,0.02308781780990401,0.0,0.0,2.3455342062895998e-05,0.0
2020-02-12,0.0,1.62,0.03295690889300529,0.006462646466197652,0.018867924528301883,0.02310225235255377,1.0,0.03295690889300529,0.0002129888507941786,0.0
2020-02-13,0.0,1.61,0.009858383725307895,-0.0016304457368023773,-0.006172839506172867,0.02309812227467717,0.0,0.0,-1.6073559716690195e-05,0.0
2020-02-14,0.0,1.59,0.017394383024177396,0.0018435333204338544,-0.012422360248447228,0.023093992196800545,0.0,0.0,3.206712469346002e-05,0.0
2020-02-18,0.006329113924050667,1.55,0.007501749955777015,-0.002919942636890105,-0.02515723270440251,0.023089862118923943,0.0,0.0,-2.1904679547161766e-05,4.7479430099854776e-05
2020-02-19,0.0,1.56,0.023722925227441793,0.004705785881164548,0.006451612903225712,0.023127032819813414,1.0,0.023722925227441793,0.00011163500659521787,0.0
2020-02-20,0.0,1.52,0.003213843789563686,-0.00381551976362815,-0.02564102564102566,0.023122902741936808,0.0,0.0,-1.2262484496293834e-05,0.0
2020-02-21,-0.0062893081761006275,1.46,-0.013657078983912885,-0.01051810302712286,-0.03947368421052633,0.023118772664060205,0.0,-0.0,0.00014364656380235012,8.589357851517535e-05
2020-02-24,0.0,1.38,-0.03760685064853764,-0.03351362667122315,-0.0547945205479452,0.023114642586183582,0.0,-0.0,0.0012603419529155367,-0.0
2020-02-25,0.0,1.33,-0.02397865883508632,-0.030279995565056117,-0.03623188405797084,0.02311051250830698,0.0,-0.0,0.0007260736831824074,-0.0
2020-02-26,0.0,1.33,-0.02766151841054787,-0.0037785406053220116,0.0,0.023106382430430377,0.0,-0.0,0.00010452017051911751,-0.0
2020-02-27,0.0,1.3,-0.023395096254171466,-0.04416324258407911,-0.022556390977443663,0.02310225235255377,0.0,-0.0,0.001033203311150855,-0.0
2020-02-28,0.0,1.13,-0.03181295204491308,-0.008238340444361891,-0.13076923076923086,0.02309812227467717,0.0,-0.0,0.00026208592948615277,-0.0
2020-03-02,0.006329113924050667,1.1,0.027315935384223833,0.046039229006110016,-0.0265486725663715,0.023137418179037778,1.0,0.027315935384223833,0.0012576046046703848,0.00017288566698875934
2020-03-03,0.0,1.02,-0.000770730527000052,-0.028107896121075893,-0.07272727272727275,0.023131162897690016,0.0,-0.0,2.166361359025954e-05,-0.0
2020-03-04,-0.3144654088050314,1.02,-0.014076350436652674,0.04220259077449118,0.0,0.023127032819813414,0.0,-0.0,-0.000594058457076383,0.004426525294544865
2020-03-05,0.0,0.92,-0.022296095557082674,-0.033922077046888544,-0.0980392156862745,0.023122902741936808,0.0,-0.0,0.0007563298713321478,-0.0
2020-03-06,0.0,0.74,-0.09441890502548766,-0.01705385200037013,-0.19565217391304357,0.023118772664060205,0.0,-0.0,0.00161020603234167,-0.0
2020-03-09,0.0,0.54,-0.24099844791455216,-0.07596969747745097,-0.2702702702702702,0.023114642586183582,0.0,-0.0,0.018308579180603753,-0.0
2020-03-10,0.0,0.76,0.08323633758871174,0.04939630628156144,0.40740740740740744,0.02316243930442885,1.0,0.08323633758871174,0.00411156762528745,0.0
2020-03-11,0.0,0.82,-0.03842021113047045,-0.048868445131273974,0.07894736842105265,0.02315618402308109,0.0,-0.0,0.0018775359795613568,-0.0
2020-03-12,0.00917431192660545,0.88,-0.07180775716910459,-0.09511268097833658,0.07317073170731714,0.023149928741733328,0.0,-0.0,0.006829828299394907,-0.0006587867630193043
2020-03-13,0.0,0.94,0.018964395853945604,0.09287124972971839,0.06818181818181812,0.023143673460385566,0.0,0.0,0.0017612471433250182,0.0
2020-03-16,-0.7727272727272727,0.73,-0.11225995297948721,-0.11984055240393443,-0.22340425531914887,0.023137418179037778,0.0,-0.0,0.013453294777901453,0.08674632730233102
2020-03-17,0.0,1.02,-0.0439267796451811,0.05995484974402432,0.3972602739726028,0.023131162897690016,0.0,-0.0,-0.002633623473365699,-0.0
2020-03-18,0.0,1.18,-0.1340062806408957,-0.051830762729157875,0.1568627450980391,0.023127032819813414,0.0,-0.0,0.006945647736115208,-0.0
2020-03-19,-0.19999999999999996,1.12,0.14429261550173123,0.0047078080405855705,-0.05084745762711851,0.02318120514847216,1.0,0.14429261550173123,0.0006793019354561724,-0.02885852310034624
2020-03-20,-0.2500000000000001,0.92,-0.052335785284660874,-0.04335951230846191,-0.1785714285714286,0.0231749498671244,0.0,-0.0,0.0022692541262232728,0.013083946321165224
2020-03-23,0.0,0.76,0.0018532670592119604,-0.02929386782180443,-0.17391304347826086,0.02316869458577661,0.0,0.0,-5.428936027105938e-05,0.0
2020-03-24,-0.19999999999999996,0.84,0.0044394720250249264,0.09382773976227554,0.10526315789473673,0.02316243930442885,0.0,0.0,0.0004165456258459412,-0.0008878944050049851
2020-03-25,-0.16666666666666663,0.88,0.008839770699457405,0.011535011448221999,0.04761904761904767,0.02315618402308109,0.0,0.0,0.00010196685621789856,-0.0014732951165762338
2020-03-26,0.0,0.83,-0.038335131816665036,0.062414163303876835,-0.05681818181818188,0.023149928741733328,0.0,-0.0,-0.002392655177480976,-0.0
2020-03-27,0.0,0.72,-0.05353074560531379,-0.033687352562252526,-0.1325301204819277,0.023143673460385566,0.0,-0.0,0.0018033091001264556,-0.0
2020-03-30,-0.10000000000000009,0.7,-0.08704372441758157,0.03351600948370015,-0.02777777777777779,0.023137418179037778,0.0,-0.0,-0.002917358293076246,0.008704372441758165
2020-03-31,-0.11111111111111105,0.7,-0.0008787547259464512,-0.016012721914555605,0.0,0.023131162897690016,0.0,-0.0,1.4071255057682045e-05,9.763941399405008e-05
2020-04-01,-0.25,0.62,0.08795074846659312,-0.04414243033166543,-0.11428571428571421,0.023187460429819923,1.0,0.08795074846659312,-0.003882359786804417,-0.02198768711664828
2020-04-02,-0.16666666666666663,0.63,0.21018596649341958,0.02282934723487151,0.016129032258064502,0.023210767806640935,1.0,0.21018596649341958,0.0047984084129753446,-0.03503099441556992
2020-04-03,0.0,0.62,0.13927855717806192,-0.015137125124949469,-0.015873015873015928,0.023218569147702796,1.0,0.13927855717806192,-0.0021082769472267524,0.0
2020-04-06,0.0,0.67,-0.03107597051667399,0.07033131865275055,0.08064516129032273,0.023218063673818002,0.0,-0.0,-0.0021856139848516797,-0.0
2020-04-07,0.0,0.75,-0.03570343192334968,-0.0016030527844311804,0.11940298507462677,0.023217558199933208,0.0,-0.0,5.72344859584748e-05,-0.0
2020-04-08,0.0,0.77,0.03043612449988964,0.03405645287963033,0.026666666666666616,0.023230558265513415,1.0,0.03043612449988964,0.0010365464398690537,0.0
2020-04-09,0.0,0.73,-0.041412929477236626,0.014487410153376512,-0.051948051948051965,0.02322794009147436,0.0,-0.0,-0.0005999660949895833,-0.0
2020-04-13,0.0,0.76,0.008259219589028088,-0.010104660822607414,0.041095890410958846,0.0232253219174353,0.0,0.0,-8.345661260656383e-05,0.0
2020-04-14,0.0,0.76,-0.0674227915904313,0.030572589146256046,0.0,0.02322270374339623,0.0,-0.0,-0.0020612893063879033,-0.0
2020-04-15,0.0,0.63,-0.06452702104043928,-0.022030438529415775,-0.17105263157894735,0.023220085569357174,0.0,-0.0,0.0014215585705177158,-0.0
2020-04-16,0.0,0.61,0.004694805282026149,0.005816689462164515,-0.031746031746031744,0.02321958009547238,0.0,0.0,2.7308224410875804e-05,0.0
2020-04-17,0.0,0.65,0.009345802722284358,0.026793594848223412,0.06557377049180335,0.02321907462158759,0.0,0.0,0.0002504076516723105,0.0
2020-04-20,0.0,0.63,-0.08938747278139458,-0.01788104803401469,-0.03076923076923077,0.023218569147702796,0.0,-0.0,0.0015983416944432972,-0.0
2020-04-21,0.0,0.58,-0.2440359736250306,-0.030674795694063395,-0.07936507936507942,0.023218063673818002,0.0,-0.0,0.007485753632949657,-0.0
2020-04-22,0.0,0.63,0.053802427296024025,0.022930247703843776,0.0862068965517242,0.023233176439552472,1.0,0.053802427296024025,0.0012337029849658766,0.0
2020-04-23,-0.20000000000000007,0.61,0.04712808271581714,-0.0005394221197431159,-0.031746031746031744,0.023255875133651883,1.0,0.04712808271581714,-2.5421930277994987e-05,-0.009425616543163432
2020-04-24,0.25,0.6,0.005157084423113689,0.013918057304545428,-0.016393442622950838,0.023253473177675857,0.0,0.0,7.177659652527492e-05,0.0012892711057784223
2020-04-27,-0.20000000000000007,0.67,-0.0676306309151492,0.014714069804799612,0.1166666666666667,0.023251071221699834,0.0,-0.0,-0.0009951218242281441,0.013526126183029846
2020-04-28,0.0,0.62,0.023511721797693674,-0.005242380698498916,-0.0746268656716419,0.023271949352242947,1.0,0.023511721797693674,-0.00012325739654070556,0.0
2020-04-29,0.0,0.63,0.1016618731245802,0.026583916282167053,0.016129032258064502,0.023286911696857038,1.0,0.1016618731245802,0.0027025707242321283,0.0
2020-04-30,0.25,0.64,0.12111798719385525,-0.009212446303987654,0.015873015873015817,0.02348924078761003,1.0,0.12111798719385525,-0.0011157929534704558,0.030279496798463812
2020-05-01,0.0,0.64,0.04629996260781577,-0.028059034078492195,0.0,0.02361131262692917,1.0,0.04629996260781577,-0.0012991322286456171,0.0
2020-05-04,0.0,0.64,0.02874433485365757,0.004249827591976452,0.0,0.023688139707628196,1.0,0.02874433485365757,0.00012215846737408434,0.0
2020-05-05,0.0,0.66,0.1386028839951996,0.009040556385797371,0.03125,0.023717913197811802,1.0,0.1386028839951996,0.001253047187992734,0.0
2020-05-06,0.0,0.72,-0.040361641191932196,-0.006979410390386298,0.09090909090909083,0.023716660190404304,0.0,-0.0,0.0002817004579080152,-0.0
2020-05-07,0.0,0.63,-0.008748325534617574,0.011504630788313985,-0.125,0.023715407182996806,0.0,-0.0,-0.00010064625529175475,-0.0
2020-05-08,0.0,0.69,0.05125594962009705,0.016871538638701944,0.09523809523809512,0.023732420803941428,1.0,0.05125594962009705,0.0008647667344788277,0.0
2020-05-11,0.0,0.73,-0.043267684284709396,0.00013307822091168653,0.05797101449275366,0.02372925561177489,0.0,-0.0,-5.757986447577665e-06,-0.0
2020-05-12,0.0,0.69,0.01181236555460874,-0.020500317528877154,-0.0547945205479452,0.023726090419608332,0.0,0.0,-0.00024215724463665024,0.0
2020-05-13,0.0,0.64,-0.026350867919985976,-0.01746272460422804,-0.0724637681159419,0.023722925227441793,0.0,-0.0,0.0004601579495691025,-0.0
2020-05-14,0.0,0.63,0.06646106855823719,0.01152482269503552,-0.015625,0.023751411956940686,1.0,0.06646106855823719,0.0007659520312562836,0.0
2020-05-15,0.0,0.64,0.04400902268446005,0.0039263632504382695,0.015873015873015817,0.023818435329572167,1.0,0.04400902268446005,0.00017279540935596812,0.0
2020-05-18,0.0,0.73,0.07107696533203134,0.03150119163168075,0.140625,0.023850826200501746,1.0,0.07107696533203134,0.002239009105522648,0.0
2020-05-19,0.0,0.7,-0.004596375785692275,-0.010484399194493177,-0.04109589041095896,0.023848479582528403,0.0,-0.0,4.819023858510003e-05,-0.0
2020-05-20,0.0,0.68,0.03174598631112735,0.01665110025908012,-0.02857142857142847,0.02386248215025688,1.0,0.03174598631112735,0.0005286056008899666,0.0
2020-05-21,0.0,0.68,0.00867136708506333,-0.007773596407737116,0.0,0.023861558931089856,0.0,0.0,-6.740770802261817e-05,0.0
2020-05-22,0.0,0.66,-0.025790356898450217,0.002353711326488428,-0.02941176470588236,0.02386063571192283,0.0,-0.0,-6.070305514606124e-05,-0.0
2020-05-26,0.0,0.69,0.029604243359218074,0.012289184036080147,0.045454545454545414,0.023877580901354827,1.0,0.029604243359218074,0.00036381199489033447,0.0
2020-05-27,0.0,0.68,-0.03953543165247586,0.014827297215913804,-0.014492753623188248,0.023872339573723405,0.0,-0.0,-0.0005862035956707058,-0.0
2020-05-28,0.0,0.7,0.0158318713439054,-0.0021079145460738413,0.02941176470588225,0.02386709824609201,0.0,0.0,-3.337223189738781e-05,0.0
2020-05-29,0.0,0.65,0.0011334914845453348,0.004812335824971425,-0.07142857142857129,0.023866175026924986,0.0,0.0,5.454741678377559e-06,0.0
2020-06-01,0.0,0.66,0.08463056067948904,0.003751234813537785,0.01538461538461533,0.02390902886714322,1.0,0.08463056067948904,0.0003174691055101213,0.0
2020-06-02,0.19999999999999996,0.68,0.03262004201343549,0.008210832780053412,0.030303030303030276,0.023952818389139752,1.0,0.03262004201343549,0.00026783771025063564,0.006524008402687097
2020-06-03,0.0,0.77,0.005559798392717807,0.013648979133831007,0.13235294117647056,0.023948060265320634,0.0,0.0,7.588557225051253e-05,0.0
2020-06-04,0.0,0.82,0.005026407598332172,-0.0033687022311144066,0.06493506493506485,0.023943302141501532,0.0,0.0,-1.6932470490991995e-05,0.0
2020-06-05,0.16666666666666674,0.91,0.05776437763536291,0.026211650818398713,0.10975609756097571,0.02397818605520024,1.0,0.05776437763536291,0.0015140996963202524,0.009627396272560488
2020-06-08,0.0,0.88,-0.03546099354738985,0.012041579421169235,-0.03296703296703296,0.023975412731549444,0.0,-0.0,-0.00042700637015446465,-0.0
2020-06-09,0.0,0.84,0.009313751843653462,-0.007799170822611612,-0.045454545454545525,0.023972639407898653,0.0,0.0,-7.263954162806718e-05,0.0
2020-06-10,0.1428571428571428,0.75,0.013355979431389553,-0.0053130910724373814,-0.1071428571428571,0.023969866084247844,0.0,0.0,-7.096153508057313e-05,0.0019079970616270783
2020-06-11,0.0,0.66,-0.07620417781114985,-0.05894405927443824,-0.12,0.023967092760597053,0.0,-0.0,0.0044917835738602484,-0.0
2020-06-12,0.0,0.71,0.004669268709160734,0.013060843963234703,0.07575757575757569,0.02396233463677795,0.0,0.0,6.098459003276267e-05,0.0
2020-06-15,0.125,0.71,0.025561623810172573,0.008312217041285264,0.0,0.02398927934980342,1.0,0.025561623810172573,0.0002124737650378396,0.0031952029762715717
2020-06-16,0.0,0.75,0.031218474966290044,0.01896239819380252,0.05633802816901423,0.024149734393954153,1.0,0.031218474966290044,0.0005919771533140476,0.0
2020-06-17,0.0,0.74,-0.006103515761424205,-0.0036002995561740248,-0.013333333333333308,0.02412760462297563,0.0,-0.0,2.197448508695673e-05,-0.0
2020-06-18,0.0,0.71,0.019651173054574533,0.0005942198825281686,-0.04054054054054057,0.02410547485199721,0.0,0.0,1.167711774402999e-05,0.0
2020-06-19,0.0,0.7,0.016381602810690454,-0.005649494809462974,-0.014084507042253502,0.02408334508101879,0.0,0.0,-9.254778004967979e-05,0.0
2020-06-22,-0.11111111111111105,0.71,0.021095122856493065,0.006495095537691675,0.014285714285714235,0.02406121531004037,0.0,0.0,0.00013701483833226578,-0.002343902539610339
2020-06-23,0.0,0.72,-0.010445699717103185,0.004307419569164139,0.014084507042253502,0.02403908553906195,0.0,-0.0,-4.499401137506257e-05,-0.0
2020-06-24,0.0,0.69,-0.054421760185210166,-0.025855145939064572,-0.04166666666666674,0.024016955768083426,0.0,-0.0,0.0014070825518493826,-0.0
2020-06-25,0.0,0.68,0.018357673990550882,0.010959447267809841,-0.014492753623188248,0.023994825997105007,0.0,0.0,0.00020118996005908665,0.0
2020-06-26,0.0,0.64,-0.000730786354553481,-0.024226905044785974,-0.05882352941176472,0.023992052673454216,0.0,-0.0,1.770469161979248e-05,-0.0
2020-06-29,0.0,0.64,0.01682102922986184,0.014685678433118632,0.0,0.02398927934980342,0.0,0.0,0.0002470282261838401,0.0
2020-06-30,0.0,0.66,-0.013425978683423656,0.015409875731554612,0.03125,0.02398650602615263,0.0,-0.0,-0.00020689266308605974,-0.0
2020-07-01,0.0,0.69,0.021385108646096773,0.005022132820864389,0.045454545454545414,0.02398373270250182,0.0,0.0,0.00010739885600931342,0.0
2020-07-02,0.125,0.68,0.026409722640732713,0.004541250844364075,-0.014492753623188248,0.02410547485199721,1.0,0.026409722640732713,0.00011993317524164847,0.003301215330091589
2020-07-06,0.0,0.69,-0.0009272349581196382,0.01588172586745884,0.014705882352941124,0.02408334508101879,0.0,-0.0,-1.4726091419580772e-05,-0.0
2020-07-07,0.0,0.65,-0.000463959252305135,-0.010818532028197159,-0.05797101449275355,0.02406121531004037,0.0,-0.0,5.01935803084151e-06,-0.0
2020-07-08,0.0,0.67,0.004874630351600295,0.007827461915415501,0.030769230769230882,0.02403908553906195,0.0,0.0,3.815598342887978e-05,0.0
2020-07-09,0.0,0.62,-0.021714077651337926,-0.005643606159361103,-0.0746268656716419,0.024016955768083426,0.0,-0.0,0.000122545702377936,-0.0
2020-07-10,0.0,0.65,0.02101542470868223,0.01046620127324438,0.048387096774193505,0.023994825997105007,0.0,0.0,0.00021995166484378134,0.0
2020-07-13,0.0,0.64,-0.012025912062409327,-0.009362541127788226,-0.015384615384615441,0.023992052673454216,0.0,-0.0,0.00011259309628347186,-0.0
2020-07-14,0.0,0.63,0.00421349016929673,0.013406370782667931,-0.015625,0.02398927934980342,0.0,0.0,5.6487611498718235e-05,0.0
2020-07-15,0.11111111111111116,0.64,0.020745905780715557,0.009082050740923053,0.015873015873015817,0.02398650602615263,0.0,0.0,0.00018841536896686757,0.0023051006423017296
2020-07-16,0.0,0.62,-0.00959127597308751,-0.0034061012455366413,-0.03125,0.02398373270250182,0.0,-0.0,3.2668857038219025e-05,-0.0
2020-07-17,-0.10000000000000009,0.64,-0.005303194556162127,0.002848612194617406,0.032258064516129004,0.02398095937885103,0.0,-0.0,-1.5106744683112078e-05,0.0005303194556162132
2020-07-20,0.11111111111111116,0.62,0.003245233927426261,0.0084069387471426,-0.03125,0.02397818605520024,0.0,0.0,2.728248284802159e-05,0.00036058154749180695
2020-07-21,0.0,0.61,0.024029596692706656,0.0016790373419135474,-0.016129032258064502,0.02400525720578551,1.0,0.024029596692706656,4.034659015817675e-05,0.0
2020-07-22,-0.10000000000000009,0.6,-0.0006768677685793367,0.005747082068739751,-0.016393442622950838,0.024001780136225347,0.0,-0.0,-3.890014615710193e-06,6.768677685793374e-05
2020-07-23,0.0,0.59,-0.022126880153049533,-0.012319859824193036,-0.01666666666666672,0.02399830306666517,0.0,-0.0,0.0002726000618322892,-0.0
2020-07-24,0.0,0.59,0.0006926524669974565,-0.006190400054688405,0.0,0.023994825997105007,0.0,0.0,-4.287795869581114e-06,0.0
2020-07-27,0.11111111111111116,0.62,0.0016151290857815415,0.007395138795039502,0.05084745762711873,0.023992052673454216,0.0,0.0,1.1944103761259761e-05,0.00017945878730906025
2020-07-28,0.0,0.59,-0.004376840068574972,-0.006473392152297919,-0.048387096774193616,0.02398927934980342,0.0,-0.0,2.8333002151776307e-05,-0.0
2020-07-29,0.0,0.58,0.012262812686895552,0.01242838167815008,-0.016949152542372947,0.02398650602615263,0.0,0.0,0.00015240691652039905,0.0
2020-07-30,0.0,0.55,-0.018514317103794697,-0.003750251937389204,-0.051724137931034364,0.02398373270250182,0.0,-0.0,6.943335358794415e-05,-0.0
2020-07-31,0.0,0.55,0.008383805818932721,0.007670504990141325,0.0,0.02398095937885103,0.0,0.0,6.430802437049932e-05,0.0
2020-08-03,0.0,0.56,0.01963053819388616,0.00718102343932614,0.0181818181818183,0.02397818605520024,0.0,0.0,0.00014096735489688354,0.0
2020-08-04,0.0,0.52,0.006341987986857811,0.0036119303819721615,-0.07142857142857151,0.023975412731549444,0.0,0.0,2.2906819091834195e-05,0.0
2020-08-05,0.0,0.55,0.01665536481401575,0.006429743053199433,0.05769230769230771,0.023972639407898653,0.0,0.0,0.00010708971621142002,0.0
2020-08-06,0.0,0.55,-0.001771043161396868,0.00642769555966427,0.0,0.023969866084247844,0.0,-0.0,-1.138372626448442e-05,-0.0
2020-08-07,0.0,0.57,-0.015302697369127927,0.0006330295486443038,0.036363636363636154,0.023967092760597053,0.0,-0.0,-9.687059608619428e-06,-0.0
2020-08-10,0.0,0.59,0.013288291268278574,0.002742218294476073,0.03508771929824572,0.02396233463677795,0.0,0.0,3.6439395418200165e-05,0.0
2020-08-11,0.0,0.64,-0.010891346081041031,-0.007969132154236114,0.0847457627118644,0.023957576512958854,0.0,-0.0,8.679457625733757e-05,-0.0
2020-08-12,0.0,0.69,0.0208988832623771,0.013996549490237653,0.078125,0.023952818389139752,0.0,0.0,0.00029251225387256043,0.0
2020-08-13,0.0,0.71,-0.01034561341725504,-0.002047174350497949,0.02898550724637694,0.023948060265320634,0.0,-0.0,2.1179274427971953e-05,-0.0
2020-08-14,0.0,0.71,-0.0035587155398179027,-0.00017188262276812694,0.0,0.023943302141501532,0.0,-0.0,6.116813606695918e-07,-0.0
2020-08-17,0.0,0.69,0.012723207690429783,0.0027098425110787527,-0.028169014084507116,0.02393854401768243,0.0,0.0,3.4477889076810744e-05,0.0
2020-08-18,-0.10000000000000009,0.67,0.0019836930726626623,0.002303389154016955,-0.02898550724637672,0.023933785893863333,0.0,0.0,4.569217108469743e-06,-0.0001983693072662664
2020-08-19,0.0,0.68,-0.001979765824910218,-0.0044043954214108005,0.014925373134328401,0.023929027770044232,0.0,-0.0,8.71967153470014e-06,-0.0
2020-08-20,0.0,0.65,-0.010359211308589189,0.0031586327691348615,-0.044117647058823595,0.023924269646225113,0.0,-0.0,-3.272094430170224e-05,-0.0
2020-08-21,0.0,0.64,-0.012249510758720272,0.0034411070444764214,-0.015384615384615441,0.023919511522406012,0.0,-0.0,-4.215187776322204e-05,-0.0
2020-08-24,0.0,0.65,0.01758743226224202,0.010043718303008653,0.015625,0.023914270194774618,0.0,0.0,0.00017664321531520505,0.0
2020-08-25,0.0,0.69,0.01617548249410694,0.0035963511532906,0.06153846153846132,0.02390902886714322,0.0,0.0,5.817271512271341e-05,0.0
2020-08-26,0.0,0.69,-0.0047972354508313275,0.010195626139483993,0.0,0.023903787539511827,0.0,-0.0,-4.891081915975516e-05,-0.0
2020-08-27,-0.11111111111111105,0.74,-0.012050816047672663,0.0016730440109038458,0.07246376811594213,0.023898546211880405,0.0,-0.0,-2.0161545615062705e-05,0.0013389795608525173
2020-08-28,0.125,0.74,-0.0008871349610107826,0.00673256535528588,0.0,0.02389330488424901,0.0,-0.0,-5.972694103964085e-06,-0.00011089187012634782
2020-08-31,0.0,0.72,0.005105428327002448,-0.0021949627140287475,-0.027027027027027084,0.023888063556617618,0.0,0.0,-1.1206224816916542e-05,0.0
2020-09-01,0.0,0.68,0.006625509272208285,0.007525003016613407,-0.05555555555555547,0.02388282222898622,0.0,0.0,4.985697725996745e-05,0.0
2020-09-02,0.0,0.66,-0.02523039665819815,0.015365910154807594,-0.02941176470588236,0.023877580901354827,0.0,-0.0,-0.0003876880082200305,-0.0
2020-09-03,0.0,0.63,-0.008102647037560917,-0.03512584371534122,-0.045454545454545525,0.023872339573723405,0.0,-0.0,0.0002846123135219373,-0.0
2020-09-04,0.0,0.72,-0.03199455087760539,-0.008133027264274895,0.1428571428571428,0.02386709824609201,0.0,-0.0,0.00026021255459579486,-0.0
2020-09-08,0.0,0.69,-0.0675105738025441,-0.027756342102360998,-0.04166666666666674,0.023866175026924986,0.0,-0.0,0.0018738465819901043,-0.0
2020-09-09,0.0,0.71,0.025389697516936982,0.02014498633677464,0.02898550724637694,0.02390902886714322,1.0,0.025389697516936982,0.0005114751095735365,0.0
2020-09-10,0.0,0.68,-0.017896531646275138,-0.01758479659017942,-0.042253521126760396,0.023903787539511827,0.0,-0.0,0.0003147068686694571,-0.0
2020-09-11,0.0,0.67,-0.0057413762943521185,0.0005330721905940639,-0.014705882352941235,0.023898546211880405,0.0,-0.0,-3.0605680382551126e-06,-0.0
2020-09-14,0.0,0.68,-0.005523505161669218,0.012741829089357504,0.014925373134328401,0.02389330488424901,0.0,-0.0,-7.037955874417316e-05,-0.0
2020-09-15,0.0,0.68,0.023226411380182777,0.005219359577689042,0.0,0.023888063556617618,0.0,0.0,0.00012122699269250274,0.0
2020-09-16,0.0,0.69,0.041697569511635946,-0.004618946596211537,0.014705882352941124,0.023933785893863333,1.0,0.041697569511635946,-0.00019259884676606483,0.0
2020-09-17,0.0,0.69,0.0255802459765877,-0.008412365876402483,0.0,0.023972639407898653,1.0,0.0255802459765877,-0.00021519038836342828,0.0
2020-09-18,0.0,0.7,-0.0034641504347477925,-0.011182581807410497,0.01449275362318847,0.023969866084247844,0.0,-0.0,3.873814562974383e-05,-0.0
2020-09-21,0.0,0.68,-0.03962926625030039,-0.011571097930805796,-0.02857142857142847,0.023967092760597053,0.0,-0.0,0.0004585541207082028,-0.0
2020-09-22,0.0,0.68,0.006756819577056428,0.010517945160813724,0.0,0.02396233463677795,0.0,0.0,7.106785777299208e-05,0.0
2020-09-23,0.0,0.68,0.0011984476413613443,-0.023721455093028143,0.0,0.023957576512958854,0.0,0.0,-2.8428921905898626e-05,0.0
2020-09-24,0.0,0.67,0.004069862750353703,0.0029874591429570607,-0.014705882352941235,0.023952818389139752,0.0,0.0,1.215854868412454e-05,0.0
2020-09-25,0.0,0.66,-0.0004768826518495306,0.0159767237756141,-0.014925373134328401,0.023948060265320634,0.0,-0.0,-7.619022401982296e-06,-0.0
2020-09-28,0.0,0.67,0.012166082025458769,0.016110590199083896,0.015151515151515138,0.023943302141501532,0.0,0.0,0.0001960027618406068,0.0
2020-09-29,0.0,0.66,-0.03299555776124108,-0.0048126645432444715,-0.014925373134328401,0.02393854401768243,0.0,-0.0,0.00015879655092209988,-0.0
2020-09-30,0.0,0.69,-0.001949744546368093,0.008253718228220741,0.045454545454545414,0.023933785893863333,0.0,-0.0,-1.6092642102732307e-05,-0.0
2020-10-01,0.0,0.68,-0.0004884116579009223,0.005292907769290922,-0.014492753623188248,0.023929027770044232,0.0,-0.0,-2.585117858716052e-06,-0.0
2020-10-02,0.0,0.7,-0.04055704458917864,-0.009577652178616392,0.02941176470588225,0.023924269646225113,0.0,-0.0,0.0003884412664677889,-0.0
2020-10-05,0.0,0.78,0.05143876837832617,0.01797270867614209,0.11428571428571432,0.023967092760597053,1.0,0.05143876837832617,0.0009244939987232062,0.0
2020-10-06,0.0,0.76,0.03293777137796394,-0.013973515692226712,-0.02564102564102566,0.023992052673454216,1.0,0.03293777137796394,-0.000460256465216955,0.0
2020-10-07,0.0,0.81,-0.015474790710420905,0.01739675486921799,0.06578947368421062,0.02398927934980342,0.0,-0.0,-0.0002692111406416442,-0.0
2020-10-08,0.0,0.78,0.03215047440241947,0.008010123642494982,-0.03703703703703709,0.024019165484026172,1.0,0.03215047440241947,0.00025752927512824993,0.0
2020-10-09,0.0,0.79,-0.011305991618404287,0.00879353312061526,0.012820512820512775,0.024015688414465993,0.0,-0.0,-9.941961175783663e-05,-0.0
2020-10-13,0.0,0.74,0.017497591583819805,-0.006306918994084421,-0.06329113924050633,0.02401221134490583,0.0,0.0,-0.00011035589271072482,0.0
2020-10-14,0.0,0.73,0.02049467411657413,-0.006623141753502759,-0.013513513513513487,0.02400873427534567,0.0,0.0,-0.00013573913186591438,0.0
2020-10-15,0.0,0.74,-0.0036934406403337228,-0.0015277553060997207,0.013698630136986356,0.02400525720578551,0.0,-0.0,5.642673536034195e-06,-0.0
2020-10-16,0.0,0.76,-0.005328997753694775,0.00013491955745537076,0.027027027027026973,0.024001780136225347,0.0,-0.0,-7.18986018609164e-07,-0.0
2020-10-19,0.0,0.78,-0.007221089473266162,-0.016329861778318078,0.026315789473684292,0.02399830306666517,0.0,-0.0,0.00011791939298730412,-0.0
2020-10-20,0.0,0.81,0.01267012972924686,0.004727334073110212,0.03846153846153855,0.023994825997105007,0.0,0.0,5.9895935979795346e-05,0.0
2020-10-21,0.0,0.83,-0.03313253730841992,-0.0021956999281005363,0.024691358024691246,0.023992052673454216,0.0,-0.0,7.274910978588595e-05,-0.0
2020-10-22,0.0,0.87,0.017493399239016716,0.005218925396392127,0.048192771084337505,0.02398927934980342,0.0,0.0,9.129674555773105e-05,0.0
2020-10-23,0.0,0.85,-0.016250556796674864,0.003445761353703114,-0.02298850574712641,0.02398650602615263,0.0,-0.0,-5.599554058613972e-05,-0.0
2020-10-26,0.0,0.81,-0.031362254223953,-0.018589516294535646,-0.04705882352941171,0.02398373270250182,0.0,-0.0,0.0005830091359295437,-0.0
2020-10-27,0.0,0.79,0.018289710707155793,-0.0030256189119989285,-0.024691358024691357,0.02398095937885103,0.0,0.0,-5.533769461055986e-05,0.0
2020-10-28,0.0,0.79,-0.050485480401391336,-0.035287878760604796,0.0,0.02397818605520024,0.0,-0.0,0.0017815255115751871,-0.0
2020-10-29,0.0,0.85,-0.03757662183389621,0.011947330894238384,0.07594936708860756,0.023975412731549444,0.0,-0.0,-0.00044894033493722075,-0.0
2020-10-30,0.0,0.88,-0.005046545383953105,-0.012129550130175693,0.03529411764705892,0.023972639407898653,0.0,-0.0,6.121232521886593e-05,-0.0
2020-11-02,0.0,0.87,0.04030972165336677,0.01231820260127181,-0.011363636363636354,0.02399830306666517,1.0,0.04030972165336677,0.0004965433181270452,0.0
2020-11-03,0.0,0.9,0.0189889104590637,0.01779929009643455,0.034482758620689724,0.023994825997105007,0.0,0.0,0.000337989125876095,0.0
2020-11-04,0.0,0.78,0.038277524371890914,0.02204704770168342,-0.1333333333333333,0.024026119623146495,1.0,0.038277524371890914,0.0008439064057294286,0.0
2020-11-05,0.0,0.79,-0.007276236730326069,0.01946019413896294,0.012820512820512775,0.024022642553586333,0.0,-0.0,-0.00014159697937319823,-0.0
2020-11-06,0.0,0.83,-0.03615928490597098,-0.00028771518741854685,0.05063291139240489,0.024019165484026172,0.0,-0.0,1.0403575433642073e-05,-0.0
2020-11-09,0.0,0.96,0.07477821814672247,0.01169988923568721,0.15662650602409633,0.024141512901216293,1.0,0.07477821814672247,0.0008748968695587084,0.0
2020-11-10,0.0,0.98,0.028537713229423556,-0.0013997945931910616,0.02083333333333326,0.024216893794163807,1.0,0.028537713229423556,-3.994693668058412e-05,0.0
2020-11-12,0.0,0.88,-0.006164394120245054,-0.009978532303877019,-0.10204081632653061,0.024216739776708927,0.0,-0.0,6.151160586269483e-05,-0.0
2020-11-13,0.0,0.89,-0.017229497381853975,0.013610335409063534,0.011363636363636465,0.02421658575925405,0.0,-0.0,-0.0002344992382966146,-0.0
2020-11-16,0.0,0.91,0.024310447526956214,0.011648051240012336,0.022471910112359605,0.02422221045288105,1.0,0.024310447526956214,0.00028316933846161713,0.0
2020-11-17,0.0,0.87,-0.0015974371362783568,-0.004791925698091615,-0.04395604395604402,0.02421993716715962,0.0,-0.0,7.654800064418135e-06,-0.0
2020-11-18,0.0,0.88,0.013485717773437544,-0.011563829610944043,0.011494252873563315,0.0242176638814382,0.0,0.0,-0.00015594654251331144,0.0
2020-11-19,-0.11111111111111105,0.86,-0.0031574061607274606,0.003946442467421596,-0.022727272727272707,0.02421750986398332,0.0,-0.0,-1.2460521759593427e-05,0.00035082290674749543
2020-11-20,0.0,0.83,0.017194531864588525,-0.006792562915180156,-0.03488372093023262,0.024217355846528444,0.0,0.0,-0.0001167949394872875,0.0
2020-11-23,0.0,0.86,0.024466243576910074,0.005635930617216234,0.03614457831325302,0.024233576881488157,1.0,0.024466243576910074,0.00013789005126337752,0.0
2020-11-24,0.0,0.88,0.03907944384266382,0.016161668273416252,0.023255813953488413,0.024243509247563955,1.0,0.03907944384266382,0.0006315890076947319,0.0
2020-11-25,0.0,0.88,0.015670706026647663,-0.001584418237524976,0.0,0.024242990496078698,0.0,0.0,-2.482895242351311e-05,0.0
2020-11-27,0.0,0.84,-0.008845922645066007,0.002396979198154181,-0.045454545454545525,0.02424247174459344,0.0,-0.0,-2.120349256870423e-05,-0.0
2020-11-30,0.125,0.84,-0.012245748211929919,-0.004595548640170977,0.0,0.024241952993108187,0.0,-0.0,5.6275931543210705e-05,-0.0015307185264912399
2020-12-01,0.0,0.92,-0.0035722206996743333,0.011271187194776155,0.09523809523809534,0.02424143424162293,0.0,-0.0,-4.026316820708366e-05,-0.0
2020-12-02,0.0,0.95,0.017503202511683025,0.0017911667548251575,0.032608695652173836,0.024240915490137672,0.0,0.0,3.135115444189883e-05,0.0
2020-12-03,0.0,0.92,0.00953365978181675,-0.000624157213091503,-0.03157894736842093,0.024240396738652414,0.0,0.0,-5.950502519981289e-06,0.0
2020-12-04,0.0,0.97,0.011086038301722834,0.008836275129611826,0.05434782608695654,0.024238123452930995,0.0,0.0,9.79592845314376e-05,0.0
2020-12-07,0.0,0.94,-0.009340082933454896,-0.0019356376714373402,-0.030927835051546393,0.024235850167209576,0.0,-0.0,1.8079016380344276e-05,-0.0
2020-12-08,0.0,0.92,0.001024784507528853,0.002787148065356293,-0.02127659574468077,0.024233576881488157,0.0,0.0,2.8562261575661443e-06,0.0
2020-12-09,0.0,0.95,0.00040950978094156376,-0.007949201604598555,0.032608695652173836,0.024231303595766727,0.0,0.0,-3.2552758077594815e-06,0.0
2020-12-10,0.0,0.92,0.028448615887940676,-0.0012851080682624305,-0.03157894736842093,0.024242990496078698,1.0,0.028448615887940676,-3.655954580849133e-05,0.0
2020-12-11,0.0,0.9,-0.005572115010883061,-0.0012649972997506032,-0.021739130434782594,0.02424247174459344,0.0,-0.0,7.0487104426668745e-06,-0.0
2020-12-14,0.0,0.9,0.006403836041765754,-0.004359258971957769,0.0,0.024241952993108187,0.0,0.0,-2.7915979720013886e-05,0.0
2020-12-15,0.0,0.92,0.009345742641669874,0.012921249154708825,0.022222222222222143,0.02424143424162293,0.0,0.0,0.00012075866920880308,0.0
2020-12-16,0.0,0.92,0.0063042458649122946,0.0017727951669590514,0.0,0.024240915490137672,0.0,0.0,1.11761366006381e-05,0.0
2020-12-17,0.0,0.94,0.008222360099642056,0.005757654753379748,0.021739130434782483,0.024240396738652414,0.0,0.0,4.734151071170407e-05,0.0
2020-12-18,0.0,0.95,0.014757248961809744,-0.0035111185091528663,0.010638297872340496,0.024238123452930995,0.0,0.0,-5.181444997398711e-05,0.0
2020-12-21,0.0,0.95,-0.02583234821048286,-0.0039062790518439305,0.0,0.024235850167209576,0.0,-0.0,0.00010090836067454724,-0.0
2020-12-22,0.0,0.93,-0.016303241383718303,-0.002073092860288006,-0.021052631578947323,0.024233576881488157,0.0,-0.0,3.3798133312138364e-05,-0.0
2020-12-23,0.0,0.96,0.022364195106523654,0.000745811250824957,0.032258064516129004,0.024231303595766727,0.0,0.0,1.667946832608979e-05,0.0
2020-12-24,0.0,0.94,0.001757815454038747,0.0035365890047962534,-0.02083333333333337,0.024229030310045307,0.0,0.0,6.216670807214366e-06,0.0
2020-12-28,0.0,0.94,-0.008383706326774543,0.008722529021144565,0.0,0.024226757024323888,0.0,-0.0,-7.312712174004425e-05,-0.0
2020-12-29,0.0,0.94,0.004522208798194871,-0.00222738052560012,0.0,0.02422448373860247,0.0,0.0,-1.007267980979678e-05,0.0
2020-12-30,0.0,0.93,0.004893325489397915,0.0013415471654707467,-0.010638297872340274,0.02422221045288105,0.0,0.0,6.564626940027527e-06,0.0
2020-12-31,0.0,0.93,0.008959857481602773,0.006438845522919845,0.0,0.02421993716715962,0.0,0.0,5.769113823141789e-05,0.0
2021-01-04,0.0,0.93,-0.013706546234168338,-0.014754827521051062,0.0,0.0242176638814382,0.0,-0.0,0.00020223772559446577,-0.0
2021-01-05,0.0,0.96,0.049128955060417256,0.007082595157549276,0.032258064516129004,0.024238123452930995,1.0,0.049128955060417256,0.0003479604992063673,0.0
2021-01-06,0.0,1.04,0.01305971609826484,0.005709842747752214,0.08333333333333348,0.024235850167209576,0.0,0.0,7.456892525138034e-05,0.0
2021-01-07,0.0,1.08,0.0014733302427025752,0.014847403800101189,0.03846153846153855,0.024233576881488157,0.0,0.0,2.1875129044306223e-05,0.0
2021-01-08,0.0,1.13,0.029606483610305823,0.005491862685268911,0.04629629629629606,0.024243509247563955,1.0,0.029606483610305823,0.00016259474258146416,0.0
2021-01-11,0.0,1.15,-0.005893942153275655,-0.006554750898592476,0.017699115044247815,0.024242990496078698,0.0,-0.0,3.863332262543568e-05,-0.0
2021-01-12,0.0,1.15,0.01652896130371362,0.0004157884466327033,0.0,0.02424247174459344,0.0,0.0,6.872551144923148e-06,0.0
2021-01-13,0.0,1.1,-0.009190534481005708,0.0022756417379066196,-0.04347826086956508,0.024241952993108187,0.0,-0.0,-2.091436385864654e-05,-0.0
2021-01-14,0.0,1.15,0.006421633728782128,-0.0037534511943366766,0.04545454545454519,0.02424143424162293,0.0,0.0,-2.4103288788889964e-05,0.0
2021-01-15,0.0,1.11,-0.023395954230122085,-0.007190027975370938,-0.03478260869565197,0.024240915490137672,0.0,-0.0,0.00016821756542507584,-0.0
2021-01-19,0.0,1.1,0.014519112049223626,0.008136379515524483,-0.009009009009009028,0.024240396738652414,0.0,0.0,0.00011813300586090782,0.0
2021-01-20,0.0,1.1,0.0032200411495955095,0.013935625421946263,0.0,0.024238123452930995,0.0,0.0,4.487328730401625e-05,0.0
2021-01-21,-0.11111111111111105,1.12,0.0003565735095132361,0.0003167233075522802,0.0181818181818183,0.024235850167209576,0.0,0.0,1.1293514131855657e-07,-3.961927883480399e-05
2021-01-22,0.0,1.1,-0.012299441095836805,-0.0030106116552376383,-0.017857142857142905,0.024233576881488157,0.0,-0.0,3.702884071603508e-05,-0.0
2021-01-25,0.0,1.05,0.008482245479108697,0.0036158389430824833,-0.045454545454545525,0.024231303595766727,0.0,0.0,3.0670433528146565e-05,0.0
2021-01-26,0.0,1.05,0.00053684285475053,-0.0014888337468982327,0.0,0.024229030310045307,0.0,0.0,-7.992697589337752e-07,0.0
2021-01-27,0.0,1.04,-0.001788561516616105,-0.025677883699462,-0.00952380952380949,0.024226757024323888,0.0,-0.0,4.592647461300172e-05,-0.0
2021-01-28,-0.12499999999999989,1.07,-0.0050170683946290096,0.009760625975629766,0.028846153846153966,0.02422448373860247,0.0,-0.0,-4.896972809412704e-05,0.0006271335493286257
2021-01-29,0.0,1.11,0.006302940689940195,-0.019311475173124593,0.03738317757009346,0.02422221045288105,0.0,0.0,-0.00012171908265145686,0.0
2021-02-01,0.1428571428571428,1.09,0.008410833876558943,0.016051767614439383,-0.018018018018018056,0.02421993716715962,0.0,0.0,0.00013500875083017849,0.001201547696651277
2021-02-02,0.0,1.12,0.01969832547309358,0.013898223484416938,0.02752293577981657,0.0242176638814382,0.0,0.0,0.0002737717296938376,0.0
2021-02-03,0.0,1.15,0.017403411345863207,0.0010087690809532646,0.02678571428571419,0.02421750986398332,0.0,0.0,1.7556023268818044e-05,0.0
2021-02-04,0.0,1.15,0.006500189429803793,0.010853322230420792,0.0,0.024217355846528444,0.0,0.0,7.054865044043577e-05,0.0
2021-02-05,0.0,1.19,0.008497620644176918,0.003897495164625342,0.034782608695652195,0.024217201829073564,0.0,0.0,3.311943537150002e-05,0.0
2021-02-08,-0.12499999999999989,1.19,0.020559508216481115,0.007399348360373592,0.0,0.024217047811618687,0.0,0.0,0.00015212696341170692,-0.002569938527060137
2021-02-09,0.1428571428571428,1.18,0.008751630899576313,-0.0011135249921484514,-0.008403361344537785,0.024216893794163807,0.0,0.0,-9.745159728736858e-06,0.0012502329856537585
2021-02-10,0.0,1.15,0.0062203481284348605,-0.00034518493235935477,-0.025423728813559365,0.024216739776708927,0.0,0.0,-2.147170447965426e-06,0.0
2021-02-11,0.0,1.16,-0.005368502106740558,0.0016624551635393559,0.008695652173912993,0.02421658575925405,0.0,-0.0,-8.92489404782275e-06,-0.0
2021-02-12,0.0,1.2,0.021099131966065388,0.0047110331133788375,0.034482758620689724,0.02421643174179917,0.0,0.0,9.939870935568397e-05,0.0
2021-02-16,0.0,1.3,0.014736475483711375,-0.0005692724183511411,0.08333333333333348,0.024216277724344294,0.0,0.0,-8.389069036584675e-06,0.0
2021-02-17,0.0,1.29,0.015627433111524924,-0.0003204020092266724,-0.007692307692307665,0.024216123706889414,0.0,0.0,-5.007060967988014e-06,0.0
2021-02-18,-0.12499999999999989,1.29,-0.006372335344280944,-0.004415835627354592,0.0,0.024197471005471156,0.0,-0.0,2.813918544272668e-05,0.0007965419180351172
2021-02-19,0.0,1.34,-0.015954957811584625,-0.0018548966445751658,0.03875968992248069,0.024178818304052895,0.0,-0.0,2.959479770904665e-05,-0.0
2021-02-22,0.0,1.37,0.03703700559543499,-0.0077328394581538396,0.02238805970149249,0.024217201829073564,1.0,0.03703700559543499,-0.00028640121828024423,0.0
2021-02-23,0.0,1.37,0.001992717459678106,0.0012563181187927874,0.0,0.024217047811618687,0.0,0.0,2.5034870502283407e-06,0.0
2021-02-24,0.0,1.38,0.02554685786719868,0.01135161376597904,0.007299270072992581,0.024229030310045307,1.0,0.02554685786719868,0.00028999806344280247,0.0
2021-02-25,0.0,1.54,-0.002386689438011569,-0.02447880752512621,0.11594202898550732,0.024226757024323888,0.0,-0.0,5.8423311375336843e-05,-0.0
2021-02-26,0.0,1.44,-0.011214115293069482,-0.004750214169902844,-0.06493506493506496,0.02422448373860247,0.0,-0.0,5.326944936806284e-05,-0.0
2021-03-01,0.0,1.45,-0.03689700178511457,0.023790763506800205,0.00694444444444442,0.02422221045288105,0.0,-0.0,-0.0008778078435796457,-0.0
2021-03-02,0.0,1.42,-0.01554400824487323,-0.008080851690870694,-0.020689655172413834,0.02421993716715962,0.0,-0.0,0.00012560882530849186,-0.0
2021-03-03,0.0,1.47,0.021850062443612206,-0.01306622187199813,0.035211267605633756,0.0242176638814382,0.0,0.0,-0.0002854977638052507,0.0
2021-03-04,0.0,1.54,0.04167314158986968,-0.013417213930100202,0.04761904761904767,0.024238123452930995,1.0,0.04167314158986968,-0.0005591374558506375,0.0
2021-03-05,0.0,1.56,0.039256859910754116,0.01949596819778221,0.012987012987013102,0.02424454675053447,1.0,0.039256859910754116,0.0007653504923648536,0.0
2021-03-08,0.0,1.59,-0.01614767498163594,-0.005359231030161227,0.019230769230769162,0.024244027999049213,0.0,-0.0,8.653912082654145e-05,-0.0
2021-03-09,0.0,1.55,-0.010551014701678296,0.01415464230382213,-0.02515723270440251,0.024243509247563955,0.0,-0.0,-0.00014934583904462482,-0.0
2021-03-10,0.0,1.53,0.005628034681656402,0.006030313342701321,-0.012903225806451646,0.024242990496078698,0.0,0.0,3.3938812633978385e-05,0.0
2021-03-11,0.0,1.54,0.025478581570866465,0.010395487004435822,0.006535947712418277,0.02427152956288548,1.0,0.025478581570866465,0.0002648622636114004,0.0
2021-03-12,0.0,1.64,-0.005888209807371703,0.0010153984958789497,0.06493506493506485,0.02426504323554036,0.0,-0.0,-5.978879381824907e-06,-0.0
2021-03-15,0.0,1.62,-0.004911932408106723,0.006491921301497117,-0.012195121951219412,0.024258556908195245,0.0,-0.0,-3.1887878631702064e-05,-0.0
2021-03-16,0.0,1.62,-0.007113790408074028,-0.0015696837343783798,0.0,0.024252070580850098,0.0,-0.0,1.1166401093330738e-05,-0.0
2021-03-17,0.0,1.63,-0.005702579223994975,0.00287938213053085,0.006172839506172645,0.02424558425350498,0.0,-0.0,-1.641990471550761e-05,-0.0
2021-03-18,0.0,1.71,-0.06941178265739889,-0.014760539319459198,0.04907975460122693,0.024245065502019724,0.0,-0.0,0.0010245553471482924,-0.0
2021-03-19,0.0,1.74,0.019753476992938168,-0.0006027039747036333,0.01754385964912286,0.02424454675053447,0.0,0.0,-1.1905499097860609e-05,0.0
2021-03-22,0.0,1.69,0.0013947616455562972,0.007025118077311765,-0.028735632183908066,0.024244027999049213,0.0,0.0,9.798365249738649e-06,0.0
2021-03-23,0.0,1.63,-0.059269601799224136,-0.007630854183940605,-0.03550295857988173,0.024243509247563955,0.0,-0.0,0.0004522776888701031,-0.0
2021-03-24,0.0,1.62,0.059549312256341524,-0.00546733601831495,-0.006134969325153228,0.024278015890230598,1.0,0.059549312256341524,-0.0003255760997649799,0.0
2021-03-25,0.0,1.63,-0.038192870040420046,0.005240265846959469,0.006172839506172645,0.02427152956288548,0.0,-0.0,-0.00020014079247017468,-0.0
2021-03-26,0.0,1.67,0.04229215334331582,0.016631202604519668,0.024539877300613577,0.024348135929117286,1.0,0.04229215334331582,0.0007033693708340992,0.0
2021-03-29,0.0,1.73,0.006349754747516867,-0.0008680126852336212,0.03592814371257491,0.02433557312839695,0.0,0.0,-5.51166766896705e-06,0.0
2021-03-30,0.0,1.73,-0.012927114864415001,-0.0031578329337678124,0.0,0.02432301032767655,0.0,-0.0,4.082166905744912e-05,-0.0
2021-03-31,-0.14285714285714302,1.74,-0.009354513249620111,0.0036224990395776757,0.005780346820809301,0.024310447526956214,0.0,-0.0,-3.3886715262465495e-05,0.0013363590356600173
2021-04-01,0.16666666666666674,1.69,0.020774310289656484,0.011825201774944727,-0.028735632183908066,0.024303961199611097,0.0,0.0,0.00024566041091049837,0.003462385048276082
2021-04-05,0.0,1.73,-0.04178228583057009,0.014438226417743616,0.02366863905325456,0.024297474872265978,0.0,-0.0,-0.0006032621030726518,-0.0
2021-04-06,0.0,1.67,0.00949316392763433,-0.0009735307519511682,-0.034682080924855474,0.02429098854492086,0.0,0.0,-9.241887016865554e-06,0.0
2021-04-07,0.0,1.68,0.006694264547485007,0.001475232784985625,0.0059880239520957446,0.024284502217575714,0.0,0.0,9.875598531816843e-06,0.0
2021-04-08,0.0,1.64,0.0006333267198224135,0.0042206328286402695,-0.023809523809523836,0.024278015890230598,0.0,0.0,2.6730395449375367e-06,0.0
2021-04-09,0.0,1.67,-0.003955696154779198,0.007719934348738189,0.018292682926829285,0.02427152956288548,0.0,-0.0,-3.053771461845151e-05,-0.0
2021-04-12,0.0,1.69,0.00524222418360476,-0.00019607884876882142,0.011976047904191711,0.02426504323554036,0.0,0.0,-1.027889282909296e-06,0.0
2021-04-13,0.0,1.64,0.0061630751765442415,0.0032944868090414303,-0.029585798816568087,0.024258556908195245,0.0,0.0,2.0304169872255687e-05,0.0
2021-04-14,0.0,1.64,0.04570447221292229,-0.004087726727828533,0.0,0.02432301032767655,1.0,0.04570447221292229,-0.00018682739264605896,0.0
2021-04-15,0.0,1.56,0.005407038156368005,0.01109419052516647,-0.04878048780487798,0.024310447526956214,0.0,0.0,5.9986711483591496e-05,0.0
2021-04-16,0.0,1.59,-0.002539674217798993,0.0036088195555097347,0.019230769230769162,0.024303961199611097,0.0,-0.0,-9.165225981816894e-06,-0.0
2021-04-19,0.0,1.61,0.004193596267321187,-0.005306560094486046,0.012578616352201255,0.024297474872265978,0.0,0.0,-2.2253570604552247e-05,0.0
2021-04-20,0.0,1.58,-0.007158886429327493,-0.006802319771775922,-0.018633540372670843,0.02429098854492086,0.0,-0.0,4.869703470211274e-05,-0.0
2021-04-21,0.0,1.57,-0.01877722706519991,0.009306055472153574,-0.006329113924050667,0.024284502217575714,0.0,-0.0,-0.0001747419166819738,-0.0
2021-04-22,0.0,1.57,0.001224767780594771,-0.009210657476561801,0.0,0.024278015890230598,0.0,0.0,-1.128091651538723e-05,0.0
2021-04-23,0.0,1.58,0.010856254860968306,0.010928696540176919,0.006369426751592355,0.02427152956288548,0.0,0.0,0.00011864471493834318,0.0
2021-04-26,0.0,1.58,-0.0069580862233517005,0.001782270924804541,0.0,0.02426504323554036,0.0,-0.0,-1.2401194768162771e-05,-0.0
2021-04-27,0.0,1.63,0.011728813787808878,-0.00021489588801437698,0.03164556962025311,0.024258556908195245,0.0,0.0,-2.5204738542864573e-06,0.0
2021-04-28,0.0,1.63,0.012797327575334139,-0.0008455399168898481,0.0,0.024252070580850098,0.0,0.0,-1.0820651294460188e-05,0.0
2021-04-29,-0.14285714285714302,1.65,0.01917646766614345,0.006762806734045723,0.012269938650306678,0.02424558425350498,0.0,0.0,0.000129686744667805,-0.0027394953808776387
2021-04-30,-0.16666666666666663,1.65,-0.019107316295835397,-0.007194706699326425,0.0,0.024245065502019724,0.0,-0.0,0.0001374715365597959,0.0031845527159725653
2021-05-03,0.19999999999999996,1.63,0.004609629124070702,0.002748090747253684,-0.012121212121212088,0.02424454675053447,0.0,0.0,1.2667679144129801e-05,0.0009219258248141403
2021-05-04,0.0,1.61,0.019538184466028286,-0.006678337608227225,-0.012269938650306678,0.024244027999049213,0.0,0.0,-0.00013048259211595765,0.0
2021-05-05,0.0,1.59,0.0011614668154000807,0.0007034637617677753,-0.012422360248447228,0.024243509247563955,0.0,0.0,8.170498151297789e-07,0.0
2021-05-06,0.0,1.58,-0.012616049276861552,0.008165456466051824,-0.0062893081761006275,0.024242990496078698,0.0,-0.0,-0.0001030158011437776,-0.0
2021-05-07,0.0,1.6,0.002790460443901077,0.007373341616968343,0.012658227848101333,0.02424247174459344,0.0,0.0,2.057501812151977e-05,0.0
2021-05-10,0.0,1.63,0.0005858365003292842,-0.010435647322188157,0.018749999999999822,0.024241952993108187,0.0,0.0,-6.113583105901377e-06,0.0
2021-05-11,0.0,1.64,0.003366559689124582,-0.00867391280271812,0.006134969325153339,0.02424143424162293,0.0,0.0,-2.9201245188612446e-05,0.0
2021-05-12,0.0,1.69,0.011232627407544049,-0.021449400664502738,0.030487804878048808,0.024240915490137672,0.0,0.0,-0.00024093312577948698,0.0
2021-05-13,0.0,1.66,-0.03274663377178144,0.012173141406923493,-0.017751479289940808,0.024240396738652414,0.0,-0.0,-0.0003986294035046319,-0.0
2021-05-14,0.0,1.63,0.024757583253701698,0.014917956876899785,-0.01807228915662651,0.024245065502019724,1.0,0.024757583253701698,0.0003693325593549782,0.0
2021-05-17,0.0,1.64,0.01091544185698412,-0.0025300521932207776,0.006134969325153339,0.02424454675053447,0.0,0.0,-2.7616637610236552e-05,0.0
2021-05-18,0.0,1.64,-0.010797581484098484,-0.008517292959364653,0.0,0.024244027999049213,0.0,-0.0,9.196616475267815e-05,-0.0
2021-05-19,0.0,1.68,-0.029835474453186905,-0.002943411456817757,0.024390243902439046,0.024243509247563955,0.0,-0.0,8.781807732510384e-05,-0.0
2021-05-20,0.0,1.63,-0.023252369736049938,0.010554741756143349,-0.029761904761904767,0.024242990496078698,0.0,-0.0,-0.0002454227577823702,-0.0
2021-05-21,0.0,1.63,0.020426997674505287,-0.0007838806801412357,0.0,0.02424247174459344,0.0,0.0,-1.6012328830334644e-05,0.0
2021-05-24,0.0,1.61,0.030403319819981123,0.009911292190138532,-0.012269938650306678,0.02426504323554036,1.0,0.030403319819981123,0.00030133618628606294,0.0
2021-05-25,0.0,1.56,0.002775378965047981,-0.0021252837802967495,-0.03105590062111807,0.024258556908195245,0.0,0.0,-5.898467898593253e-06,0.0
2021-05-26,0.0,1.58,0.0032046790358801758,0.0018768165702687245,0.012820512820512775,0.024252070580850098,0.0,0.0,6.0145947169327144e-06,0.0
2021-05-27,0.0,1.61,0.008566811592292334,0.0011653145418315525,0.018987341772152,0.02424558425350498,0.0,0.0,9.983030125629373e-06,0.0
2021-05-28,-0.16666666666666663,1.58,0.0024474254417794494,0.0007688818911402162,-0.018633540372670843,0.024245065502019724,0.0,0.0,1.881781102100062e-06,-0.0004079042402965748
2021-06-01,0.19999999999999996,1.62,0.008904247752955285,-0.0004923335226864056,0.025316455696202445,0.02424454675053447,0.0,0.0,-4.3838596630849874e-06,0.0017808495505910566
2021-06-02,0.0,1.59,0.01565834126862775,0.0014469348384307246,-0.01851851851851849,0.024244027999049213,0.0,0.0,2.2656599493615043e-05,0.0
2021-06-03,0.0,1.63,-0.0005606295218332225,-0.0036287033416374515,0.025157232704402288,0.024243509247563955,0.0,-0.0,2.034358219296821e-06,-0.0
2021-06-04,0.0,1.56,0.008133527568530807,0.008834095710505974,-0.04294478527607348,0.024242990496078698,0.0,0.0,7.185236100444009e-05,0.0
2021-06-07,0.0,1.57,-0.005564077469397022,-0.0007967387044511831,0.0064102564102563875,0.02424247174459344,0.0,-0.0,4.4331158744334e-06,-0.0
2021-06-08,0.0,1.53,0.01021126561403296,0.00017502486450582388,-0.02547770700636942,0.024241952993108187,0.0,0.0,1.7872253805290974e-06,0.0
2021-06-09,0.0,1.5,0.0,-0.0018238673194856947,-0.019607843137254943,0.02424143424162293,0.0,0.0,-0.0,0.0
2021-06-10,0.0,1.45,0.004153910513605474,0.004652243012262192,-0.033333333333333326,0.024240915490137672,0.0,0.0,1.932500116048352e-05,0.0
2021-06-11,0.0,1.47,0.00234426097916951,0.0019484346695590737,0.01379310344827589,0.024240396738652414,0.0,0.0,4.567639366308375e-06,0.0
2021-06-14,0.0,1.51,0.002338673314564055,0.0018152018730952513,0.027210884353741527,0.024238123452930995,0.0,0.0,4.245164181154552e-06,0.0
2021-06-15,0.0,1.51,0.015509157891187675,-0.0020116937805257917,0.0,0.024235850167209576,0.0,0.0,-3.1199676470894746e-05,0.0
2021-06-16,0.0,1.57,0.00540615674317757,-0.005390124612855707,0.039735099337748325,0.024233576881488157,0.0,0.0,-2.913985852235727e-05,0.0
2021-06-17,0.6666666666666667,1.52,-0.017609861128403792,-0.00043571559205179966,-0.031847133757961776,0.024231303595766727,0.0,-0.0,7.672891067512432e-06,-0.011739907418935863
2021-06-18,0.0,1.45,0.005883966809002716,-0.013124468779900589,-0.046052631578947456,0.024229030310045307,0.0,0.0,-7.722393868672744e-05,0.0
2021-06-21,0.0,1.5,0.0189089831214051,0.014002289962720793,0.034482758620689724,0.024226757024323888,0.0,0.0,0.0002647690645661075,0.0
2021-06-22,0.0,1.48,-0.0012016550794602399,0.005124491902218642,-0.013333333333333308,0.02422448373860247,0.0,-0.0,-6.157871723953898e-06,-0.0
2021-06-23,0.0,1.5,0.005079600256835626,-0.0010832833431588806,0.013513513513513598,0.02422221045288105,0.0,0.0,-5.502646348135605e-06,0.0
2021-06-24,0.0,1.49,0.004920802037156946,0.005811249724885448,-0.00666666666666671,0.02421993716715962,0.0,0.0,2.8596009484644053e-05,0.0
2021-06-25,0.0,1.54,0.008205436297178847,0.0033305973193167304,0.033557046979865834,0.0242176638814382,0.0,0.0,2.7329004135208068e-05,0.0
2021-06-28,0.0,1.49,-0.01969020732463933,0.0023149642620619026,-0.032467532467532534,0.02421750986398332,0.0,-0.0,-4.558212626912956e-05,-0.0
2021-06-29,0.0,1.49,0.0010712617933552604,0.00027733619326086867,0.0,0.024217355846528444,0.0,0.0,2.9709966775495924e-07,0.0
2021-06-30,-0.20000000000000007,1.45,0.004949105224920647,0.0013281596467464851,-0.02684563758389269,0.024217201829073564,0.0,0.0,6.57320184724179e-06,-0.0009898210449841298
2021-07-01,0.25,1.48,0.009450274330209174,0.0052216268542757405,0.020689655172413834,0.024217047811618687,0.0,0.0,4.934580622289291e-05,0.0023625685825522935
2021-07-02,0.0,1.44,0.00435129017655056,0.007500081663913916,-0.027027027027027084,0.024216893794163807,0.0,0.0,3.2635031667515596e-05,0.0
2021-07-06,0.0,1.37,-0.02153077890340649,-0.0020218560598241897,-0.04861111111111105,0.024216739776708927,0.0,-0.0,4.353213579858723e-05,-0.0
2021-07-07,0.0,1.33,-0.01475913715467081,0.003358975310182588,-0.02919708029197088,0.02421658575925405,0.0,-0.0,-4.957557730213774e-05,-0.0
2021-07-08,0.0,1.3,0.009396737553296841,-0.008561024934316985,-0.022556390977443663,0.02421643174179917,0.0,0.0,-8.044570449500704e-05,0.0
2021-07-09,0.0,1.37,0.019293041718643655,0.011277947808795874,0.05384615384615388,0.024216277724344294,0.0,0.0,0.0002175859175757846,0.0
2021-07-12,0.0,1.38,-0.005162135988019179,0.0034511743312370946,0.007299270072992581,0.024216123706889414,0.0,-0.0,-1.7815431216207027e-05,-0.0
2021-07-13,0.0,1.42,0.017695504747968105,-0.0035168126585656267,0.02898550724637694,0.024197471005471156,0.0,0.0,-6.223177509736239e-05,0.0
2021-07-14,0.0,1.37,-0.022617280374621296,0.0011649345752446916,-0.035211267605633645,0.024178818304052895,0.0,-0.0,-2.6347651906399556e-05,-0.0
2021-07-15,0.0,1.31,-0.01725522844657834,-0.0032622408541723713,-0.04379562043795626,0.024160165602634637,0.0,-0.0,5.6290711186505125e-05,-0.0
2021-07-16,0.0,1.31,0.0016332532352494322,-0.007538854211077806,0.0,0.024141512901216293,0.0,0.0,-1.2312858030316633e-05,0.0
2021-07-19,0.0,1.19,-0.06753626632197018,-0.015869512427409305,-0.09160305343511455,0.024122860199798035,0.0,-0.0,0.0010717676176973303,-0.0
2021-07-20,0.0,1.23,0.010638235183915379,0.015162609437855634,0.03361344537815136,0.024104207498379777,0.0,0.0,0.00016130340520176319,0.0
2021-07-21,0.0,1.3,0.04152855005306466,0.008241819990835397,0.05691056910569103,0.02421658575925405,1.0,0.04152855005306466,0.0003422708340177567,0.0
2021-07-22,0.0,1.27,0.021597639292425752,0.0020166699583279435,-0.023076923076923106,0.02421643174179917,0.0,0.0,4.3555310331838195e-05,0.0
2021-07-23,0.0,1.3,0.0042010781236963,0.010145452020822843,0.023622047244094446,0.024216277724344294,0.0,0.0,4.262183653968926e-05,0.0
2021-07-26,0.0,1.29,0.005398131364585668,0.0023821998626283314,-0.007692307692307665,0.024216123706889414,0.0,0.0,1.2859427795165664e-05,0.0
2021-07-27,0.0,1.25,-0.0002684113163275992,-0.0047124448070912095,-0.03100775193798455,0.024197471005471156,0.0,-0.0,1.2648735137925108e-06,-0.0
2021-07-28,0.0,1.26,0.0034907961213421768,-0.0001862618826539153,0.008000000000000007,0.024178818304052895,0.0,0.0,-6.502022575221792e-07,0.0
2021-07-29,0.0,1.28,0.017527498333302916,0.004206152980007483,0.015873015873015817,0.024160165602634637,0.0,0.0,7.372333934669824e-05,0.0
2021-07-30,-0.29999999999999993,1.24,0.003681772098106384,-0.0054060480514769305,-0.03125,0.024141512901216293,0.0,0.0,-1.9903836876950147e-05,-0.001104531629431915
2021-08-02,0.4285714285714286,1.2,-0.04506750109898061,-0.001842805614891363,-0.032258064516129115,0.024122860199798035,0.0,-0.0,8.305064407432415e-05,-0.01931464332813455
2021-08-03,0.0,1.19,-0.006585206908469643,0.0082034265474622,-0.008333333333333304,0.024104207498379777,0.0,-0.0,-5.4021261173471355e-05,-0.0
2021-08-04,0.0,1.19,-0.02803488891071093,-0.004632387901412294,0.0,0.024085554796961516,0.0,-0.0,0.000129868480207415,-0.0
2021-08-05,0.0,1.23,0.012929862142970983,0.006005446813494242,0.03361344537815136,0.02406690209554326,0.0,0.0,7.764959940542491e-05,0.0
2021-08-06,0.0,1.31,-0.008276111091431448,0.001675266241764728,0.0650406504065042,0.024048249394124914,0.0,-0.0,-1.3864689524569743e-05,-0.0
2021-08-09,0.0,1.33,-0.02347943570535216,-0.0009399082741974318,0.01526717557251911,0.024029596692706656,0.0,-0.0,2.206851589294711e-05,-0.0
2021-08-10,0.0,1.36,0.023030074113643773,0.0009926793341701323,0.022556390977443552,0.024026119623146495,0.0,0.0,2.28614786370207e-05,0.0
2021-08-11,0.0,1.35,0.011468288538678761,0.0012757437876824707,-0.007352941176470562,0.024022642553586333,0.0,0.0,1.463059785856951e-05,0.0
2021-08-12,0.0,1.36,-0.0018197771328343215,0.004146380281677686,0.007407407407407307,0.024019165484026172,0.0,-0.0,-7.545488020632187e-06,-0.0
2021-08-13,0.0,1.29,-0.010096778086572167,0.001607306655808216,-0.05147058823529416,0.024015688414465993,0.0,-0.0,-1.622861862076599e-05,-0.0
2021-08-16,0.0,1.26,-0.015299536162186267,0.002620850702215849,-0.023255813953488413,0.02401221134490583,0.0,-0.0,-4.0097800094242655e-05,-0.0
2021-08-17,0.0,1.26,-0.006905529307751235,-0.00706069881494753,0.0,0.02400873427534567,0.0,-0.0,4.8757862599824585e-05,-0.0
2021-08-18,-0.10000000000000009,1.27,-0.011589098022745659,-0.010748470745585936,0.007936507936507908,0.02400525720578551,0.0,-0.0,0.00012456508106520954,0.001158909802274567
2021-08-19,0.0,1.24,-0.026088323627651122,0.0012566922329095842,-0.023622047244094557,0.024001780136225347,0.0,-0.0,-3.278499367250075e-05,-0.0
2021-08-20,0.0,1.26,-0.019112064731253597,0.008141567655737925,0.016129032258064502,0.02399830306666517,0.0,-0.0,-0.00015560216805034381,-0.0
2021-08-23,0.0,1.25,0.05477139733214664,0.00852379036424833,-0.007936507936507908,0.024029596692706656,1.0,0.05477139733214664,0.0004668599088161682,0.0
2021-08-24,0.0,1.29,0.03345458984374994,0.0014957363013194946,0.03200000000000003,0.024197471005471156,1.0,0.03345458984374994,5.003924447505126e-05,0.0
2021-08-25,0.0,1.35,0.016889470748763014,0.002220118224179668,0.04651162790697683,0.024178818304052895,0.0,0.0,3.7496621806078186e-05,0.0
2021-08-26,0.0,1.34,-0.016332184154682072,-0.005824918819612557,-0.007407407407407418,0.024160165602634637,0.0,-0.0,9.51336468479856e-05,-0.0
2021-08-27,-0.11111111111111105,1.31,0.022935095826891905,0.008807632480425154,-0.022388059701492602,0.024141512901216293,0.0,0.0,0.00020200389494659654,-0.0025483439807657657
2021-08-30,0.0,1.29,0.009766255071133934,0.004306570844779589,-0.01526717557251911,0.024122860199798035,0.0,0.0,4.205906935202621e-05,0.0
2021-08-31,-0.25,1.3,-0.00572137007747664,-0.0013491160395050494,0.007751937984496138,0.024104207498379777,0.0,-0.0,7.718792139467982e-06,0.00143034251936916
2021-09-01,0.3333333333333335,1.31,-0.01918073115294383,0.0003116886257619189,0.007692307692307665,0.024085554796961516,0.0,-0.0,-5.978415734169889e-06,-0.00639357705098128
2021-09-02,0.0,1.29,0.020114576268585482,0.002842638410522902,-0.01526717557251911,0.02406690209554326,0.0,0.0,5.717846711247352e-05,0.0
2021-09-03,0.0,1.33,-0.005751036231214868,-0.0003350311257153127,0.03100775193798455,0.024048249394124914,0.0,-0.0,1.9267761425734663e-06,-0.0
2021-09-07,0.0,1.38,-0.012670405745929036,-0.003395574405981705,0.037593984962405846,0.024029596692706656,0.0,-0.0,4.302330546428017e-05,-0.0
2021-09-08,0.0,1.35,0.012693485865879373,-0.001318566739775151,-0.021739130434782483,0.024026119623146495,0.0,0.0,-1.6737208274554523e-05,0.0
2021-09-09,0.0,1.3,-0.01584024173621479,-0.004605608657393345,-0.03703703703703709,0.024022642553586333,0.0,-0.0,7.295395447551423e-05,-0.0
2021-09-10,0.0,1.35,0.020573845815108793,-0.007722578759925436,0.03846153846153855,0.024019165484026172,0.0,0.0,-0.00015888314470173997,0.0
2021-09-13,0.0,1.33,0.00809111330362633,0.0022764876184568905,-0.014814814814814836,0.024015688414465993,0.0,0.0,1.8419319255237167e-05,0.0
2021-09-14,0.0,1.28,0.0012242733679130868,-0.00574663850657553,-0.03759398496240607,0.02401221134490583,0.0,0.0,-7.035456478624255e-06,0.0
2021-09-15,0.0,1.31,0.025271747947190004,0.008473996979569742,0.0234375,0.024104207498379777,1.0,0.025271747947190004,0.00021415271577293594,0.0
2021-09-16,0.0,1.34,0.002782919255506222,-0.0015511404489350067,0.022900763358778553,0.024085554796961516,0.0,0.0,-4.316698623335796e-06,0.0
2021-09-17,0.0,1.37,-0.004361065667239816,-0.009110872450405094,0.02238805970149249,0.02406690209554326,0.0,-0.0,3.973311304206275e-05,-0.0
2021-09-20,0.0,1.31,-0.0188478661795628,-0.01697731100841482,-0.04379562043795626,0.024048249394124914,0.0,-0.0,0.00031998608597542087,-0.0
2021-09-21,0.0,1.33,0.005952414127508687,-0.0008123585165593639,0.01526717557251911,0.024029596692706656,0.0,0.0,-4.835494310569957e-06,0.0
2021-09-22,0.0,1.32,0.02461002980142446,0.009519611195260236,-0.007518796992481258,0.024197471005471156,1.0,0.02461002980142446,0.00023427791521332832,0.0
2021-09-23,0.0,1.41,0.013912554464202032,0.012134715784494876,0.06818181818181812,0.024178818304052895,0.0,0.0,0.00016882489425939704,0.0
2021-09-24,0.0,1.47,0.010873739001820315,0.001461009046688222,0.042553191489361764,0.024160165602634637,0.0,0.0,1.5886631052986037e-05,0.0
2021-09-27,0.0,1.48,0.01844029336581654,-0.0027763826213396126,0.006802721088435382,0.024141512901216293,0.0,0.0,-5.1197310033257196e-05,0.0
2021-09-28,0.0,1.54,-0.005532534240661802,-0.020364110556098214,0.04054054054054057,0.024122860199798035,0.0,-0.0,0.00011266513893223581,-0.0
2021-09-29,0.0,1.55,-0.00568968224906341,0.0015691842194003325,0.006493506493506551,0.024104207498379777,0.0,-0.0,-8.928159598632495e-06,-0.0
2021-09-30,-0.25,1.52,-0.0015259759348094093,-0.011909714125195148,-0.01935483870967747,0.024085554796961516,0.0,-0.0,1.817393714550749e-05,0.0003814939837023523
2021-10-01,0.3333333333333335,1.48,0.009679090279196778,0.01149147763018199,-0.02631578947368418,0.02406690209554326,0.0,0.0,0.00011122704942390172,0.0032263634263989273
2021-10-04,0.0,1.49,0.024974815683910467,-0.012985898136748442,0.006756756756756799,0.024216277724344294,1.0,0.024974815683910467,-0.0003243204124553287,0.0
2021-10-05,0.0,1.54,0.015997974257788927,0.010524514660609219,0.033557046979865834,0.024216123706889414,0.0,0.0,0.00016837091461614846,0.0
2021-10-06,0.0,1.53,-0.017926305369482254,0.004102792854185466,-0.006493506493506551,0.024197471005471156,0.0,-0.0,-7.354791757185834e-05,-0.0
2021-10-07,0.0,1.58,0.010730082604096358,0.008298280656405366,0.03267973856209161,0.024178818304052895,0.0,0.0,8.904123691520453e-05,0.0
2021-10-08,0.0,1.61,0.005369157508134492,-0.0019137230947889883,0.018987341772152,0.024160165602634637,0.0,0.0,-1.0275080722876673e-05,0.0
2021-10-12,0.0,1.59,-0.0027495917840770767,-0.0024167805585421087,-0.012422360248447228,0.024141512901216293,0.0,-0.0,6.64515996768459e-06,-0.0
2021-10-13,0.0,1.56,-0.0028769823667879058,0.00302251448379387,-0.018867924528301883,0.024122860199798035,0.0,-0.0,-8.695720873236013e-06,-0.0
2021-10-14,0.0,1.52,0.009858135270687018,0.01706310194558336,-0.02564102564102566,0.024104207498379777,0.0,0.0,0.0001682103671170836,0.0
2021-10-15,0.0,1.59,0.010238102504185331,0.007460210377712606,0.046052631578947345,0.024085554796961516,0.0,0.0,7.637839854980883e-05,0.0
2021-10-18,0.0,1.59,-0.006245566527043223,0.00337476955709759,0.0,0.02406690209554326,0.0,-0.0,-2.107734778229319e-05,-0.0
2021-10-19,0.0,1.65,0.00889363196626669,0.007393339551406308,0.037735849056603765,0.024048249394124914,0.0,0.0,6.575364097185097e-05,0.0
2021-10-20,0.0,1.65,0.008697670990169382,0.0036640298040166996,0.0,0.024029596692706656,0.0,0.0,3.186852573351205e-05,0.0
2021-10-21,0.0,1.68,-0.014099266939820665,0.002995871849622578,0.0181818181818183,0.024026119623146495,0.0,-0.0,-4.2239596925323e-05,-0.0
2021-10-22,0.0,1.66,0.01087339749803462,-0.0010725536274130976,-0.011904761904761862,0.024022642553586333,0.0,0.0,-1.1662301928821532e-05,0.0
2021-10-25,0.0,1.64,0.0053782192334603796,0.004748196569493546,-0.012048192771084376,0.024019165484026172,0.0,0.0,2.553684211430078e-05,0.0
2021-10-26,0.0,1.63,0.004768038984707568,0.0018197952535197182,-0.0060975609756097615,0.024015688414465993,0.0,0.0,8.676854712967807e-06,0.0
2021-10-27,0.0,1.54,-0.021064810910669807,-0.005051568068462853,-0.05521472392638027,0.02401221134490583,0.0,-0.0,0.0001064103261645475,-0.0
2021-10-28,0.0,1.57,-0.0030740379593490186,0.009829281576461124,0.01948051948051943,0.02400873427534567,0.0,-0.0,-3.021558467917146e-05,-0.0
2021-10-29,-0.12499999999999989,1.55,0.0007115460010780339,0.001949334719149265,-0.01273885350318471,0.02400525720578551,0.0,0.0,1.3870413241732318e-06,-8.894325013475416e-05
2021-11-01,0.1428571428571428,1.58,0.003910901182700766,0.0018000771431341267,0.019354838709677358,0.024001780136225347,0.0,0.0,7.039923828035872e-06,0.000558700168957252
2021-11-02,0.0,1.56,0.00011807503646044104,0.0036803630854131963,-0.012658227848101222,0.02399830306666517,0.0,0.0,4.3455900549782444e-07,0.0
2021-11-03,0.0,1.6,-0.03222383519355354,0.006461279195357994,0.025641025641025772,0.023994825997105007,0.0,-0.0,-0.00020820719593075222,-0.0
2021-11-04,0.0,1.53,-0.017685046786455993,0.004181942361150437,-0.04375000000000007,0.023992052673454216,0.0,-0.0,-7.395784631520773e-05,-0.0
2021-11-05,0.0,1.45,0.02731558136620338,0.003732799652949259,-0.05228758169934644,0.024022642553586333,1.0,0.02731558136620338,0.00010196359264387122,0.0
2021-11-08,0.0,1.51,0.008339406081957268,0.0008877879113036169,0.04137931034482767,0.024019165484026172,0.0,0.0,7.403623907013522e-06,0.0
2021-11-09,0.0,1.46,0.016181211424942887,-0.003498775895770745,-0.03311258278145701,0.024015688414465993,0.0,0.0,-5.661443249796036e-05,0.0
2021-11-10,0.0,1.56,-0.02524179547606953,-0.008225823395229703,0.06849315068493156,0.02401221134490583,0.0,-0.0,0.00020763455176465602,-0.0
2021-11-12,0.0,1.58,-0.008447020084907497,0.007222656026415475,0.012820512820512775,0.02400873427534567,0.0,-0.0,-6.100992052150969e-05,-0.0
2021-11-15,0.0,1.63,-0.0014603276117979291,-1.0739820344718431e-05,0.03164556962025311,0.02400525720578551,0.0,-0.0,1.5683656195141478e-08,-0.0
2021-11-16,0.0,1.63,0.004631288717664717,0.003865229864862485,0.0,0.024001780136225347,0.0,0.0,1.7900995464318345e-05,0.0
2021-11-17,0.0,1.6,-0.026082755282288983,-0.002601625374463401,-0.018404907975460016,0.02399830306666517,0.0,-0.0,6.785755797832233e-05,-0.0
2021-11-18,0.0,1.59,0.0119581352649476,0.0033847802152713324,-0.006249999999999978,0.023994825997105007,0.0,0.0,4.047565965633305e-05,0.0
2021-11-19,0.0,1.54,-0.028926619102843665,-0.001398665559303236,-0.03144654088050314,0.023992052673454216,0.0,-0.0,4.0458665886230505e-05,-0.0
2021-11-22,0.0,1.63,0.010267430154144996,-0.0031971365563219223,0.058441558441558294,0.02398927934980342,0.0,0.0,-3.2826376285298995e-05,0.0
2021-11-23,0.0,1.67,0.032747813178042096,0.001657132912945114,0.024539877300613577,0.024019165484026172,1.0,0.032747813178042096,5.4267479044311286e-05,0.0
2021-11-24,0.0,1.64,-0.0007289218852307711,0.0022938506357221833,-0.017964071856287456,0.024015688414465993,0.0,-0.0,-1.6720379298284165e-06,-0.0
2021-11-26,0.0,1.48,-0.11586624655680089,-0.022724822637582465,-0.09756097560975607,0.02401221134490583,0.0,-0.0,0.0026330399026857003,-0.0
2021-11-29,0.0,1.52,0.009901006719154726,0.013200199537034996,0.027027027027026973,0.02400873427534567,0.0,0.0,0.0001306952643103666,0.0
2021-11-30,-0.12499999999999989,1.43,-0.039079556797017356,-0.01896131033450521,-0.05921052631578949,0.02400525720578551,0.0,-0.0,0.0007409996041631685,0.004884944599627165
2021-12-01,0.1428571428571428,1.43,-0.02408951332852094,-0.011815187417889228,0.0,0.024001780136225347,0.0,-0.0,0.00028462211478221547,-0.0034413590469315612
2021-12-02,0.0,1.44,0.011616021351225969,0.01419443613158311,0.006993006993007089,0.02399830306666517,0.0,0.0,0.00016488287317308276,0.0
2021-12-03,0.0,1.35,0.0030141967847252538,-0.008448563730297565,-0.06249999999999989,0.023994825997105007,0.0,0.0,-2.5465633631409315e-05,0.0
2021-12-06,0.0,1.43,0.04579285494291008,0.011730872577451423,0.05925925925925912,0.024026119623146495,1.0,0.04579285494291008,0.0005371901462929946,0.0
2021-12-07,0.0,1.48,0.032293384663664604,0.020707080374404274,0.034965034965035,0.024178818304052895,1.0,0.032293384663664604,0.0006687017117920573,0.0
2021-12-08,0.0,1.52,0.005037079018032964,0.0030852853123166657,0.027027027027026973,0.024160165602634637,0.0,0.0,1.5540825911315555e-05,0.0
2021-12-09,0.0,1.49,-0.018464805216485303,-0.007181080169894716,-0.019736842105263164,0.024141512901216293,0.0,-0.0,0.0001325972465810711,-0.0
2021-12-10,0.0,1.48,0.009809236426966406,0.009549073338481762,-0.006711409395973145,0.024122860199798035,0.0,0.0,9.3669118035609e-05,0.0
2021-12-13,0.0,1.42,-0.010113135339974044,-0.009136167611567658,-0.04054054054054057,0.024104207498379777,0.0,-0.0,9.239529954447114e-05,-0.0
2021-12-14,0.0,1.44,-0.009275473142459356,-0.0074706775774360246,0.014084507042253502,0.024085554796961516,0.0,-0.0,6.929406922548117e-05,-0.0
2021-12-15,0.0,1.47,0.002442338027533353,0.016348464630746795,0.02083333333333326,0.02406690209554326,0.0,0.0,3.992847685945691e-05,0.0
2021-12-16,0.0,1.44,0.015430420032882308,-0.008743415379980468,-0.020408163265306145,0.024048249394124914,0.0,0.0,-0.0001349145718350619,0.0
2021-12-17,0.0,1.41,-0.01999466898321478,-0.010287680637092622,-0.02083333333333337,0.024029596692706656,0.0,-0.0,0.00020569876894369513,-0.0
2021-12-20,0.0,1.43,-0.027203483287816743,-0.01138805785140995,0.014184397163120588,0.024026119623146495,0.0,-0.0,0.0003097948414415208,-0.0
2021-12-21,0.0,1.48,0.03439606864279221,0.017777934551572505,0.034965034965035,0.024178818304052895,1.0,0.03439606864279221,0.0006114910571629553,0.0
2021-12-22,0.0,1.46,0.017707454706015202,0.010180197220578835,-0.013513513513513487,0.024160165602634637,0.0,0.0,0.00018026538118170158,0.0
2021-12-23,0.0,1.5,0.02071985043995439,0.006223699921661829,0.027397260273972712,0.024141512901216293,0.0,0.0,0.00012895413155998895,0.0
2021-12-27,0.0,1.48,0.02277163350353617,0.01383893524747526,-0.013333333333333308,0.024122860199798035,0.0,0.0,0.00031513516153467525,0.0
2021-12-28,0.0,1.49,0.004325750303889597,-0.0010101548486260992,0.006756756756756799,0.024104207498379777,0.0,0.0,-4.369677643419899e-06,0.0
2021-12-29,0.0,1.55,0.003673687693924288,0.0014018951394270118,0.04026845637583887,0.024085554796961516,0.0,0.0,5.150124921885288e-06,0.0
2021-12-30,0.0,1.52,0.0011358870892026474,-0.0029897555945093135,-0.01935483870967747,0.02406690209554326,0.0,0.0,-3.3960247796745147e-06,0.0
2021-12-31,-0.12499999999999989,1.52,-0.019415039352651875,-0.0026261799136575448,0.0,0.024048249394124914,0.0,-0.0,5.098738637080513e-05,0.002426879919081482
2022-01-03,0.1428571428571428,1.63,0.015428189720621655,0.006374052530970564,0.07236842105263142,0.024029596692706656,0.0,0.0,9.83400917370225e-05,0.00220402710294595
2022-01-04,0.0,1.66,0.012914618887223117,-0.000629621957060511,0.01840490797546024,0.024026119623146495,0.0,0.0,-8.13132761846406e-06,0.0
2022-01-05,0.0,1.71,0.0100000381469727,-0.019392757790687165,0.030120481927710774,0.024022642553586333,0.0,0.0,-0.00019392831768187368,0.0
2022-01-06,0.0,1.73,0.01472765800824849,-0.0009637690162076495,0.011695906432748648,0.024019165484026172,0.0,0.0,-1.4194060469652358e-05,0.0
2022-01-07,0.0,1.76,-0.002927160263722639,-0.004050216740091761,0.01734104046242768,0.024015688414465993,0.0,-0.0,1.1855633501060847e-05,-0.0
2022-01-10,0.0,1.78,-0.010764492396550085,-0.0014410312534549607,0.011363636363636465,0.02401221134490583,0.0,-0.0,1.5511969971006965e-05,-0.0
2022-01-11,0.0,1.75,0.03524172594691244,0.009159984668711818,-0.016853932584269704,0.024104207498379777,1.0,0.03524172594691244,0.00032281366937266144,0.0
2022-01-12,0.0,1.74,0.011347311686460637,0.002817754443029452,-0.005714285714285672,0.024085554796961516,0.0,0.0,3.197393792096449e-05,0.0
2022-01-13,0.0,1.7,-0.0023620757360018896,-0.0142436152864307,-0.02298850574712641,0.02406690209554326,0.0,-0.0,3.364449806102356e-05,-0.0
2022-01-14,0.0,1.78,0.018823207232308237,0.0008199802697488323,0.04705882352941182,0.024048249394124914,0.0,0.0,1.5434658543886278e-05,0.0
2022-01-18,0.0,1.87,0.01684876387138501,-0.018387945694007368,0.050561797752809,0.024029596692706656,0.0,0.0,-0.00030981415507818087,0.0
2022-01-19,0.0,1.83,0.010627360101397532,-0.009689541868338813,-0.021390374331550777,0.024026119623146495,0.0,0.0,-0.0001029742506524048,0.0
2022-01-20,0.0,1.83,-0.0006784846939373868,-0.01103737849414832,0.0,0.024022642553586333,0.0,-0.0,7.4886923694733175e-06,-0.0
2022-01-21,0.0,1.75,-0.0055442167797824515,-0.018914821867908604,-0.04371584699453557,0.024019165484026172,0.0,-0.0,0.00010486787278665494,-0.0
2022-01-24,0.0,1.75,-0.01843216245115631,0.002771738943381896,0.0,0.024015688414465993,0.0,-0.0,-5.1089142476611446e-05,-0.0
2022-01-25,0.0,1.78,0.02237162837922635,-0.012171906253646725,0.017142857142857126,0.02401221134490583,0.0,0.0,-0.00027230536337336577,0.0
2022-01-26,0.0,1.85,0.01995467343681745,-0.0014966358477518371,0.0393258426966292,0.02400873427534567,0.0,0.0,-2.986487959572235e-05,0.0
2022-01-27,0.0,1.81,-0.006891982579944722,-0.00538408875771057,-0.021621621621621623,0.02400525720578551,0.0,-0.0,3.710704592701747e-05,-0.0
2022-01-28,0.0,1.78,0.007723331874747386,0.024347646888076113,-0.016574585635359185,0.024001780136225347,0.0,0.0,0.00018804495728577225,0.0
2022-01-31,0.0,1.79,0.013106745764470018,0.018885951732779516,0.00561797752808979,0.02399830306666517,0.0,0.0,0.0002475333678815931,0.0
2022-02-01,0.0,1.81,-0.022475555782702217,0.00686300355780145,0.011173184357541999,0.023994825997105007,0.0,-0.0,-0.00015424981930025028,-0.0
2022-02-02,0.0,1.78,0.003476867943708939,0.00942251544733641,-0.016574585635359185,0.023992052673454216,0.0,0.0,3.2760841907946256e-05,0.0
2022-02-03,0.0,1.82,0.018330159464320595,-0.024391082077444004,0.022471910112359605,0.02398927934980342,0.0,0.0,-0.00044709242398688066,0.0
2022-02-04,0.0,1.93,0.0237075624875962,0.0051569298644233985,0.06043956043956045,0.02398650602615263,0.0,0.0,0.00012225823700496872,0.0
2022-02-07,0.0,1.92,-0.006218443470945245,-0.0037017126347429485,-0.005181347150259086,0.02398373270250182,0.0,-0.0,2.301889076483281e-05,-0.0
2022-02-08,0.0,1.96,-0.020606361115555916,0.008401207191663262,0.02083333333333326,0.02398095937885103,0.0,-0.0,-0.00017311830919801855,-0.0
2022-02-09,0.0,1.94,0.00848209168115277,0.014517207887505545,-0.010204081632653073,0.02397818605520024,0.0,0.0,0.00012313628825617618,0.0
2022-02-10,0.0,2.03,-0.0015292122881666037,-0.01811572566845976,0.04639175257731942,0.023975412731549444,0.0,-0.0,2.7702790301263823e-05,-0.0
2022-02-11,0.0,1.92,0.03314734337498826,-0.01896945434456343,-0.054187192118226535,0.024001780136225347,1.0,0.03314734337498826,-0.0006287870167954069,0.0
2022-02-14,0.0,1.98,0.02160102565428268,-0.0038405967262932217,0.03125,0.02399830306666517,0.0,0.0,-8.296082841241396e-05,0.0
2022-02-15,0.0,2.05,-0.033167542146512075,0.01576672117072042,0.03535353535353525,0.023994825997105007,0.0,-0.0,-0.0005229433889421738,-0.0
2022-02-16,0.0,2.03,0.016402216973832706,0.0008812077558950637,-0.009756097560975618,0.023992052673454216,0.0,0.0,1.4453760811215042e-05,0.0
2022-02-17,0.0,1.97,-0.019407197397652953,-0.021173138152195015,-0.029556650246305383,0.02398927934980342,0.0,-0.0,0.00041091127164742555,-0.0
2022-02-18,0.0,1.92,0.0061310066402073815,-0.0071661613961429005,-0.025380710659898553,0.02398650602615263,0.0,0.0,-4.393578310454992e-05,0.0
2022-02-22,0.0,1.94,0.035278975732995654,-0.010142945264832837,0.01041666666666674,0.024015688414465993,1.0,0.035278975732995654,-0.0003578327198591408,0.0
2022-02-23,0.0,1.99,0.0,-0.018412122845487655,0.02577319587628879,0.02401221134490583,0.0,0.0,-0.0,0.0
2022-02-24,0.0,1.96,0.0231309952279255,0.014956856067329216,-0.015075376884422176,0.02400873427534567,0.0,0.0,0.00034596696631816065,0.0
2022-02-25,0.0,1.97,-0.011606797584035378,0.022372677655603468,0.005102040816326481,0.02400525720578551,0.0,-0.0,-0.0002596751409614606,-0.0
2022-02-28,0.0,1.83,0.03124678391767577,-0.002442603440647617,-0.07106598984771573,0.02406690209554326,1.0,0.03124678391767577,-7.632350190648746e-05,0.0
2022-03-01,0.0,1.72,0.03940987663255946,-0.015473503680411893,-0.060109289617486406,0.024216277724344294,1.0,0.03940987663255946,-0.0006098088711184874,0.0
2022-03-02,0.0,1.86,0.07583118026012481,0.018642691757321028,0.08139534883720945,0.0242176638814382,1.0,0.07583118026012481,0.0014136973191833538,0.0
2022-03-03,0.0,1.86,-0.02187196682925996,-0.005254666430088317,0.0,0.02421750986398332,0.0,-0.0,0.00011492988985771752,-0.0
2022-03-04,0.0,1.74,0.0692558536056902,-0.007934042550334475,-0.06451612903225812,0.024235850167209576,1.0,0.0692558536056902,-0.0005494788893672813,0.0
2022-03-07,0.0,1.78,0.04318007321789907,-0.029518158313449172,0.02298850574712641,0.024244027999049213,1.0,0.04318007321789907,-0.0012745962372322714,0.0
2022-03-08,0.0,1.86,0.038714425029665156,-0.00723375351819977,0.04494382022471921,0.024284502217575714,1.0,0.038714425029665156,-0.00028005060826342157,0.0
2022-03-09,0.0,1.94,-0.13158308740091784,0.02569824789143582,0.043010752688172005,0.024278015890230598,0.0,-0.0,-0.0033814547983492525,-0.0
2022-03-10,0.0,1.98,-0.01628574382340997,-0.004291813651667864,0.020618556701030855,0.02427152956288548,0.0,-0.0,6.989537766887651e-05,-0.0
2022-03-11,0.0,2.0,0.030549677873890957,-0.012961545123475138,0.010101010101010166,0.024348135929117286,1.0,0.030549677873890957,-0.00039597102827006766,0.0
2022-03-14,0.0,2.14,-0.05121147365614109,-0.007421002465963666,0.07000000000000006,0.02433557312839695,0.0,-0.0,0.0003800404722878564,-0.0
2022-03-15,0.0,2.15,-0.06538819236665172,0.021408574170870942,0.004672897196261516,0.02432301032767655,0.0,-0.0,-0.0013998679661806404,-0.0
2022-03-16,0.0,2.19,-0.018917094883059704,0.02238376135718223,0.018604651162790642,0.024310447526956214,0.0,-0.0,-0.0004234357374335815,-0.0
2022-03-17,3.125,2.2,0.08794126751474218,0.01234781757145198,0.004566210045662267,0.02442351273343938,1.0,0.08794126751474218,0.0010858827282742927,0.2748164609835693
2022-03-18,0.0,2.14,0.012096782847999199,0.011662294827948783,-0.027272727272727337,0.02441094993271904,0.0,0.0,0.0001410762480430406,0.0
2022-03-21,0.0,2.32,0.07124990660300656,-0.00043466036210393355,0.08411214953271018,0.02445446701322152,1.0,0.07124990660300656,-3.096951020393428e-05,0.0
2022-03-22,0.0,2.38,-0.0012108578647528345,0.0113041136006502,0.02586206896551735,0.024451839659069826,0.0,-0.0,-1.3687674857406778e-05,-0.0
2022-03-23,0.0,2.32,0.0529961459930981,-0.012272698789159042,-0.025210084033613467,0.024462454348998075,1.0,0.0529961459930981,-0.0006504057367595909,0.0
2022-03-24,0.0,2.34,-0.021134866176590994,0.01434391292056647,0.008620689655172376,0.024462433294333775,0.0,-0.0,-0.0003031566800248468,-0.0
2022-03-25,0.0,2.48,0.013610037496394556,0.005066170567449069,0.05982905982905984,0.024462412239669475,0.0,0.0,6.89507713861123e-05,0.0
2022-03-28,0.0,2.46,-0.06771651940006718,0.007144955276586762,-0.008064516129032251,0.02446239118500517,0.0,-0.0,-0.0004838315025995998,-0.0
2022-03-29,0.0,2.41,-0.020003555590766275,0.012256547427530462,-0.020325203252032464,0.02446237013034087,0.0,-0.0,-0.000245174527817469,-0.0
2022-03-30,0.0,2.35,0.02921158934271273,-0.0062937001746978805,-0.024896265560165998,0.02446255962231958,1.0,0.02921158934271273,-0.00018384898494943385,0.0
2022-03-31,0.0,2.32,-0.048832026753251045,-0.015652540713177343,-0.01276595744680864,0.02446253856765528,0.0,-0.0,0.0007643452868622273,-0.0
2022-04-01,0.0,2.39,-0.032619814224850385,0.0034102225843584133,0.030172413793103647,0.02446251751299098,0.0,-0.0,-0.00011124082716716061,-0.0
2022-04-04,0.0,2.42,0.03007950386059499,0.008090938687879357,0.012552301255229992,0.024465138390532926,1.0,0.03007950386059499,0.0002433714214979045,0.0
2022-04-05,0.0,2.54,-0.0082767543918153,-0.012551720801807331,0.04958677685950419,0.024464769995073875,0.0,-0.0,0.00010388751027119828,-0.0
2022-04-06,0.0,2.61,-0.05223180538919714,-0.009716916613271898,0.027559055118110187,0.024464401599614827,0.0,-0.0,0.0005075320975274743,-0.0
2022-04-07,0.0,2.66,-0.004848103940329085,0.004253385628492534,0.019157088122605526,0.02446403320415578,0.0,-0.0,-2.0620855625233756e-05,-0.0
2022-04-08,0.0,2.72,0.02187310507249296,-0.002651026482054286,0.022556390977443552,0.024463664808696727,0.0,0.0,-5.798618079193477e-05,0.0
2022-04-11,0.0,2.79,-0.041836889214182715,-0.01687729010355421,0.025735294117646967,0.02446329641323768,0.0,-0.0,0.0007060933162980198,-0.0
2022-04-12,0.0,2.72,0.06255072931291839,-0.003417447717741773,-0.02508960573476693,0.02447530946072897,1.0,0.06255072931291839,-0.00021376384713351634,0.0
2022-04-13,0.0,2.7,0.03956421458138881,0.011174577597236057,-0.007352941176470562,0.024556902415099113,1.0,0.03956421458138881,0.00044211338591342757,0.0
2022-04-14,0.0,2.83,0.02684315316889907,-0.01214413784439794,0.04814814814814805,0.02460471706279193,1.0,0.02684315316889907,-0.00032598695226139767,0.0
2022-04-18,0.0,2.85,0.01307078562001851,-0.0002048682840329885,0.007067137809187329,0.0245994043241594,0.0,0.0,-2.677789420936254e-06,0.0
2022-04-19,0.0,2.93,-0.05222696598487553,0.016057604355527166,0.02807017543859658,0.024594091585526872,0.0,-0.0,-0.0008386399564747065,-0.0
2022-04-20,0.0,2.85,-0.004195775741185903,-0.0006184750715809706,-0.027303754266211677,0.024588778846894317,0.0,-0.0,2.5949827018676514e-06,-0.0
2022-04-21,0.0,2.9,0.014325830857470967,-0.014752948498371943,0.01754385964912264,0.024583466108261787,0.0,0.0,-0.00021134824483665674,0.0
2022-04-22,0.0,2.9,-0.015508172037103973,-0.027740054250753654,0.0,0.024578153369629256,0.0,-0.0,0.00043019753363928505,-0.0
2022-04-25,0.0,2.81,-0.040600110352591035,0.005697936985382235,-0.03103448275862064,0.024572840630996726,0.0,-0.0,-0.0002313368703886286,-0.0
2022-04-26,0.0,2.77,0.026094587342736064,-0.028146308431003852,-0.014234875444839923,0.024612638203685446,1.0,0.026094587342736064,-0.0007344663037284185,0.0
2022-04-27,0.0,2.82,0.003143173995325599,0.0020980468517017847,0.018050541516245522,0.02461133400255495,0.0,0.0,6.594526305243793e-06,0.0
2022-04-28,0.0,2.85,0.02155332937375576,0.02474690007293945,0.010638297872340496,0.02461002980142446,0.0,0.0,0.0005333780882514843,0.0
2022-04-29,0.0,2.89,0.01626545273320823,-0.036284507106413955,0.01403508771929829,0.02460471706279193,0.0,0.0,-0.0005901839352871343,0.0
2022-05-02,0.0,2.99,-0.016096529776689183,0.005675242812353654,0.03460207612456756,0.0245994043241594,0.0,-0.0,-9.135171491899185e-05,-0.0
2022-05-03,0.0,2.97,-0.024261020319095605,0.004837126381486367,-0.006688963210702337,0.024594091585526872,0.0,-0.0,-0.00011735362142727415,-0.0
2022-05-04,0.0,2.93,0.049252149269534806,0.02986242108440229,-0.013468013468013518,0.02461785500820741,1.0,0.049252149269534806,0.0014707884207986852,0.0
2022-05-05,1.5151515151515147,3.05,0.006900328131851152,-0.035649708609806985,0.04095563139931735,0.02461655080707692,0.0,0.0,-0.00024599468721254737,0.010455042624016895
2022-05-06,0.0,3.12,0.013435508054721046,-0.0056742248424840325,0.022950819672131306,0.02461524660594643,0.0,0.0,-7.623609357549248e-05,0.0
2022-05-09,0.0,3.05,-0.057389420618114695,-0.03203710063235676,-0.022435897435897578,0.024613942404815937,0.0,-0.0,0.0018385906435751905,-0.0
2022-05-10,0.0,2.99,-0.032848813259734766,0.0024578974498534745,-0.01967213114754085,0.024612638203685446,0.0,-0.0,-8.073901434181508e-05,-0.0
2022-05-11,0.0,2.91,0.04928755706501975,-0.01646320750393837,-0.026755852842809347,0.024636522956826598,1.0,0.04928755706501975,-0.0008114312793236238,0.0
2022-05-12,0.0,2.84,-0.000558135864533349,-0.0012959645058717717,-0.024054982817869552,0.02462307181272938,0.0,-0.0,7.233242698892757e-07,-0.0
2022-05-13,0.0,2.93,0.03815734034399809,0.02386969542307149,0.03169014084507049,0.02474413210960448,1.0,0.03815734034399809,0.0009108040921657124,0.0
2022-05-16,0.0,2.88,0.024114699582424848,-0.003946400929555671,-0.017064846416382395,0.02473068096550726,0.0,0.0,-9.516627284803718e-05,0.0
2022-05-17,0.0,2.98,-0.0202205672425555,0.020169632234863677,0.03472222222222232,0.02471722982141004,0.0,-0.0,-0.0004078414048626759,-0.0
2022-05-18,0.0,2.89,-0.025194315082064933,-0.04039526078745259,-0.030201342281879096,0.024703778677312757,0.0,-0.0,0.001017730928101263,-0.0
2022-05-19,0.0,2.84,0.02685363659413098,-0.005833781800992588,-0.01730103806228378,0.024771993683874838,1.0,0.02685363659413098,-0.0001566582564533099,0.0
2022-05-20,0.0,2.78,0.0045519647631473426,0.00014614176965843662,-0.021126760563380254,0.02476911159784021,0.0,0.0,6.652321859091989e-07,0.0
2022-05-23,0.0,2.86,0.007729854230100974,0.018555039930923556,0.02877697841726623,0.024766229511805588,0.0,0.0,0.00014342775389974193,0.0
2022-05-24,0.0,2.76,0.0012343448413736358,-0.008120797617175213,-0.034965034965035,0.02476334742577096,0.0,0.0,-1.0023864646599536e-05,0.0
2022-05-25,0.0,2.75,0.0041387920993976035,0.009450764734207695,-0.0036231884057970065,0.024760465339736325,0.0,0.0,3.91147504152043e-05,0.0
2022-05-26,0.0,2.75,0.02955365064157034,0.019883256167224195,0.0,0.024786404114047977,1.0,0.02955365064157034,0.0005876228063829927,0.0
2022-05-27,0.0,2.74,0.017291301132133174,0.02474226295510973,-0.0036363636363635488,0.02478352202801335,0.0,0.0,0.00042782591944722555,0.0
2022-05-31,0.0,2.85,0.02855225675292128,-0.006274368617659065,0.04014598540145986,0.024833063106976517,1.0,0.02855225675292128,-0.0001791473837338734,0.0
2022-06-01,0.0,2.94,-0.05332135800742366,-0.007482768681131846,0.03157894736842093,0.024827230732860455,0.0,-0.0,0.00039899138773336854,-0.0
2022-06-02,0.0,2.92,0.011350930298668294,0.018431018038486124,-0.006802721088435382,0.02482139835874437,0.0,0.0,0.000209209201088354,0.0
2022-06-03,0.0,2.96,0.017940656401678856,-0.016347313992415624,0.013698630136986356,0.024815565984628307,0.0,0.0,-0.0002932815434282857,0.0
2022-06-06,0.0,3.04,-0.0017540852182712507,0.003137400778913113,0.027027027027026973,0.024809733610512245,0.0,-0.0,-5.5032683300842e-06,-0.0
2022-06-07,0.0,2.98,0.008869530078206012,0.009523393173235029,-0.019736842105263164,0.024803901236396187,0.0,0.0,8.446802219658988e-05,0.0
2022-06-08,0.0,3.03,0.024964768548138894,-0.010793945785935621,0.016778523489932917,0.024847228436262508,1.0,0.024964768548138894,-0.00026946835826704193,0.0
2022-06-09,0.0,3.04,-0.004126898597458295,-0.02379869397635359,0.0033003300330034513,0.024845978145735567,0.0,-0.0,9.82147967923528e-05,-0.0
2022-06-10,0.0,3.15,-0.008612964664192924,-0.029110303335524668,0.03618421052631571,0.024844727855208637,0.0,-0.0,0.00025072601399281136,-0.0
2022-06-13,0.0,3.43,0.002130927811521799,-0.038768430665237275,0.08888888888888902,0.024838895481092575,0.0,0.0,-8.261272711360866e-05,0.0
2022-06-14,0.0,3.49,-0.00899647096034717,-0.0037736797459957394,0.017492711370262315,0.024833063106976517,0.0,-0.0,3.394980024850095e-05,-0.0
2022-06-15,0.0,3.33,-0.021952596128672508,0.014592504858983224,-0.045845272206303744,0.024827230732860455,0.0,-0.0,-0.0003203433656749499,-0.0
2022-06-16,0.9036144578313254,3.28,0.010969499611255706,-0.03251195148816344,-0.01501501501501512,0.02482139835874437,0.0,0.0,-0.0003566398392105732,0.00991219844390576
2022-06-17,0.0,3.25,-0.05583836865316638,0.002200865698254617,-0.009146341463414531,0.024815565984628307,0.0,-0.0,-0.00012289275021524975,-0.0
2022-06-21,0.0,3.31,0.013525448569202014,0.024477242280086964,0.01846153846153853,0.024809733610512245,0.0,0.0,0.0003310656815752133,0.0
2022-06-22,0.0,3.16,-0.025381627766071335,-0.0013015723144006452,-0.0453172205438066,0.024803901236396187,0.0,-0.0,3.3036023994741144e-05,-0.0
2022-06-23,0.0,3.09,-0.015124349779137458,0.009532217409177868,-0.022151898734177333,0.024798068862280125,0.0,-0.0,-0.00014416859026718953,-0.0
2022-06-24,0.0,3.13,0.027896407175748594,0.03056329358583576,0.012944983818770295,0.024845978145735567,1.0,0.027896407175748594,0.0008526060825024197,0.0
2022-06-27,0.0,3.2,0.01741507729381775,-0.0029730715337762392,0.022364217252396346,0.024844727855208637,0.0,0.0,-5.1776270560762495e-05,0.0
2022-06-28,0.0,3.2,0.02511084465202562,-0.020143036075892073,0.0,0.024855980469951036,1.0,0.02511084465202562,-0.0005058086497218736,0.0
2022-06-29,0.0,3.1,-0.014578752091568226,-0.0007117454091590814,-0.03125,0.024854730179424103,0.0,-0.0,1.037635987244204e-05,-0.0
2022-06-30,0.0,2.98,-0.012472084560411711,-0.008759278267998716,-0.03870967741935483,0.024853479888897172,0.0,-0.0,0.00010924645924665662,-0.0
2022-07-01,0.0,2.88,-0.027697938966968927,0.010553814029047315,-0.033557046979865834,0.024852229598370232,0.0,-0.0,-0.0002923188968452929,-0.0
2022-07-05,0.0,2.82,-0.07936935257857203,0.0015841285142366157,-0.02083333333333337,0.0248509793078433,0.0,-0.0,-0.0001257312545762154,-0.0
2022-07-06,0.0,2.93,-0.020239313706355788,0.0035731642904301975,0.03900709219858167,0.02484972901731637,0.0,-0.0,-7.231839299836495e-05,-0.0
2022-07-07,0.0,3.01,0.03932862239006374,0.014964587965241805,0.027303754266211566,0.02485786728471249,1.0,0.03932862239006374,0.0005885366293078872,0.0
2022-07-08,0.0,3.09,0.022646871310378458,-0.000830271529819071,0.02657807308970095,0.02485765510996765,0.0,0.0,-1.8803052488483553e-05,0.0
2022-07-11,0.0,2.99,0.0007475409602328842,-0.011527461422777274,-0.032362459546925404,0.024857442935222806,0.0,0.0,-8.617249581030453e-06,0.0
2022-07-12,0.0,2.96,-0.07105509541338029,-0.009243878717321574,-0.010033444816053616,0.024857230760477966,0.0,-0.0,0.0006568246842489999,-0.0
2022-07-13,0.0,2.91,0.0008041193363399479,-0.0044569025122100925,-0.016891891891891886,0.024855980469951036,0.0,0.0,-3.5838814902502263e-06,0.0
2022-07-14,0.0,2.96,-0.004720309552512347,-0.00299863390215227,0.01718213058419238,0.024854730179424103,0.0,-0.0,1.4154480252816736e-05,-0.0
2022-07-15,0.0,2.93,0.020787136424893493,0.01920124935943668,-0.010135135135135087,0.024853479888897172,0.0,0.0,0.00039913898996300903,0.0
2022-07-18,0.0,2.96,0.0505139659546201,-0.008363571580831342,0.010238907849829282,0.024858503808947007,1.0,0.0505139659546201,-0.0004224771700931426,0.0
2022-07-19,0.0,3.01,0.010162810437287728,0.02762829164595959,0.016891891891891886,0.024858291634202168,0.0,0.0,0.0002807810907039875,0.0
2022-07-20,0.0,3.04,-0.004005592093971444,0.005895806193263242,0.00996677740863805,0.024858079459457328,0.0,-0.0,-2.361619467532312e-05,-0.0
2022-07-21,0.0,2.91,-0.02861950627569798,0.00986137270919718,-0.042763157894736836,0.02485786728471249,0.0,-0.0,-0.0002822276181378655,-0.0
2022-07-22,0.0,2.77,-0.006354743483831582,-0.00933246697634671,-0.04810996563573888,0.02485765510996765,0.0,-0.0,5.9305433706012675e-05,-0.0
2022-07-25,0.0,2.81,0.01889539375291549,0.0013151670479691902,0.014440433212996373,0.024857442935222806,0.0,0.0,2.485059922223734e-05,0.0
2022-07-26,0.0,2.81,-0.0071326675141836215,-0.01154320266205866,0.0,0.024857230760477966,0.0,-0.0,8.23338266373037e-05,-0.0
2022-07-27,0.0,2.78,0.021264379197856842,0.026156273782937722,-0.01067615658362997,0.024855980469951036,0.0,0.0,0.0005561969241233491,0.0
2022-07-28,0.47468354430379756,2.68,0.0048771021353501975,0.012133338697180918,-0.03597122302158262,0.024854730179424103,0.0,0.0,5.9175532068948235e-05,0.0023150801275396513
2022-07-29,-0.0042918454935623185,2.67,0.026787406784877454,0.014207760082581844,-0.003731343283582156,0.02485871598369185,1.0,0.026787406784877454,0.00038058904883406393,-0.00011496741109389697
2022-08-01,0.004310344827586299,2.6,-0.09071905429630744,-0.0028230841271976725,-0.02621722846441943,0.024858503808947007,0.0,-0.0,0.0002561075222182894,-0.0003910304064496094
2022-08-02,0.0,2.75,0.005098491876978972,-0.006662395550704803,0.05769230769230771,0.024858291634202168,0.0,0.0,-3.396816959648928e-05,0.0
2022-08-03,0.0,2.73,-0.03739807143417062,0.015638477163140152,-0.0072727272727273196,0.024858079459457328,0.0,-0.0,-0.0005848488860687613,-0.0
2022-08-04,0.0,2.68,-0.027484976919465165,-0.0007773401640558397,-0.01831501831501825,0.02485786728471249,0.0,-0.0,2.136517646764802e-05,-0.0
2022-08-05,0.0,2.83,0.008499738621101205,-0.0016257460597355333,0.05597014925373123,0.02485765510996765,0.0,0.0,-1.381841657203722e-05,0.0
2022-08-08,0.0,2.77,0.018225910138076618,-0.0012375507238541195,-0.021201413427561877,0.024857442935222806,0.0,0.0,-2.2555488284276852e-05,0.0
2022-08-09,0.0,2.8,-0.003517888897230037,-0.004248692893594086,0.010830324909747224,0.024857230760477966,0.0,-0.0,1.4946429558114794e-05,-0.0
2022-08-10,0.0,2.78,0.011317661664584922,0.021290637641290244,-0.0071428571428571175,0.024855980469951036,0.0,0.0,0.00024096023344739932,0.0
2022-08-11,0.0,2.87,0.022587237307770014,-0.0007054739583503,0.03237410071942448,0.024854730179424103,0.0,0.0,-1.5934707711710087e-05,0.0
2022-08-12,0.0,2.84,-0.014558202514620922,0.017322368774566943,-0.010452961672474004,0.024853479888897172,0.0,-0.0,-0.0002521825526530914,-0.0
2022-08-15,0.0,2.79,-0.03107491598921297,0.0039695418998517695,-0.017605633802816878,0.024852229598370232,0.0,-0.0,-0.0001233531810535546,-0.0
2022-08-16,0.0,2.82,-0.029022104947578176,0.0018756797165810912,0.010752688172043001,0.0248509793078433,0.0,-0.0,-5.443617358266012e-05,-0.0
2022-08-17,0.0,2.89,0.01418675806737868,-0.007237794954094601,0.024822695035461084,0.02484972901731637,0.0,0.0,-0.00010268084595503428,0.0
2022-08-18,0.0,2.88,0.031393430476339024,0.002269561170191503,-0.0034602076124568004,0.02485786728471249,1.0,0.031393430476339024,7.124931080820558e-05,0.0
2022-08-19,0.0,2.98,0.0013459456231650346,-0.012900001139847905,0.03472222222222232,0.02485765510996765,0.0,0.0,-1.7362700073002245e-05,0.0
2022-08-22,0.0,3.03,-0.0024813674600963065,-0.0214000649197158,0.016778523489932917,0.024857442935222806,0.0,-0.0,5.3101424735731265e-05,-0.0
2022-08-23,0.0,3.05,0.038764487288968974,-0.0022378626777133093,0.0066006600660066805,0.02485935250792637,1.0,0.038764487288968974,-8.674959932467565e-05,0.0
2022-08-24,0.0,3.11,0.009978048172218701,0.0029161604463010526,0.01967213114754096,0.02485914033318153,0.0,0.0,2.909758941111069e-05,0.0
2022-08-25,0.0,3.03,-0.018573452481128516,0.014091605518061545,-0.025723472668810365,0.02485892815843669,0.0,-0.0,-0.0002617297654725245,-0.0
2022-08-26,0.0,3.04,0.016609639487670913,-0.03368805871951874,0.0033003300330034513,0.02485871598369185,0.0,0.0,-0.0005595465103706949,0.0
2022-08-29,0.0,3.12,0.040598064767283004,-0.006666355799502699,0.026315789473684292,0.024922602132053873,1.0,0.040598064767283004,-0.00027064114450996325,0.0
2022-08-30,0.0,3.11,-0.05500046608349607,-0.011028155571448206,-0.0032051282051283048,0.02491206052803263,0.0,-0.0,0.0006065536964709553,-0.0
2022-08-31,0.0,3.15,-0.028395929555434685,-0.007817025105971265,0.012861736334405238,0.02490151892401139,0.0,-0.0,0.0002219716942422244,-0.0
2022-09-01,0.0,3.26,-0.04280233542184286,0.0029962320243361873,0.0349206349206348,0.024890977319990147,0.0,-0.0,-0.00012824572810730473,-0.0
2022-09-02,0.0,3.2,0.007145907626172843,-0.010736500458081055,-0.018404907975460016,0.0248804357159689,0.0,0.0,-7.672204050180963e-05,0.0
2022-09-06,0.0,3.33,-0.0020425157908869895,-0.004095056983834944,0.04062499999999991,0.02486989411194761,0.0,-0.0,8.36421855406492e-06,-0.0
2022-09-07,0.0,3.27,-0.052030612256638964,0.018341016392734,-0.018018018018018056,0.02485935250792637,0.0,-0.0,-0.0009542943123230018,-0.0
2022-09-08,0.0,3.29,0.013068199157714844,0.006610721877456038,0.006116207951070374,0.02485914033318153,0.0,0.0,8.63902300708581e-05,0.0
2022-09-09,0.0,3.33,0.04139085528720465,0.015271449816332883,0.012158054711246313,0.02494368534009641,1.0,0.04139085528720465,0.0006320983693736424,0.0
2022-09-12,0.0,3.37,0.01249465432858865,0.0105842727693497,0.012012012012011963,0.024933143736075164,0.0,0.0,0.00013224682957251822,0.0
2022-09-13,0.0,3.42,-0.008829806713347765,-0.0432366134006168,0.014836795252225476,0.024922602132053873,0.0,-0.0,0.00038177093926718814,-0.0
2022-09-14,0.0,3.41,0.009981757255049128,0.0033870120853238816,-0.0029239766081871066,0.02491206052803263,0.0,0.0,3.380833245562073e-05,0.0
2022-09-15,0.0,3.45,-0.03464401901267855,-0.011317739184353415,0.011730205278592365,0.02490151892401139,0.0,-0.0,0.00039209197148327676,-0.0
2022-09-16,0.0,3.45,0.005614290585541859,-0.007182134089448455,0.0,0.024890977319990147,0.0,0.0,-4.032258780248972e-05,0.0
2022-09-19,0.0,3.49,0.007115506696620866,0.006857100716286535,0.011594202898550732,0.0248804357159689,0.0,0.0,4.8791746066140576e-05,0.0
2022-09-20,0.0,3.57,-0.01499997014584753,-0.011272103097361819,0.022922636103151817,0.02486989411194761,0.0,-0.0,0.00016908120994134276,-0.0
2022-09-21,0.0,3.51,-0.008717732195799743,-0.017116493600784488,-0.01680672268907568,0.02485935250792637,0.0,-0.0,0.0001492170073427592,-0.0
2022-09-22,0.32188841201716745,3.7,0.007013216526509991,-0.00842758097968943,0.054131054131054235,0.02485914033318153,0.0,0.0,-5.9104450205259176e-05,0.002257473130850856
2022-09-23,0.0,3.69,-0.04764534161192091,-0.017232619015461026,-0.002702702702702786,0.02485892815843669,0.0,-0.0,0.0008210540198597247,-0.0
2022-09-26,0.0,3.88,-0.024260057228871146,-0.010340526208282075,0.051490514905149,0.02485871598369185,0.0,-0.0,0.0002508617575895651,-0.0
2022-09-27,0.0,3.97,0.02629073457838471,-0.0021203598092424114,0.023195876288659933,0.024922602132053873,1.0,0.02629073457838471,-5.574581695546668e-05,0.0
2022-09-28,0.0,3.72,0.035354157533781905,0.019672139926234733,-0.06297229219143574,0.02496979211602468,1.0,0.035354157533781905,0.0006954919339787035,0.0
2022-09-29,0.0,3.76,-0.009292452237914417,-0.021126437880238824,0.010752688172043001,0.024968787402447522,0.0,-0.0,0.00019631641495938517,-0.0
2022-09-30,0.0,3.83,-0.005989363680546256,-0.015066695771983274,0.018617021276595924,0.024967782688870368,0.0,-0.0,9.023992044255646e-05,-0.0
2022-10-03,0.0,3.67,0.010231941055554028,0.025883894952576147,-0.04177545691906004,0.02496677797529321,0.0,0.0,0.00026484248744291155,0.0
2022-10-04,0.0,3.62,0.033085780117176444,0.030583700679551518,-0.013623978201634857,0.024979993505785697,1.0,0.033085780117176444,0.0010118855958531814,0.0
2022-10-05,0.0,3.76,0.01710239262126212,-0.002017948757084831,0.03867403314917128,0.024974815683910467,0.0,0.0,-3.451175193325268e-05,0.0
2022-10-06,0.0,3.83,0.011245532735102204,-0.010245080846639998,0.018617021276595924,0.02497381097033331,0.0,0.0,-0.0001152113920346587,0.0
2022-10-07,0.0,3.89,0.03706841842696784,-0.028003617786773516,0.015665796344647598,0.02501623825891236,1.0,0.03706841842696784,-0.0010380498215889998,0.0
2022-10-11,0.0,3.93,-0.01975258839437377,-0.006519175777754405,0.010282776349614497,0.025011060437037127,0.0,-0.0,0.00012877059580855424,-0.0
2022-10-12,0.0,3.91,-0.019514306389004976,-0.0032907731480149582,-0.0050890585241730735,0.025005882615161873,0.0,-0.0,6.421715546707431e-05,-0.0
2022-10-13,0.0,3.97,0.022931344689701927,0.02596564246086497,0.01534526854219953,0.025000704793286643,0.0,0.0,0.0005954270973596548,0.0
2022-10-14,0.0,4.0,-0.031088108817739157,-0.02366266361565439,0.007556675062972307,0.024995526971411414,0.0,-0.0,0.0007356274614010208,-0.0
2022-10-17,0.0,4.02,-0.00010907461677966968,0.026480052302171098,0.004999999999999893,0.024990349149536184,0.0,-0.0,-2.8883015571649224e-06,-0.0
2022-10-18,0.0,4.01,-0.017354332237721648,0.011427569666488724,-0.0024875621890546595,0.02498517132766095,0.0,-0.0,-0.00019831784066195527,-0.0
2022-10-19,0.0,4.14,0.026435687160753396,-0.0066720972934503076,0.032418952618453734,0.025027149586607945,1.0,0.026435687160753396,-0.00017638147675576177,0.0
2022-10-20,0.0,4.24,-0.0003247095282142842,-0.007950909706564868,0.024154589371980784,0.02502659390266282,0.0,-0.0,2.5817361396930514e-06,-0.0
2022-10-21,0.0,4.21,0.012123866420017615,0.02372481982226482,-0.007075471698113289,0.02502141608078759,0.0,0.0,0.00028763654636412475,0.0
2022-10-24,0.0,4.25,-0.0025668220724014423,0.011881976654619875,0.009501187648456089,0.02501623825891236,0.0,-0.0,-3.0498919940836942e-05,-0.0
2022-10-25,0.0,4.1,0.00278784581686109,0.016266654579669915,-0.03529411764705892,0.025011060437037127,0.0,0.0,4.534892492425706e-05,0.0
2022-10-26,0.0,4.04,0.02320365564834237,-0.007387716072364547,-0.014634146341463317,0.025005882615161873,0.0,0.0,-0.00017142201977087134,0.0
2022-10-27,0.0,3.96,0.01327198882499836,-0.006082610618211248,-0.01980198019801982,0.025000704793286643,0.0,0.0,-8.072834015171606e-05,0.0
2022-10-28,0.0,4.02,-0.012273127605637701,0.024626377895927698,0.015151515151515138,0.024995526971411414,0.0,-0.0,-0.00030224267838137634,-0.0
2022-10-31,0.0,4.1,-0.009815128380082028,-0.00745440410765752,0.01990049751243772,0.024990349149536184,0.0,-0.0,7.316593331366936e-05,-0.0
2022-11-01,0.0,4.07,-0.0018981366835409963,-0.004101230608784645,-0.007317073170731603,0.02498517132766095,0.0,-0.0,7.784696266195307e-06,-0.0
2022-11-02,0.0,4.1,0.015953535255016416,-0.02500198485734284,0.007371007371007154,0.024979993505785697,0.0,0.0,-0.00039887004686700556,0.0
2022-11-03,0.24350649350649345,4.14,-0.015495064854611496,-0.010585992315429671,0.009756097560975618,0.024974815683910467,0.0,-0.0,0.00016403063747800166,-0.003773148909402149
2022-11-04,0.0,4.17,0.04119574945928561,0.013618724670070526,0.007246376811594235,0.02502141608078759,1.0,0.04119574945928561,0.0005610335694632175,0.0
2022-11-07,0.0,4.22,-0.006594313968665277,0.009613981920559844,0.011990407673860837,0.02501623825891236,0.0,-0.0,-6.339761527324322e-05,-0.0
2022-11-08,0.0,4.14,-0.02614376640588656,0.005597892802462701,-0.018957345971563955,0.025011060437037127,0.0,-0.0,-0.00014635000179277852,-0.0
2022-11-09,0.0,4.12,-0.028418614378432405,-0.02077788695478977,-0.004830917874396046,0.025005882615161873,0.0,-0.0,0.0005904787569668316,-0.0
2022-11-10,0.0,3.82,0.011009137898195354,0.05543448436034493,-0.0728155339805826,0.025000704793286643,0.0,0.0,0.000610285882638391,0.0
2022-11-14,0.0,3.88,-0.02969057753460791,-0.008935777048800997,0.015706806282722585,0.024995526971411414,0.0,-0.0,0.0002653083812993958,-0.0
2022-11-15,0.0,3.8,0.007730311632180964,0.008713116550319144,-0.020618556701030966,0.024990349149536184,0.0,0.0,6.735510622148055e-05,0.0
2022-11-16,0.0,3.67,-0.0106541657095377,-0.008252046497990273,-0.03421052631578947,0.02498517132766095,0.0,-0.0,8.791867083239863e-05,-0.0
2022-11-17,0.0,3.77,-0.03316822970935174,-0.0030893228355314273,0.027247956403269713,0.024979993505785697,0.0,-0.0,0.00010246736945525223,-0.0
2022-11-18,0.0,3.82,-0.024058766563638367,0.00475858190881473,0.013262599469495928,0.024974815683910467,0.0,-0.0,-0.00011448561131812626,-0.0
2022-11-21,0.0,3.83,-0.0019402624173791017,-0.003883688698329779,0.002617801047120505,0.02497381097033331,0.0,-0.0,7.535375222169234e-06,-0.0
2022-11-22,0.0,3.76,0.010405988494750495,0.013579987927526016,-0.018276762402088864,0.024972806256756155,0.0,0.0,0.00014131319813268634,0.0
2022-11-23,0.0,3.71,-0.033386112809698054,0.0059146891478476515,-0.013297872340425454,0.024971801543178997,0.0,-0.0,-0.00019746847912433855,-0.0
2022-11-25,0.0,3.68,-0.020840725118491887,-0.0002830441976333642,-0.008086253369272156,0.02497079682960184,0.0,-0.0,5.898846319261035e-06,-0.0
2022-11-28,0.0,3.69,-0.0052612080170041375,-0.015444192913123267,0.0027173913043476716,0.02496979211602468,0.0,-0.0,8.125511157068262e-05,-0.0
2022-11-29,0.0,3.75,-0.0019233520544980065,-0.0015918653377758885,0.016260162601626105,0.024968787402447522,0.0,-0.0,3.0617174678954182e-06,-0.0
2022-11-30,0.0,3.68,0.028905233784940476,0.030947872397389053,-0.01866666666666661,0.024990349149536184,1.0,0.028905233784940476,0.0008945554867930369,0.0
2022-12-01,0.0,3.53,0.016972924535437972,-0.0008676332180498347,-0.04076086956521752,0.02498517132766095,0.0,0.0,-1.4726273134399044e-05,0.0
2022-12-02,0.0,3.51,-0.015078241252386881,-0.001194660488065602,-0.005665722379603388,0.024979993505785697,0.0,-0.0,1.8013379053747407e-05,-0.0
2022-12-05,0.0,3.6,-0.03377351174424792,-0.017894212283564803,0.025641025641025772,0.024974815683910467,0.0,-0.0,0.0006043503887130413,-0.0
2022-12-06,0.0,3.51,-0.04027578397149845,-0.014399194981406072,-0.025000000000000133,0.02497381097033331,0.0,-0.0,0.0005799388664345955,-0.0
2022-12-07,0.0,3.42,-0.027473224286031384,-0.0018623708845491027,-0.02564102564102555,0.024972806256756155,0.0,-0.0,5.116533301499216e-05,-0.0
2022-12-08,0.0,3.48,-0.013217528408298818,0.00752178195750397,0.01754385964912286,0.024971801543178997,0.0,-0.0,-9.941936670433822e-05,-0.0
2022-12-09,0.0,3.57,-0.0006566388805759882,-0.007349578247904498,0.025862068965517127,0.02497079682960184,0.0,-0.0,4.826018833409642e-06,-0.0
2022-12-12,0.0,3.61,0.024835734921744512,0.014279296218109305,0.011204481792717047,0.02496979211602468,0.0,0.0,0.0003546368157420316,0.0
2022-12-13,0.0,3.51,0.03449163373622688,0.0072896644387934195,-0.027700831024930817,0.024995526971411414,1.0,0.03449163373622688,0.00025143243588286046,0.0
2022-12-14,0.0,3.49,0.025037142233833354,-0.006052724634100337,-0.005698005698005604,0.025028260954498196,1.0,0.025037142233833354,-0.0001515429275661971,0.0
2022-12-15,0.13054830287206265,3.44,-0.018016903491569036,-0.024921675023714007,-0.014326647564469996,0.02502770527055307,0.0,-0.0,0.0004490114137505017,-0.0023520761738340776
2022-12-16,0.0,3.48,-0.026720824940388632,-0.011137750774080746,0.011627906976744207,0.025027149586607945,0.0,-0.0,0.0002976098886638896,-0.0
2022-12-19,0.0,3.57,0.0096154115312157,-0.009007516001852345,0.025862068965517127,0.02502659390266282,0.0,0.0,-8.661097323182098e-05,0.0
2022-12-20,0.0,3.69,0.002380887277516619,0.0010373383615349674,0.03361344537815136,0.02502141608078759,0.0,0.0,2.4697857074585387e-06,0.0
2022-12-21,0.0,3.68,0.027628442849023438,0.014867993802734736,-0.0027100271002709064,0.02503103937422382,1.0,0.027628442849023438,0.0004107795170584913,0.0
2022-12-22,0.0,3.67,-0.014841771734818598,-0.01445169956861636,-0.0027173913043478937,0.025030483690278695,0.0,-0.0,0.00021448882617758043,-0.0
2022-12-23,0.0,3.75,0.03630519498811546,0.005868102525282026,0.021798365122615904,0.02503514563714564,1.0,0.03630519498811546,0.0002130426063906167,0.0
2022-12-27,0.0,3.84,0.004885649083117949,-0.004049622110409712,0.02400000000000002,0.02503464648797371,0.0,0.0,-1.9785032550697382e-05,0.0
2022-12-28,0.0,3.88,-0.012688244653045744,-0.012020638322615351,0.01041666666666674,0.02503414733880178,0.0,-0.0,0.000152520799923121,-0.0
2022-12-29,0.0,3.83,-0.012010568992825599,0.01746133164481911,-0.012886597938144284,0.025033648189629856,0.0,-0.0,-0.00020972052842670882,-0.0
2022-12-30,0.0,3.88,0.044371522381365214,-0.0025407424823445934,0.01305483028720622,0.025038264802494093,1.0,0.044371522381365214,-0.00011273661192063854,0.0
2023-01-03,0.0,3.79,-0.04434879554857574,-0.004000548879248611,-0.02319587628865971,0.02503770351816372,0.0,-0.0,0.00017741952432788046,-0.0
2023-01-04,0.0,3.69,-0.05188796851894306,0.007538970575044379,-0.02638522427440637,0.025037142233833354,0.0,-0.0,-0.00039118186786314083,-0.0
2023-01-05,0.0,3.71,0.010919914484911919,-0.011645528874622113,0.005420054200542035,0.025036643084661424,0.0,0.0,-0.00012716817944244602,0.0
2023-01-06,0.0,3.55,-0.0015250062632974348,0.02284078102943865,-0.043126684636118684,0.0250361439354895,0.0,-0.0,-3.4832334128499175e-05,-0.0
2023-01-09,0.0,3.53,0.013745727825500209,-0.0007676325452631305,-0.005633802816901401,0.02503564478631757,0.0,0.0,-1.0551668037182963e-05,0.0
2023-01-10,0.0,3.61,0.00564967909129277,0.006978233159061986,0.022662889518413554,0.02503514563714564,0.0,0.0,3.9424777972918394e-05,0.0
2023-01-11,0.0,3.54,0.03208489068391862,0.012849424614881588,-0.01939058171745145,0.0250399486554852,1.0,0.03208489068391862,0.0004122723841197289,0.0
2023-01-12,0.0,3.43,0.01645095730584445,0.0034159058663651987,-0.031073446327683607,0.025039387371154832,0.0,0.0,5.619492156835748e-05,0.0
2023-01-13,0.0,3.49,0.014875639868603407,0.003996858363534361,0.017492711370262315,0.02503882608682446,0.0,0.0,5.945582562175272e-05,0.0
2023-01-17,0.0,3.53,0.007504683381911681,-0.0020304911890052235,0.011461318051575908,0.025038264802494093,0.0,0.0,-1.5238193483245592e-05,0.0
2023-01-18,0.0,3.37,-0.010940349534963922,-0.015562598500411085,-0.04532577903682711,0.02503770351816372,0.0,-0.0,0.00017026026726680264,-0.0
2023-01-19,0.0,3.39,0.013885623188546248,-0.007638350296294338,0.005934718100890191,0.025037142233833354,0.0,0.0,-0.00010606325399646377,0.0
2023-01-20,0.0,3.48,0.017061206230601034,0.018918401045981525,0.026548672566371723,0.025036643084661424,0.0,0.0,0.0003227707417987091,0.0
2023-01-23,0.0,3.52,0.006390564938268728,0.01188134498366522,0.011494252873563315,0.0250361439354895,0.0,0.0,7.5928506672086e-05,0.0
2023-01-24,0.0,3.46,-0.02335871562490266,-0.0007115031258156934,-0.017045454545454586,0.02503564478631757,0.0,-0.0,1.6619799182158122e-05,-0.0
2023-01-25,0.0,3.46,-0.0001160397904870214,-0.0001817250594663422,0.0,0.02503514563714564,0.0,-0.0,2.1087337826715853e-08,-0.0
2023-01-26,0.0,3.49,0.015675782989622356,0.011007853469181317,0.00867052023121384,0.02503464648797371,0.0,0.0,0.00017255672216444793,0.0
2023-01-27,0.0,3.52,-0.009260289782664799,0.002494840970949097,0.008595988538681931,0.02503414733880178,0.0,-0.0,-2.310295035265345e-05,-0.0
2023-01-30,0.0,3.55,-0.020309278350515436,-0.012968740984683369,0.008522727272727293,0.025033648189629856,0.0,-0.0,0.00026338577051367217,-0.0
2023-01-31,0.0,3.52,-0.004829253883869455,0.014642470285510134,-0.008450704225352101,0.025033149040457926,0.0,-0.0,-7.07122064957429e-05,-0.0
2023-02-01,0.0,3.39,-0.01952895688954026,0.010452303944590291,-0.03693181818181812,0.025032649891285997,0.0,-0.0,-0.0002041225931302754,-0.0
2023-02-02,0.05773672055427248,3.4,-0.008087858505117507,0.014699373244309921,0.002949852507374562,0.025032150742114068,0.0,-0.0,-0.00011888645091388872,-0.00046696642639246547
2023-02-03,0.0,3.53,-0.027138807073526894,-0.010354610691310495,0.03823529411764692,0.025031595058168942,0.0,-0.0,0.00028101178187295447,-0.0
2023-02-06,0.0,3.63,0.013134793473804196,-0.006140463017754394,0.028328611898017053,0.02503103937422382,0.0,0.0,-8.065371357173644e-05,0.0
2023-02-07,0.0,3.67,0.03333750646812339,0.01287251059802652,0.011019283746556585,0.02503564478631757,1.0,0.03333750646812339,0.00042913740532269604,0.0
2023-02-08,0.0,3.63,0.01672832901952126,-0.011080724476164705,-0.010899182561307952,0.02503514563714564,0.0,0.0,-0.00018536200481194555,0.0
2023-02-09,-0.0021834061135370675,3.67,-0.006933792023538943,-0.00882979617773516,0.011019283746556585,0.02503464648797371,0.0,-0.0,6.12239703066547e-05,1.5139283894189482e-05
2023-02-10,0.002188183807439792,3.74,0.02236685668222993,0.0021952617756952897,0.019073569482289,0.02503414733880178,0.0,0.0,4.910110551695413e-05,4.894279361538204e-05
2023-02-13,0.0,3.72,0.002546605188765483,0.011448609342766147,-0.005347593582887722,0.025033648189629856,0.0,0.0,2.9155087956437253e-05,0.0
2023-02-14,0.0,3.77,-0.011892377000789156,-0.0002804145319874607,0.013440860215053752,0.025033149040457926,0.0,-0.0,3.334795330894733e-06,-0.0
2023-02-15,0.0,3.81,-0.0023370480644713254,0.002773175690496066,0.010610079575596787,0.025032649891285997,0.0,-0.0,-6.481044879912762e-06,-0.0
2023-02-16,0.0,3.86,-0.0028109378249004946,-0.013788741489130674,0.013123359580052396,0.025032150742114068,0.0,-0.0,3.8759295009572184e-05,-0.0
2023-02-17,0.0,3.82,-0.02513506465808857,-0.002767405825327751,-0.010362694300518172,0.025031595058168942,0.0,-0.0,6.955892435478399e-05,-0.0
2023-02-21,0.0,3.95,0.0006024464067206914,-0.020041234255327334,0.03403141361256545,0.02503103937422382,0.0,0.0,-1.2073769563369583e-05,0.0
2023-02-22,0.0,3.93,-0.029500355058504235,-0.0015735561458868341,-0.005063291139240533,0.025030483690278695,0.0,-0.0,4.64204650081531e-05,-0.0
2023-02-23,0.0,3.88,0.01997519405497883,0.005329429416074394,-0.012722646310432628,0.02502992800633357,0.0,0.0,0.00010645638678839852,0.0
2023-02-24,0.0,3.95,0.01155582761484486,-0.010537551485558128,0.01804123711340222,0.025029372322388443,0.0,0.0,-0.00012177012844966209,0.0
2023-02-27,-0.0021834061135370675,3.92,-0.008537838896112149,0.0030730045671669703,-0.0075949367088608,0.025028816638443318,0.0,-0.0,-2.6236817921488437e-05,1.8641569642165835e-05
2023-02-28,0.0,3.92,0.017465160639244193,-0.0030360018281855305,0.0,0.025028260954498196,0.0,0.0,-5.302425963029934e-05,0.0
2023-03-01,0.002188183807439792,4.01,0.005006534414126351,-0.004725264845680033,0.022959183673469274,0.02502770527055307,0.0,0.0,-2.3657201065758526e-05,1.0955217536381347e-05
2023-03-02,-0.0021834061135370675,4.08,0.005218864359478381,0.0075821940867943916,0.017456359102244523,0.025027149586607945,0.0,0.0,3.957044248621898e-05,-1.1394900348205809e-05
2023-03-03,0.0,3.97,0.01274338443722356,0.0161477371607488,-0.026960784313725505,0.02502659390266282,0.0,0.0,0.0002057768224306628,0.0
2023-03-06,0.0,3.98,0.004077810400261006,0.0006871667698291617,0.0025188916876572875,0.02502141608078759,0.0,0.0,2.8021358007231163e-06,0.0
2023-03-07,0.0,3.97,-0.0335344555513406,-0.015326919115337678,-0.002512562814070307,0.02501623825891236,0.0,-0.0,0.000513979887812284,-0.0
2023-03-08,0.0,3.98,-0.0075639001860128285,0.0014147940136839399,0.0025188916876572875,0.025011060437037127,0.0,-0.0,-1.070136070327379e-05,-0.0
2023-03-09,0.0,3.93,-0.012944680338905279,-0.01845935787384867,-0.012562814070351758,0.025005882615161873,0.0,-0.0,0.00023895048693842522,-0.0
2023-03-10,0.0,3.7,0.014585151303084576,-0.01447813845705137,-0.058524173027989845,0.025000704793286643,0.0,0.0,-0.0002111658399831017,0.0
2023-03-13,0.002188183807439792,3.55,-0.02428125351377952,-0.001509761003189447,-0.04054054054054068,0.024995526971411414,0.0,-0.0,3.665888966366106e-05,-5.3131845763192896e-05
2023-03-14,0.0,3.64,-0.04110436836460141,0.016476655480623936,0.025352112676056526,0.024990349149536184,0.0,-0.0,-0.000677262516292195,-0.0
2023-03-15,0.0,3.51,-0.04854738095533617,-0.00698088356543769,-0.03571428571428581,0.02498517132766095,0.0,-0.0,0.000338903613856149,-0.0
2023-03-16,0.0,3.56,0.013705990953644331,0.017562006217166637,0.014245014245014342,0.024979993505785697,0.0,0.0,0.00024070469834033142,0.0
2023-03-17,0.0,3.39,-0.02315924763340671,-0.011019457310067593,-0.047752808988763995,0.024974815683910467,0.0,-0.0,0.00025520234062960915,-0.0
2023-03-20,0.0,3.47,0.011237490490702662,0.008918403718310097,0.02359882005899716,0.02497381097033331,0.0,0.0,0.00010022047697675697,0.0
2023-03-21,0.0,3.59,0.020734500072013384,0.012982193897784988,0.03458213256484144,0.024972806256756155,0.0,0.0,0.0002691793003085146,0.0
2023-03-22,0.0,3.48,0.018189096549826145,-0.01646322377571363,-0.03064066852367686,0.024971801543178997,0.0,0.0,-0.0002994511667778486,0.0
2023-03-23,0.05458515283842802,3.38,-0.01017080133610404,0.0029845287333754023,-0.028735632183908066,0.02497079682960184,0.0,-0.0,-3.035504882905544e-05,-0.0005551747454205269
2023-03-24,0.0,3.38,-0.01211969113366107,0.005639807253104534,0.0,0.02496979211602468,0.0,-0.0,-6.835272196100842e-05,-0.0
2023-03-27,0.0,3.53,0.041738964821663505,0.0016469543057482383,0.044378698224851965,0.024995526971411414,1.0,0.041738964821663505,6.874216783051296e-05,0.0
2023-03-28,0.0,3.55,0.006784418339258913,-0.0015738434957162095,0.0056657223796034994,0.024990349149536184,0.0,0.0,-1.0677612675460409e-05,0.0
2023-03-29,0.0,3.57,-0.00470442135287541,0.014237268879836451,0.005633802816901401,0.02498517132766095,0.0,-0.0,-6.697811172493117e-05,-0.0
2023-03-30,0.0,3.55,0.012646881441078506,0.005715269388667954,-0.0056022408963585235,0.024979993505785697,0.0,0.0,7.228033436230884e-05,0.0
2023-03-31,0.0,3.48,0.006307556719743257,0.014436542471763847,-0.019718309859154903,0.024974815683910467,0.0,0.0,9.105931047763298e-05,0.0
2023-04-03,0.0,3.43,0.06468602080050201,0.0036988464765423945,-0.014367816091953922,0.02502141608078759,1.0,0.06468602080050201,0.0002392636601194849,0.0
2023-04-04,0.0,3.35,0.00011776917690475841,-0.005796972083329965,-0.023323615160349864,0.02501623825891236,0.0,0.0,-6.827046307936326e-07,0.0
2023-04-05,0.0,3.3,0.000588596902828753,-0.002492370531228194,-0.014925373134328401,0.025011060437037127,0.0,0.0,-1.4670015753825688e-06,0.0
2023-04-06,0.0,3.3,0.0015296492067322642,0.0035791630944272956,0.0,0.025005882615161873,0.0,0.0,5.474863988156109e-06,0.0
2023-04-10,0.0,3.41,-0.011043261408306249,0.0009963029974375814,0.03333333333333344,0.025000704793286643,0.0,-0.0,-1.1002434442582282e-05,-0.0
2023-04-11,0.0,3.43,0.016987411499069127,-4.1352477946232646e-05,0.0058651026392961825,0.024995526971411414,0.0,0.0,-7.02471559378835e-07,0.0
2023-04-12,0.0,3.41,0.02009112496718224,-0.004134884052006904,-0.005830903790087438,0.024990349149536184,0.0,0.0,-8.307447221367957e-05,0.0
2023-04-13,0.0,3.45,-0.014199077833101703,0.01326268999363811,0.011730205278592365,0.02498517132766095,0.0,-0.0,-0.00018831796749596666,-0.0
2023-04-14,0.0,3.52,0.002555479498914659,-0.0020693734728036706,0.020289855072463725,0.024979993505785697,0.0,0.0,-5.288241485347611e-06,0.0
2023-04-17,0.0,3.6,-0.017958469078985018,0.00330615690296554,0.022727272727272707,0.024974815683910467,0.0,-0.0,-5.9373516512179526e-05,-0.0
2023-04-18,0.0,3.58,0.0001179153679098377,0.0008552202959737354,-0.005555555555555536,0.02497381097033331,0.0,0.0,1.0084361584370329e-07,0.0
2023-04-19,0.0,3.6,-0.01946436194201895,-8.42619976980652e-05,0.005586592178770999,0.024972806256756155,0.0,-0.0,1.6401060211527085e-06,-0.0
2023-04-20,0.0,3.54,-0.02430226426507187,-0.00595254815297297,-0.01666666666666672,0.024971801543178997,0.0,-0.0,0.00014466039826411457,-0.0
2023-04-21,0.0,3.57,0.006905119587233832,0.0009031888869577287,0.008474576271186418,0.02497079682960184,0.0,0.0,6.236627274303736e-06,0.0
2023-04-24,0.0,3.52,0.013103106133225628,0.0008515791660903549,-0.014005602240896309,0.02496979211602468,0.0,0.0,1.1158332194125695e-05,0.0
2023-04-25,0.0,3.4,-0.02369160684559457,-0.015810858882773227,-0.03409090909090917,0.024968787402447522,0.0,-0.0,0.0003745846525418399,-0.0
2023-04-26,0.0,3.43,-0.038132899958769007,-0.003841187197329843,0.008823529411764675,0.024967782688870368,0.0,-0.0,0.0001464756071186832,-0.0
2023-04-27,0.0,3.53,0.008752738882826572,0.01956614972249704,0.02915451895043719,0.02496677797529321,0.0,0.0,0.00017125739946330617,0.0
2023-04-28,0.0,3.44,0.01492915819753926,0.008253202753460531,-0.025495750708215303,0.024965773261716052,0.0,0.0,0.0001232133695427789,0.0
2023-05-01,0.0,3.59,-0.0028916690254738864,-0.0003861064902076494,0.043604651162790775,0.024964768548138894,0.0,-0.0,1.1164921782678962e-06,-0.0
2023-05-02,0.0,3.44,-0.05030888900005004,-0.011586262936400304,-0.04178272980501385,0.02495422694411765,0.0,-0.0,0.0005828920159927567,-0.0
2023-05-03,0.0,3.38,-0.0396972633548085,-0.006998305064656485,-0.01744186046511631,0.02494368534009641,0.0,-0.0,0.0002778135591889586,-0.0
2023-05-04,0.05175983436852993,3.37,0.0023503133505013984,-0.007218732334382416,-0.002958579881656709,0.024933143736075164,0.0,0.0,-1.6966282979195116e-05,0.00012165182973609703
2023-05-05,0.0,3.44,0.03862073174838354,0.018474751389515376,0.020771513353115667,0.02497079682960184,1.0,0.03862073174838354,0.0007135084175325494,0.0
2023-05-08,0.0,3.52,0.02270915026785958,0.0004521286642489297,0.023255813953488413,0.02496979211602468,0.0,0.0,1.0267457776835576e-05,0.0
2023-05-09,0.0,3.53,0.005583694237731862,-0.004579421277258522,0.0028409090909089496,0.024968787402447522,0.0,0.0,-2.557008819797509e-05,0.0
2023-05-10,0.0,3.43,-0.013300603652178444,0.004483965263404999,-0.028328611898016942,0.024967782688870368,0.0,-0.0,-5.96394447586858e-05,-0.0
2023-05-11,0.0,3.39,-0.01871483099908422,-0.0016966239932159066,-0.011661807580174988,0.02496677797529321,0.0,-0.0,3.17520313020271e-05,-0.0
2023-05-12,0.0,3.46,-0.010802949476173662,-0.0015833068345566526,0.020648967551622377,0.024965773261716052,0.0,-0.0,1.710438373899597e-05,-0.0
2023-05-15,0.0,3.5,0.014291562817269954,0.0029581644391338813,0.011560693641618602,0.024964768548138894,0.0,0.0,4.2276792905696e-05,0.0
2023-05-16,0.0,3.54,-0.004253617978799751,-0.006377683373153031,0.011428571428571344,0.02495422694411765,0.0,-0.0,2.7128228659135973e-05,-0.0
2023-05-17,0.0,3.57,0.027366110294294366,0.011890829058788244,0.008474576271186418,0.024972806256756155,1.0,0.027366110294294366,0.00032540573951339954,0.0
2023-05-18,0.0,3.65,-0.014293119636263452,0.009445048649426635,0.022408963585434094,0.024971801543178997,0.0,-0.0,-0.00013499921031658344,-0.0
2023-05-19,0.0,3.7,-0.003690993633589157,-0.0014458676054706077,0.013698630136986356,0.02497079682960184,0.0,-0.0,5.336688126804811e-06,-0.0
2023-05-22,0.0,3.72,0.005424662910584743,0.0001550346964389604,0.00540540540540535,0.02496979211602468,0.0,0.0,8.41010967626193e-07,0.0
2023-05-23,0.0,3.7,0.011185662561077114,-0.011222026747550129,-0.005376344086021501,0.024968787402447522,0.0,0.0,-0.00012552580444947747,0.0
2023-05-24,0.0,3.73,0.019781420417785744,-0.007318600335353365,0.008108108108108025,0.024967782688870368,0.0,0.0,-0.00014477231010337266,0.0
2023-05-25,0.0,3.83,-0.026799367761154436,0.008757581265902425,0.02680965147453085,0.02496677797529321,0.0,-0.0,-0.0002346976410431155,-0.0
2023-05-26,0.0,3.8,0.009047925422020153,0.01304908677799732,-0.007832898172323799,0.024965773261716052,0.0,0.0,0.00011806716399278901,0.0
2023-05-30,0.0,3.69,-0.04431444012932795,1.660326849850513e-05,-0.02894736842105261,0.024964768548138894,0.0,-0.0,-7.357645478281624e-07,-0.0
2023-05-31,0.0,3.64,-0.011966239359022968,-0.006108624209833935,-0.013550135501354976,0.02495422694411765,0.0,-0.0,7.309725944919541e-05,-0.0
2023-06-01,0.0,3.61,0.0222955551271502,0.009854453563032717,-0.008241758241758323,0.02494368534009641,0.0,0.0,0.00021971051266253766,0.0
2023-06-02,0.0,3.69,0.02490574184872929,0.014534424705965554,0.02216066481994461,0.024947060538316027,0.0,0.0,0.00036199062964657123,0.0
2023-06-05,0.0,3.69,0.007618571548400288,-0.0020035816359177394,0.0,0.024941157868375047,0.0,0.0,-1.5264430046300194e-05,0.0
2023-06-06,0.0,3.7,-0.005475142405917843,0.0023538963079141606,0.0027100271002711285,0.024935255198434092,0.0,-0.0,-1.2887917494594266e-05,-0.0
2023-06-07,0.0,3.79,0.008651147264313597,-0.0038120096998572883,0.024324324324324298,0.024929352528493137,0.0,0.0,-3.297825728645728e-05,0.0
2023-06-08,0.0,3.73,-0.012865469824975051,0.0061886426142414575,-0.0158311345646438,0.02492344985855218,0.0,-0.0,-7.961979481107818e-05,-0.0
2023-06-09,0.0,3.75,-0.015402819682030167,0.001148059539441082,0.00536193029490617,0.024917547188611226,0.0,-0.0,-1.7683354070245586e-05,-0.0
2023-06-12,0.0,3.73,-0.03944383662956019,0.009321148810237156,-0.005333333333333301,0.024911644518670246,0.0,-0.0,-0.00036766187087081375,-0.0
2023-06-13,0.0,3.84,0.03410362893273855,0.006932489951473775,0.029490616621983934,0.024964768548138894,1.0,0.03410362893273855,0.0002364230648850003,0.0
2023-06-14,0.0,3.83,-0.014672283670107422,0.0008194255259321714,-0.0026041666666666297,0.024958865878197938,0.0,-0.0,-1.2022843763003784e-05,-0.0
2023-06-15,-0.0019685039370078705,3.72,0.033743187481955816,0.01217813742034668,-0.028720626631853707,0.024972806256756155,1.0,0.033743187481955816,0.0004109291741557798,-6.642359740542471e-05
2023-06-16,0.0019723865877712132,3.77,0.012422392812902583,-0.0036716195284263176,0.013440860215053752,0.024971801543178997,0.0,0.0,-4.5610300041635856e-05,2.4501760972194568e-05
2023-06-20,-0.0019685039370078705,3.74,-0.009267707594518892,-0.0047351076976228645,-0.007957559681697535,0.02497079682960184,0.0,-0.0,4.388359357012429e-05,1.824351888684818e-05
2023-06-21,0.0,3.72,0.016073797051073146,-0.005245281583003636,-0.005347593582887722,0.02496979211602468,0.0,0.0,-8.431159164093213e-05,0.0
2023-06-22,0.0,3.8,-0.038641120990697386,0.003710798414438443,0.021505376344086002,0.024968787402447522,0.0,-0.0,-0.0001433894105044039,-0.0
2023-06-23,0.0,3.74,-0.003911531129144219,-0.007658808766684566,-0.015789473684210464,0.024967782688870368,0.0,-0.0,2.9957668903049325e-05,-0.0
2023-06-26,0.0,3.72,0.004468542151295107,-0.004486838293256468,-0.005347593582887722,0.02496677797529321,0.0,0.0,-2.0049626039461523e-05,0.0
2023-06-27,0.0,3.77,-0.025882962537698284,0.011455854954693034,0.013440860215053752,0.024965773261716052,0.0,-0.0,-0.0002965114646296251,-0.0
2023-06-28,0.0,3.71,0.024494832420977053,-0.00035407668843834283,-0.01591511936339529,0.024964768548138894,0.0,0.0,-8.673049147471711e-06,0.0
2023-06-29,0.0,3.85,0.004187458647918252,0.004473544672805918,0.037735849056603765,0.024958865878197938,0.0,0.0,1.873278332698977e-05,0.0
2023-06-30,0.0019723865877712132,3.81,0.007533026843893564,0.012269004495714109,-0.010389610389610393,0.024952963208256983,0.0,0.0,9.24227402140652e-05,1.485804111221618e-05
2023-07-03,0.0,3.86,-0.0033377836436174757,0.0011706778016009611,0.013123359580052396,0.024947060538316027,0.0,-0.0,-3.907469218129752e-06,-0.0
2023-07-05,0.0,3.95,0.02679169402704784,-0.0019683184132291975,0.023316062176165886,0.02497079682960184,1.0,0.02679169402704784,-5.2734584675040974e-05,0.0
2023-07-06,0.0,4.05,-0.0016960845430460392,-0.007922511336500904,0.025316455696202445,0.02496979211602468,0.0,-0.0,1.3437249019946201e-05,-0.0
2023-07-07,0.0,4.06,0.025483594657389697,-0.0028651005386203243,0.0024691358024691024,0.024995526971411414,1.0,0.025483594657389697,-7.301306077886924e-05,0.0
2023-07-10,-0.0019685039370078705,4.01,-0.00994008878760011,0.002405026057131332,-0.01231527093596052,0.024990349149536184,0.0,-0.0,-2.3906172544377255e-05,1.9567103912598606e-05
2023-07-11,0.0019723865877712132,3.99,0.022010542292907553,0.0067422110558885695,-0.004987531172069737,0.02498517132766095,0.0,0.0,0.00014839972159334425,4.3413298408101905e-05
2023-07-12,0.0,3.86,0.00894205378876789,0.007411233485312474,-0.03258145363408527,0.024979993505785697,0.0,0.0,6.627164846678186e-05,0.0
2023-07-13,0.0,3.76,0.015603545006570352,0.008470153458069118,-0.025906735751295318,0.024974815683910467,0.0,0.0,0.000132164420695539,0.0
2023-07-14,0.0,3.83,-0.0183136412560444,-0.0010244071333035398,0.018617021276595924,0.02497381097033331,0.0,-0.0,1.876062473945388e-05,-0.0
2023-07-17,0.0,3.81,-0.01715290721760565,0.0038553825145495324,-0.005221932114882533,0.024972806256756155,0.0,-0.0,-6.61310185604473e-05,-0.0
2023-07-18,0.0,3.8,0.01439486947029267,0.007117275205842377,-0.002624671916010568,0.024971801543178997,0.0,0.0,0.00010245224757225142,0.0
2023-07-19,0.0,3.75,-0.002134850870386229,0.002357910335732072,-0.013157894736842035,0.02497079682960184,0.0,-0.0,-5.033786932530299e-06,-0.0
2023-07-20,0.0,3.85,0.0022652945790300194,-0.006756896218903741,0.026666666666666616,0.02496979211602468,0.0,0.0,-1.530636037575108e-05,0.0
2023-07-21,0.0,3.84,0.017955805074524545,0.0003240945218980773,-0.0025974025974027093,0.024968787402447522,0.0,0.0,5.819378060923103e-06,0.0
2023-07-24,0.0,3.86,0.020599459420646005,0.004034153877153557,0.005208333333333259,0.024967782688870368,0.0,0.0,8.310138908906644e-05,0.0
2023-07-25,0.0,3.91,0.0108774661483646,0.002814673351556163,0.012953367875647714,0.02496677797529321,0.0,0.0,3.06165141002561e-05,0.0
2023-07-26,0.0,3.86,-0.008608336034878539,-0.00015543889679858758,-0.01278772378516635,0.024965773261716052,0.0,-0.0,1.3380702565330478e-06,-0.0
2023-07-27,0.04921259842519676,4.01,0.0159189547029992,-0.006424666064487883,0.03886010362694292,0.024964768548138894,0.0,0.0,-0.00010227396806247875,0.000783413125147597
2023-07-28,0.0,3.96,0.008903134128907197,0.009877842794752345,-0.012468827930174564,0.024958865878197938,0.0,0.0,8.794375930593965e-05,0.0
2023-07-31,0.0,3.97,0.006706667950949541,0.0014687129405193122,0.002525252525252597,0.024952963208256983,0.0,0.0,9.850170007325731e-06,0.0
2023-08-01,0.0,4.05,-0.007596936828326184,-0.002665087639215691,0.02015113350125941,0.024947060538316027,0.0,-0.0,2.0246502437074566e-05,-0.0
2023-08-02,0.0,4.08,-0.020139048876643306,-0.013839541336347905,0.007407407407407529,0.024941157868375047,0.0,-0.0,0.0002787151994030359,-0.0
2023-08-03,0.0,4.2,0.023317337891407774,-0.0025479738404268204,0.02941176470588247,0.024935255198434092,0.0,0.0,-5.9411966975700084e-05,0.0
2023-08-04,0.0,4.05,0.012919878811448848,-0.005300074155050516,-0.03571428571428581,0.024929352528493137,0.0,0.0,-6.847631577494482e-05,0.0
2023-08-07,0.0,4.09,-0.01043601053075871,0.00902409277936278,0.009876543209876631,0.02492344985855218,0.0,-0.0,-9.417552727597361e-05,-0.0
2023-08-08,0.0,4.02,0.009725824545016692,-0.004218283044793103,-0.017114914425427896,0.024917547188611226,0.0,0.0,-4.102628077487651e-05,0.0
2023-08-09,0.0,4.0,0.016014911362848716,-0.007038730380597102,-0.004975124378109319,0.024911644518670246,0.0,0.0,-0.000112724643152253,0.0
2023-08-10,0.0,4.09,-0.013135368198663011,0.00025071394456976925,0.022499999999999964,0.02490574184872929,0.0,-0.0,-3.293219974463108e-06,-0.0
2023-08-11,0.0,4.16,0.004745324368912618,-0.0010696923700230787,0.017114914425427896,0.024901102914649004,0.0,0.0,-5.076037270710408e-06,0.0
2023-08-14,0.0,4.19,-0.006911628740873033,0.005750475751703066,0.007211538461538547,0.024896463980568714,0.0,-0.0,-3.974515347916437e-05,-0.0
2023-08-15,0.0,4.21,-0.015311445410535529,-0.011550909428841738,0.004773269689737347,0.024891825046488427,0.0,-0.0,0.0001768611191617504,-0.0
2023-08-16,0.0,4.28,-0.016963157636467607,-0.007555395210577687,0.016627078384798155,0.024887186112408116,0.0,-0.0,0.00012816335996284166,-0.0
2023-08-17,0.0,4.3,0.00802882951278483,-0.007712913029036983,0.004672897196261516,0.02488254717832783,0.0,0.0,-6.192566375707476e-05,0.0
2023-08-18,0.0,4.26,0.008083693330637853,-0.00014870682600087726,-0.009302325581395321,0.024877908244247543,0.0,0.0,-1.2021003775636152e-06,0.0
2023-08-21,0.0,4.34,-0.004009480601995241,0.006879188518795987,0.018779342723004744,0.024873269310167253,0.0,-0.0,-2.7581972923580885e-05,-0.0
2023-08-22,0.0,4.34,-0.005091171084973811,-0.002777466728829614,0.0,0.024868630376086966,0.0,-0.0,1.4140558299294128e-05,-0.0
2023-08-23,0.0,4.19,-0.009758416122055746,0.011044879965972587,-0.034562211981566726,0.024863991442006655,0.0,-0.0,-0.00010778053472611742,-0.0
2023-08-24,0.0,4.23,0.001802686306084711,-0.013457974663146133,0.009546539379474916,0.02485935250792637,0.0,0.0,-2.4260506632888533e-05,0.0
2023-08-25,0.0,4.25,0.01343573342588189,0.006717966037625089,0.004728132387706863,0.02485914033318153,0.0,0.0,9.026080084565873e-05,0.0
2023-08-28,0.0,4.2,-0.0007102886553490562,0.006264619755036449,-0.0117647058823529,0.02485892815843669,0.0,-0.0,-4.449688342077973e-06,-0.0
2023-08-29,0.0,4.12,0.012674718289887643,0.01450830719454621,-0.01904761904761909,0.02485871598369185,0.0,0.0,0.00018388870655402332,0.0
2023-08-30,0.0,4.12,0.0043280238136353955,0.003833182103508026,0.0,0.024858503808947007,0.0,0.0,1.6590103425983752e-05,0.0
2023-08-31,0.0,4.09,0.011646866909984954,-0.0015969365120942491,-0.00728155339805836,0.024858291634202168,0.0,0.0,-1.85993070200573e-05,0.0
2023-09-01,0.0,4.18,0.019456624793125377,0.0017991292600010311,0.022004889975550057,0.024858079459457328,0.0,0.0,3.5004982966173375e-05,0.0
2023-09-05,0.0,4.27,0.016826626904785424,-0.004194177587506065,0.021531100478468845,0.02485786728471249,0.0,0.0,-7.057386143737757e-05,0.0
2023-09-06,0.0,4.3,0.006219430840733953,-0.006971599351452862,0.007025761124121788,0.02485765510996765,0.0,0.0,-4.335938001566675e-05,0.0
2023-09-07,0.0,4.27,-0.007505522258590469,-0.0032112659361860363,-0.006976744186046546,0.024857442935222806,0.0,-0.0,2.4102227962297657e-05,-0.0
2023-09-08,0.0,4.26,0.008118364899897257,0.0014266227216406246,-0.0023419203747072626,0.024857230760477966,0.0,0.0,1.1581843828763142e-05,0.0
2023-09-11,0.0,4.29,-0.00011033795986881145,0.006723453106275201,0.007042253521126751,0.024855980469951036,0.0,-0.0,-7.418520990200289e-07,-0.0
2023-09-12,0.0,4.27,0.015666352366585423,-0.005695885604828921,-0.004662004662004726,0.024854730179424103,0.0,0.0,-8.923375092501141e-05,0.0
2023-09-13,0.0,4.25,-0.001955249945137294,0.0012416323054647016,-0.004683840749414414,0.024853479888897172,0.0,-0.0,-2.4277014971405498e-06,-0.0
2023-09-14,0.0,4.29,0.019808443069544435,0.00842991886716793,0.009411764705882453,0.024852229598370232,0.0,0.0,0.00016698356796117445,0.0
2023-09-15,0.0,4.33,0.002454678382333819,-0.012159612938677844,0.00932400932400923,0.0248509793078433,0.0,0.0,-2.9847939018119108e-05,0.0
2023-09-18,0.0,4.32,0.005323112939162211,0.0007212876971294246,-0.002309468822170868,0.02484972901731637,0.0,0.0,3.839495873448154e-06,0.0
2023-09-19,0.0,4.37,-0.0009531289526027997,-0.002151010615372817,0.011574074074073959,0.024848478726789438,0.0,-0.0,2.0501904948677966e-06,-0.0
2023-09-20,0.0,4.35,-0.008585940110625412,-0.0093947947580596,-0.004576659038901698,0.024847228436262508,0.0,-0.0,8.066314514431727e-05,-0.0
2023-09-21,0.0,4.49,-0.0024590583827739376,-0.01640093410321941,0.03218390804597715,0.024845978145735567,0.0,-0.0,4.033085449184465e-05,-0.0
2023-09-22,0.0,4.44,-0.000321612086923051,-0.002295598477193961,-0.011135857461024412,0.024844727855208637,0.0,-0.0,7.382922169877276e-07,-0.0
2023-09-25,0.0,4.55,0.00021447703635590898,0.0040230650909416354,0.024774774774774633,0.024843828561862225,0.0,0.0,8.628550777720774e-07,0.0
2023-09-26,0.0,4.56,0.007181886186837794,-0.014734533990868215,0.00219780219780219,0.024842929268515813,0.0,0.0,-0.00010582174613850839,0.0
2023-09-27,0.0,4.61,0.02756496373479811,0.00022931406074522265,0.010964912280701844,0.024853479888897172,1.0,0.02756496373479811,6.321033768321353e-06,0.0
2023-09-28,0.0,4.59,-0.012118133209303328,0.005893173970516585,-0.004338394793926392,0.024852229598370232,0.0,-0.0,-7.141426720031898e-05,-0.0
2023-09-29,0.0,4.59,-0.000733903300901062,-0.002709582086142026,0.0,0.0248509793078433,0.0,-0.0,1.9885712370820187e-06,-0.0
2023-10-02,0.0,4.69,-0.048263546238086374,7.936755559079245e-05,0.02178649237472774,0.02484972901731637,0.0,-0.0,-3.830559689060102e-06,-0.0
2023-10-03,0.0,4.81,0.0023150599337686817,-0.013744071674259506,0.025586353944562656,0.024848478726789438,0.0,0.0,-3.181834965992323e-05,0.0
2023-10-04,0.0,4.73,-0.0562032634542764,0.008109754957160709,-0.01663201663201641,0.024847228436262508,0.0,-0.0,-0.0004557946944069273,-0.0
2023-10-05,0.0,4.72,-0.020277332633431233,-0.001304030159777203,-0.0021141649048627142,0.024845978145735567,0.0,-0.0,2.6442253313828825e-05,-0.0
2023-10-06,0.0,4.78,0.006066398692539332,0.011814893014644445,0.01271186440677985,0.024844727855208637,0.0,0.0,7.167385153653115e-05,0.0
2023-10-10,0.0,4.66,-0.005672149646568148,0.005207990781392224,-0.025104602510460317,0.024843828561862225,0.0,-0.0,-2.9540503070004076e-05,-0.0
2023-10-11,0.0,4.58,-0.02087851453732581,0.00429300817103373,-0.01716738197424894,0.024842929268515813,0.0,-0.0,-8.963163350778621e-05,-0.0
2023-10-12,0.0,4.7,0.002097416753855219,-0.00624643434611849,0.026200873362445476,0.0248420299751694,0.0,0.0,-1.3101376049405591e-05,0.0
2023-10-13,0.0,4.63,0.05686045801916784,-0.005018858888767519,-0.014893617021276673,0.024852229598370232,1.0,0.05686045801916784,-0.00028537461514889284,0.0
2023-10-16,0.0,4.71,-0.013642841589794896,0.01059436938392988,0.017278617710583255,0.0248509793078433,0.0,-0.0,-0.0001445373032487283,-0.0
2023-10-17,0.0,4.83,0.0027886223730608783,-9.824505308242415e-05,0.02547770700636942,0.02484972901731637,0.0,0.0,-2.739683530682016e-07,0.0
2023-10-18,0.0,4.91,0.01779753556133712,-0.013399820506516447,0.016563146997929712,0.024848478726789438,0.0,0.0,-0.00023848378198026082,0.0
2023-10-19,0.0,4.98,0.0096174563215079,-0.008482848196321058,0.014256619144602967,0.024847228436262508,0.0,0.0,-8.158342201009985e-05,0.0
2023-10-20,0.0,4.93,-0.0023813985478382538,-0.012585283719027562,-0.010040160642570406,0.024845978145735567,0.0,-0.0,2.9970576372624656e-05,-0.0
2023-10-23,0.0,4.86,-0.0252821369191486,-0.0016855698941634634,-0.014198782961460377,0.024844727855208637,0.0,-0.0,4.2614808851035496e-05,-0.0
2023-10-24,0.0,4.83,-0.019592587112939652,0.007265792222727274,-0.006172839506172867,0.024843828561862225,0.0,-0.0,-0.00014235566706830355,-0.0
2023-10-25,0.0,4.95,0.02339045720145294,-0.014339628627712542,0.024844720496894457,0.024842929268515813,0.0,0.0,-0.00033541046970123956,0.0
2023-10-26,0.0,4.86,-0.024409153614600387,-0.011832519778109618,-0.018181818181818188,0.0248420299751694,0.0,-0.0,0.00028882179291167494,-0.0
2023-10-27,0.0,4.84,0.029000375786507382,-0.004800280229768528,-0.004115226337448652,0.024852229598370232,1.0,0.029000375786507382,-0.0001392099305438293,0.0
2023-10-30,0.0,4.88,-0.033488133247943974,0.012010022325859904,0.008264462809917328,0.0248509793078433,0.0,-0.0,-0.00040219322795917846,-0.0
2023-10-31,0.0,4.88,-0.0004573274731671795,0.006474957307233353,0.0,0.02484972901731637,0.0,-0.0,-2.961175864182394e-06,-0.0
2023-11-01,0.0,4.77,-0.031804213387723324,0.010505999486313922,-0.02254098360655743,0.024848478726789438,0.0,-0.0,-0.00033413504951403957,-0.0
2023-11-02,0.0,4.67,0.02623184795877398,0.01885855702012762,-0.020964360587002018,0.02485765510996765,1.0,0.02623184795877398,0.0004946948004738574,0.0
2023-11-03,0.0,4.57,-0.0225676352205888,0.009393730253031363,-0.021413276231263323,0.024857442935222806,0.0,-0.0,-0.0002119942777110211,-0.0
2023-11-06,0.0,4.67,0.0034161964614491946,0.0017529924220356374,0.02188183807439814,0.024857230760477966,0.0,0.0,5.988566509105398e-06,0.0
2023-11-07,0.0,4.58,-0.04191124303867011,0.0028401189192852616,-0.01927194860813697,0.024855980469951036,0.0,-0.0,-0.0001190329142848897,-0.0
2023-11-08,0.0,4.49,-0.025364534730338617,0.0010049156221052513,-0.01965065502183405,0.024854730179424103,0.0,-0.0,-2.5489217197948486e-05,-0.0
2023-11-09,0.0,4.62,0.005908991894559845,-0.008083839306732843,0.028953229398663627,0.024853479888897172,0.0,0.0,-4.776734094040865e-05,0.0
2023-11-10,0.0,4.61,0.017747758168129124,0.015616441094852496,-0.0021645021645021467,0.024852229598370232,0.0,0.0,0.0002771568199982757,0.0
2023-11-13,0.0,4.63,0.013385685052261342,-0.0008358389332403515,0.00433839479392617,0.0248509793078433,0.0,0.0,-1.118827671477344e-05,0.0
2023-11-14,0.0,4.44,-0.0006058582694753456,0.019075017703661823,-0.0410367170626349,0.02484972901731637,0.0,-0.0,-1.1556757216152132e-05,-0.0
2023-11-15,0.0,4.53,-0.015642062524954925,0.0015970120755575135,0.020270270270270174,0.024848478726789438,0.0,-0.0,-2.4980562738978664e-05,-0.0
2023-11-16,0.0,4.45,-0.04631685294525356,0.0011904273935798848,-0.017660044150110354,0.024847228436262508,0.0,-0.0,-5.513685053044101e-05,-0.0
2023-11-17,0.0,4.44,0.04120385581054986,0.0012820490603360213,-0.0022471910112359383,0.024857442935222806,1.0,0.04120385581054986,5.282536462413636e-05,0.0
2023-11-20,0.0,4.42,0.0212132374584435,0.007390278097329839,-0.0045045045045045695,0.024857230760477966,0.0,0.0,0.0001567717241625919,0.0
2023-11-21,0.0,4.41,0.0015791697509706104,-0.0020209310950652926,-0.002262443438914019,0.024855980469951036,0.0,0.0,-3.191393254123021e-06,0.0
2023-11-22,0.0,4.42,-0.005942970065567432,0.00406112922094648,0.0022675736961450532,0.024854730179424103,0.0,-0.0,-2.4135169392486117e-05,-0.0
2023-11-24,0.0,4.47,-0.016837448375221054,0.0005968736678840791,0.011312217194570096,0.024853479888897172,0.0,-0.0,-1.004982956952702e-05,-0.0
2023-11-27,0.0,4.39,-0.007445997275838501,-0.001954157460090089,-0.017897091722595126,0.024852229598370232,0.0,-0.0,1.4550651124390287e-05,-0.0
2023-11-28,0.0,4.34,0.02125527477981537,0.0009801185306033133,-0.011389521640091105,0.0248509793078433,0.0,0.0,2.0832688684762304e-05,0.0
2023-11-29,0.0,4.27,0.017384894265914053,-0.0009462486392383118,-0.016129032258064613,0.02484972901731637,0.0,0.0,-1.6450432542423103e-05,0.0
2023-11-30,0.0,4.37,-0.003249057136270439,0.0037840728581564065,0.023419203747072626,0.024848478726789438,0.0,-0.0,-1.229466892396035e-05,-0.0
2023-12-01,0.0,4.22,-0.047688089947087065,0.005873742123607695,-0.034324942791762125,0.024847228436262508,0.0,-0.0,-0.00028010754271659793,-0.0
2023-12-04,0.0,4.28,-0.010775843099871119,-0.005408509126972105,0.014218009478673022,0.024845978145735567,0.0,-0.0,5.828124575647233e-05,-0.0
2023-12-05,0.0,4.18,-0.010636958144806585,-0.0005688697261614362,-0.02336448598130858,0.024844727855208637,0.0,-0.0,6.05104346702678e-06,-0.0
2023-12-06,0.0,4.12,-0.03756468926324752,-0.003906202808869552,-0.014354066985645786,0.024843828561862225,0.0,-0.0,0.00014673529471440937,-0.0
2023-12-07,0.0,4.14,-0.003364737412269614,0.007968189065892917,0.004854368932038833,0.024842929268515813,0.0,-0.0,-2.6810863858047564e-05,-0.0
2023-12-08,0.0,4.23,0.024172764515373313,0.00409549786994079,0.021739130434782705,0.0248420299751694,0.0,0.0,9.899950558329171e-05,0.0
2023-12-11,0.0,4.23,0.002505306574116073,0.003924494286698943,0.0,0.024841130681822986,0.0,0.0,9.83206133654783e-06,0.0
2023-12-12,0.0,4.2,-0.03669605366726725,0.00459935752021523,-0.007092198581560294,0.024840231388476575,0.0,-0.0,-0.0001687782703967673,-0.0
2023-12-13,0.0,4.04,0.013926874688857893,0.013650676351045998,-0.03809523809523818,0.024839332095130163,0.0,0.0,0.00019011125895917355,0.0
2023-12-14,0.0,3.92,0.03164554816211829,0.0026470624846992585,-0.02970297029702973,0.024848478726789438,1.0,0.03164554816211829,8.376774334768688e-05,0.0
2023-12-15,0.0,3.91,-0.0007831556992005106,-7.62494933082003e-05,-0.0025510204081632404,0.024847228436262508,0.0,-0.0,5.971522524546827e-08,-0.0
2023-12-18,0.0,3.95,0.018288619734447176,0.004528344366900416,0.010230179028132946,0.024845978145735567,0.0,0.0,8.281716815286766e-05,0.0
2023-12-19,0.0,3.93,0.01642086541121124,0.005866407818910568,-0.005063291139240533,0.024844727855208637,0.0,0.0,9.633149324160771e-05,0.0
2023-12-20,0.0,3.86,0.005932015289602521,-0.014684266911006771,-0.0178117048346057,0.024843828561862225,0.0,0.0,-8.710729583269656e-05,0.0
2023-12-21,0.0,3.89,-0.0038895554637858876,0.010301467821202559,0.007772020725388629,0.024842929268515813,0.0,-0.0,-4.0068130448972916e-05,-0.0
2023-12-22,0.0,3.9,-0.0040307305363948,0.0016600585268868873,0.0025706940874035134,0.0248420299751694,0.0,-0.0,-6.691248596525544e-06,-0.0
2023-12-26,0.0,3.89,0.025294043350438056,0.0042316894655107795,-0.002564102564102555,0.024852229598370232,1.0,0.025294043350438056,0.0001070365367862217,0.0
2023-12-27,0.0,3.79,-0.0175157046292177,0.0014304577464787638,-0.02570694087403602,0.0248509793078433,0.0,-0.0,-2.50554753718984e-05,-0.0
2023-12-28,0.0,3.84,-0.015819235556713496,0.0003701746080437829,0.01319261213720302,0.02484972901731637,0.0,-0.0,-5.855879321758692e-06,-0.0
2023-12-29,0.0,3.88,-0.01722156505462813,-0.0028264750133749628,0.01041666666666674,0.024848478726789438,0.0,-0.0,4.8676323318117836e-05,-0.0
2024-01-02,0.0,3.95,-0.014927330116984994,-0.005660579005492328,0.01804123711340222,0.024847228436262508,0.0,-0.0,8.449733146825859e-05,-0.0
2024-01-03,0.0,3.91,0.031097649615654976,-0.008016314922730805,-0.010126582278481067,0.024857442935222806,1.0,0.031097649615654976,-0.0002492885526758289,0.0
2024-01-04,0.0,3.99,-0.0084345515924521,-0.0034283812973570083,0.020460358056265893,0.024857230760477966,0.0,-0.0,2.891685893115555e-05,-0.0
2024-01-05,0.0,4.05,0.01507933823381924,0.0018256861788026324,0.015037593984962294,0.024855980469951036,0.0,0.0,2.7530139398973883e-05,0.0
2024-01-08,0.0,4.01,-0.03351954441395333,0.014114629309846638,-0.00987654320987652,0.024854730179424103,0.0,-0.0,-0.0004731159440378918,-0.0
2024-01-09,0.0,4.02,0.019311528353493035,-0.0014779006799081618,0.0024937655860348684,0.024853479888897172,0.0,0.0,-2.85405208836931e-05,0.0
2024-01-10,0.0,4.04,-0.01018163839952424,0.00566597189372442,0.004975124378109541,0.024852229598370232,0.0,-0.0,-5.768887700376963e-05,-0.0
2024-01-11,0.0,3.98,0.007942715965004066,-0.0006710555783868699,-0.014851485148514865,0.0248509793078433,0.0,0.0,-5.330003855858429e-06,0.0
2024-01-12,0.0,3.96,0.011368004286101296,0.0007509755941104146,-0.005025125628140725,0.02484972901731637,0.0,0.0,8.537093772604661e-06,0.0
2024-01-16,0.0,4.07,0.0,-0.0037313402367431525,0.0277777777777779,0.024848478726789438,0.0,0.0,-0.0,0.0
2024-01-17,0.0,4.1,-0.005236986298566504,-0.005616897183990499,0.007371007371007154,0.024847228436262508,0.0,-0.0,2.9415613593015023e-05,-0.0
2024-01-18,0.0,4.14,0.015665142061231707,0.008805260963896,0.009756097560975618,0.024845978145735567,0.0,0.0,0.00013793566388564887,0.0
2024-01-19,0.0,4.15,-0.0068268132230623335,0.012313502764936146,0.0024154589371983004,0.024844727855208637,0.0,-0.0,-8.406198349788069e-05,-0.0
2024-01-22,0.0,4.11,0.019093686947752708,0.0021943252026270788,-0.009638554216867434,0.024843828561862225,0.0,0.0,4.189775848052547e-05,0.0
2024-01-23,0.0,4.14,-0.006370153914415089,0.002921374261968035,0.007299270072992581,0.024842929268515813,0.0,-0.0,-1.860960369034717e-05,-0.0
2024-01-24,0.0,4.18,0.006159620929878873,0.0008119284117831249,0.009661835748792313,0.0248420299751694,0.0,0.0,5.001171238782648e-06,0.0
2024-01-25,0.0,4.14,0.029860061997885268,0.005260365527706368,-0.009569377990430672,0.024852229598370232,1.0,0.029860061997885268,0.0001570748407888506,0.0
2024-01-26,0.0,4.15,0.013587319452086799,-0.0006517852510764532,0.0024154589371983004,0.0248509793078433,0.0,0.0,-8.856014420534372e-06,0.0
2024-01-29,0.0,4.08,-0.01376423080638911,0.007556774896180896,-0.01686746987951815,0.02484972901731637,0.0,-0.0,-0.00010401319382296096,-0.0
2024-01-30,0.0,4.06,0.005703898203879509,-0.0006006499345398986,-0.004901960784313819,0.024848478726789438,0.0,0.0,-3.4260460827824725e-06,0.0
2024-01-31,0.0,3.99,-0.013997871650332727,-0.016105744611597972,-0.01724137931034464,0.024847228436262508,0.0,-0.0,0.00022544614590618633,-0.0
2024-02-01,0.0,3.87,-0.03683762293423476,0.012493688211609788,-0.03007518796992481,0.024845978145735567,0.0,-0.0,-0.0004602377753971752,-0.0
2024-02-02,0.0,4.03,-0.0174078166494529,0.01068444607751462,0.04134366925064592,0.024844727855208637,0.0,-0.0,-0.00018599287831834075,-0.0
2024-02-05,0.0,4.17,0.008534799134710447,-0.0031863375266721894,0.03473945409429269,0.024843828561862225,0.0,0.0,-2.7194750765537227e-05,0.0
2024-02-06,0.0,4.09,0.007693274657721627,0.0023104108269635937,-0.01918465227817745,0.024842929268515813,0.0,0.0,1.7774625064004682e-05,0.0
2024-02-07,0.0,4.09,0.00788907972353603,0.008241457963390042,0.0,0.0248420299751694,0.0,0.0,6.501751891135493e-05,0.0
2024-02-08,0.0,4.15,0.03055167525459157,0.0005705832608251526,0.014669926650366927,0.024852229598370232,1.0,0.03055167525459157,1.7432274490435984e-05,0.0
2024-02-09,0.0,4.17,0.006860286742994326,0.0057423415255595245,0.004819277108433662,0.0248509793078433,0.0,0.0,3.939410944154182e-05,0.0
2024-02-12,0.0,4.17,-0.0023117463896135115,-0.0009489536011326738,0.0,0.02484972901731637,0.0,-0.0,2.1937400613291987e-06,-0.0
2024-02-13,0.0,4.31,0.009390202964224548,-0.013674255653625456,0.033573141486810565,0.024848478726789438,0.0,0.0,-0.00012840403597223803,0.0
2024-02-14,0.0,4.27,-0.014135534812098172,0.009579763275017639,-0.009280742459396807,0.024847228436262508,0.0,-0.0,-0.00013541507726567143,-0.0
2024-02-15,0.0,4.24,0.015441202938625942,0.005821250684729495,-0.007025761124121677,0.024845978145735567,0.0,0.0,8.988711317952336e-05,0.0
2024-02-16,0.0,4.3,0.007361822421654063,-0.0048034698371121065,0.014150943396226356,0.024844727855208637,0.0,0.0,-3.53622919485909e-05,0.0
2024-02-20,0.0,4.27,-0.01353785631109139,-0.006005322001165325,-0.006976744186046546,0.024843828561862225,0.0,-0.0,8.129918635361197e-05,-0.0
2024-02-21,0.0,4.32,0.00837991829116369,0.001264199922982101,0.011709601873536535,0.024842929268515813,0.0,0.0,1.0593892058285437e-05,0.0
2024-02-22,0.0,4.33,0.007708050091023377,0.02112288421741404,0.0023148148148146586,0.0248420299751694,0.0,0.0,0.00016281624961471454,0.0
2024-02-23,0.0,4.26,-0.024500961721356296,0.0003479475462115911,-0.01616628175519641,0.024841130681822986,0.0,-0.0,-8.525049510770044e-06,-0.0
2024-02-26,0.0,4.28,0.011149179148403743,-0.003786751350190576,0.0046948356807512415,0.024840231388476575,0.0,0.0,-4.2219169193734486e-05,0.0
2024-02-27,0.0,4.31,0.013570856211656546,0.0017063496993998672,0.007009345794392274,0.024839332095130163,0.0,0.0,2.3156626417358967e-05,0.0
2024-02-28,0.0,4.27,0.0003586225791949449,-0.001658155060430544,-0.009280742459396807,0.02483843280178375,0.0,0.0,-5.946518444767513e-07,0.0
2024-02-29,0.0,4.25,-0.0007169880302932974,0.005229094697149161,-0.004683840749414414,0.02483753350843734,0.0,-0.0,-3.7491983071261037e-06,-0.0
2024-03-01,0.0,4.19,-0.0008371166290960241,0.00800782894888763,-0.014117647058823457,0.024836634215090924,0.0,-0.0,-6.70348677607037e-06,-0.0
2024-03-04,0.0,4.22,-0.008976660354343635,-0.0011932620709189656,0.007159904534606021,0.024835734921744512,0.0,-0.0,1.0711508324360262e-05,-0.0
2024-03-05,0.0,4.13,-0.009178769422935829,-0.010193100883444606,-0.02132701421800942,0.024830801840974862,0.0,-0.0,9.356012271386153e-05,-0.0
2024-03-06,0.0,4.11,0.011214019486574411,0.005141103203274655,-0.004842615012106477,0.024825868760205216,0.0,0.0,5.765243150401211e-05,0.0
2024-03-07,0.0,4.09,0.0,0.010304127925951478,-0.0048661800486619056,0.024820935679435566,0.0,0.0,0.0,0.0
2024-03-08,0.0,4.09,-0.010607488706960155,-0.0065285190034379825,0.0,0.024816002598665895,0.0,-0.0,6.925119160214317e-05,-0.0
2024-03-11,0.0,4.1,0.0015837871651798174,-0.001122238087346461,0.0024449877750609694,0.024811069517896245,0.0,0.0,-1.7773862790152718e-06,0.0
2024-03-12,0.0,4.16,-0.0035275625685065037,0.011201787981366396,0.014634146341463428,0.024806136437126595,0.0,-0.0,-3.9515007983414125e-05,-0.0
2024-03-13,0.0,4.19,0.025756843963790965,-0.0019245297153407392,0.007211538461538547,0.02483843280178375,1.0,0.025756843963790965,-4.9569811581710466e-05,0.0
2024-03-14,0.0,4.29,0.01654170427039081,-0.0028710915621273925,0.02386634844868718,0.02483753350843734,0.0,0.0,-4.7492747553925716e-05,0.0
2024-03-15,0.0,4.31,-0.0009365702735846249,-0.006482917484461503,0.004662004662004504,0.024836634215090924,0.0,-0.0,6.071707802048659e-06,-0.0
2024-03-18,0.0,4.34,0.018162680082863147,0.006318059504952345,0.006960556844547661,0.024835734921744512,0.0,0.0,0.00011475289353294215,0.0
2024-03-19,0.0,4.3,0.0056392895294219425,0.0056491496501236416,-0.009216589861751112,0.024830801840974862,0.0,0.0,3.1857190472079884e-05,0.0
2024-03-20,0.0,4.27,-0.016365304991124208,0.008904173912846591,-0.006976744186046546,0.024825868760205216,0.0,-0.0,-0.0001457195217777463,-0.0
2024-03-21,0.0,4.27,-0.001977872890998267,0.0032365354015160275,0.0,0.024820935679435566,0.0,-0.0,-6.401455631414741e-06,-0.0
2024-03-22,0.0,4.22,-0.0040801874458124,-0.0014021878490156903,-0.011709601873536313,0.024816002598665895,0.0,-0.0,5.721189258224512e-06,-0.0
2024-03-25,0.0,4.25,0.015451243007244209,-0.0030549644525015296,0.007109004739336511,0.024811069517896245,0.0,0.0,-4.720299813409389e-05,0.0
2024-03-26,0.0,4.24,-0.0057636887608069065,-0.002799795225030266,-0.0023529411764705577,0.024806136437126595,0.0,-0.0,1.613714827106779e-05,-0.0
2024-03-27,0.0,4.2,-0.0018551149230072728,0.008630626525532925,-0.009433962264150941,0.024801203356356948,0.0,-0.0,-1.601080406241854e-05,-0.0
2024-03-28,0.0,4.2,0.016145976050311317,0.0011164855071790214,0.0,0.024796270275587298,0.0,0.0,1.8026748259432164e-05,0.0
2024-04-01,0.0,4.33,-0.0006859303347697132,-0.0020135845401164643,0.030952380952380842,0.024791337194817627,0.0,-0.0,1.3811787176892053e-06,-0.0
2024-04-02,0.0,4.36,0.017158545314782003,-0.0072390590731691296,0.006928406466512715,0.024786404114047977,0.0,0.0,-0.0001242117231433563,0.0
2024-04-03,0.0,4.36,0.004835810998992551,0.001091122364688113,0.0,0.02478352202801335,0.0,0.0,5.276461532405538e-06,0.0
2024-04-04,0.0,4.31,0.014549558746040026,-0.012334336350379616,-0.01146788990825709,0.024780639941978728,0.0,0.0,-0.00017945915132326515,0.0
2024-04-05,0.0,4.39,0.005736311465123878,0.011099194174331695,0.018561484918793614,0.0247777578559441,0.0,0.0,6.366843479585506e-05,0.0
2024-04-08,0.0,4.42,-0.00866514128982876,-0.00037463099831791524,0.006833712984054774,0.024774875769909464,0.0,-0.0,3.246230531974336e-06,-0.0
2024-04-09,0.0,4.36,-0.01062180917953448,0.0014454931932483817,-0.013574660633484115,0.024771993683874838,0.0,-0.0,-1.535375286900027e-05,-0.0
2024-04-10,0.0,4.55,0.01185422958727389,-0.009456980649108493,0.04357798165137594,0.02476911159784021,0.0,0.0,-0.00011210521981693853,0.0
2024-04-11,0.0,4.56,-0.008178663414111775,0.007444797710585593,0.00219780219780219,0.024766229511805588,0.0,-0.0,-6.0888494661029494e-05,-0.0
2024-04-12,0.0,4.5,0.007911735027567923,-0.01455068829580164,-0.013157894736842035,0.02476334742577096,0.0,0.0,-0.00011512119026511644,0.0
2024-04-15,0.0,4.63,-0.003869524443669947,-0.01202135494776202,0.028888888888888964,0.024760465339736325,0.0,-0.0,4.65169268163978e-05,-0.0
2024-04-16,0.0,4.67,-0.0008879226682525498,-0.0020565070133361507,0.008639308855291628,0.024757583253701698,0.0,-0.0,1.8260191945615171e-06,-0.0
2024-04-17,0.0,4.59,-0.030326547759867428,-0.005780602724641426,-0.017130620985010725,0.02474413210960448,0.0,-0.0,0.00017530572460965798,-0.0
2024-04-18,0.0,4.64,-0.002062095352135196,-0.002208160119998248,0.01089324618736387,0.02473068096550726,0.0,-0.0,4.553436720218684e-06,-0.0
2024-04-19,0.0,4.62,0.0020663563760139336,-0.00875854812743615,-0.004310344827586077,0.02471722982141004,0.0,0.0,-1.809828176775259e-05,0.0
2024-04-22,0.0,4.62,-0.003322269589709159,0.008731248071466746,0.0,0.024703778677312757,0.0,-0.0,-2.9007559948040716e-05,-0.0
2024-04-23,0.0,4.61,0.01632181803385424,0.011964576270872662,-0.0021645021645021467,0.02469032753321554,0.0,0.0,0.00019528363674535393,0.0
2024-04-24,0.0,4.65,-0.004523880730178509,0.0002130100613548791,0.008676789587852562,0.02467687638911832,0.0,-0.0,-9.636321118974794e-07,-0.0
2024-04-25,0.0,4.7,0.011247506599877166,-0.004576430353515626,0.010752688172043001,0.0246634252450211,0.0,0.0,-5.147343060504519e-05,0.0
2024-04-26,0.0,4.67,0.005504975306253712,0.01020914263474304,-0.00638297872340432,0.024649974100923882,0.0,0.0,5.62010781022824e-05,0.0
2024-04-29,0.0,4.63,-0.01229048574436975,0.0031784486665891176,-0.008565310492505307,0.024636522956826598,0.0,-0.0,-3.9064678025924594e-05,-0.0
2024-04-30,0.0,4.69,-0.00610860753627096,-0.01573051358686217,0.012958963282937441,0.02462307181272938,0.0,-0.0,9.609153384611899e-05,-0.0
2024-05-01,0.0,4.63,-0.0503072858893715,-0.0034354388154940185,-0.01279317697228155,0.02462176761159889,0.0,-0.0,0.00017282760264650138,-0.0
2024-05-02,0.0,4.58,0.002756420431561768,0.009128437077573048,-0.010799136069114423,0.024620463410468398,0.0,0.0,2.5161810468848346e-05,0.0
2024-05-03,0.0,4.5,-0.008485706944071358,0.012556739721478527,-0.017467248908296984,0.024619159209337906,0.0,-0.0,-0.000106552813449447,-0.0
2024-05-06,0.0,4.49,0.004460013870121626,0.01032612390701182,-0.0022222222222221255,0.02461785500820741,0.0,0.0,4.6054655849867236e-05,0.0
2024-05-07,0.0,4.47,-0.00204005958490161,0.0013434298232750663,-0.0044543429844099425,0.02461655080707692,0.0,-0.0,-2.740676887614975e-06,-0.0
2024-05-08,0.0,4.48,0.005050482809642709,-5.835618166138978e-06,0.0022371364653246406,0.02461524660594643,0.0,0.0,-2.947268923172362e-08,0.0
2024-05-09,0.0,4.45,0.003589320600514867,0.005090947698625836,-0.006696428571428603,0.024613942404815937,0.0,0.0,1.8273043450821465e-05,0.0
2024-05-10,0.0,4.5,-0.012994711177654605,0.001649398844549843,0.011235955056179803,0.024612638203685446,0.0,-0.0,-2.1433461601682438e-05,-0.0
2024-05-13,0.0,4.48,0.006884885717126643,-0.00024130405535727206,-0.004444444444444362,0.02461133400255495,0.0,0.0,-1.6613508442140193e-06,0.0
2024-05-14,0.0,4.45,-0.01175627818807734,0.004837813139759728,-0.006696428571428603,0.02461002980142446,0.0,-0.0,-5.6874677092951244e-05,-0.0
2024-05-15,0.0,4.36,0.0044914148933972164,0.011715927882596233,-0.020224719101123556,0.02460471706279193,0.0,0.0,5.2621092981860435e-05,0.0
2024-05-16,0.0,4.38,0.006283947348234564,-0.0020816677921287052,0.004587155963302614,0.0245994043241594,0.0,0.0,-1.3081090802252477e-05,0.0
2024-05-17,0.0,4.42,0.008526561096316554,0.0011647735102702228,0.009132420091324311,0.024594091585526872,0.0,0.0,9.931512498690152e-06,0.0
2024-05-20,0.0,4.44,-0.0032151019488931842,0.0009163899374069473,0.00452488687782826,0.024588778846894317,0.0,-0.0,-2.9462870737031793e-06,-0.0
2024-05-21,0.0,4.41,-0.009915205353390633,0.002501874243978186,-0.006756756756756799,0.024583466108261787,0.0,-0.0,-2.4806596897402652e-05,-0.0
2024-05-22,0.0,4.43,-0.011824273166208932,-0.002706123039226127,0.0045351473922901064,0.024578153369629256,0.0,-0.0,3.1997938037181255e-05,-0.0
2024-05-23,0.0,4.47,-0.006593417649164657,-0.0073807894850155265,0.009029345372460584,0.024572840630996726,0.0,-0.0,4.866462765527029e-05,-0.0
2024-05-24,0.0,4.46,0.009341225793129793,0.0070010425881694704,-0.0022371364653243075,0.0245675278923642,0.0,0.0,6.539831960340881e-05,0.0
2024-05-28,0.0,4.54,0.025572313734591345,0.0002488018529340774,0.017937219730941756,0.02461133400255495,1.0,0.025572313734591345,6.362439040977884e-06,0.0
2024-05-29,0.0,4.61,-0.007361704317211726,-0.007367046509680453,0.01541850220264318,0.02461002980142446,0.0,-0.0,5.423401809541417e-05,-0.0
2024-05-30,0.0,4.55,-0.02081337195607913,-0.005975035585443322,-0.013015184381778844,0.02460471706279193,0.0,-0.0,0.00012436063809064088,-0.0
2024-05-31,0.0,4.51,-0.002931808721965523,0.00802787620486467,-0.00879120879120876,0.0245994043241594,0.0,-0.0,-2.3536197476281722e-05,-0.0
2024-06-03,0.0,4.41,-0.03994121571341147,0.0011160825806737495,-0.022172949002217224,0.024594091585526872,0.0,-0.0,-4.457769510867119e-05,-0.0
2024-06-04,0.0,4.33,-0.010719805522489856,0.0015028090913065117,-0.01814058956916098,0.024588778846894317,0.0,-0.0,-1.6109821196235508e-05,-0.0
2024-06-05,0.0,4.29,0.011480999194839026,0.011847649793331305,-0.009237875288683584,0.024583466108261787,0.0,0.0,0.00013602285773797146,0.0
2024-06-06,0.0,4.28,0.01862006142435857,-0.00019981663563317653,-0.002331002331002252,0.024578153369629256,0.0,0.0,-3.7205980290984222e-06,0.0
2024-06-07,0.0,4.43,-0.0031300862827464693,-0.0011152197300303701,0.03504672897196248,0.024572840630996726,0.0,-0.0,3.4907339792162822e-06,-0.0
2024-06-10,0.0,4.47,0.025244843475243695,0.0025808546645145203,0.009029345372460584,0.024612638203685446,1.0,0.025244843475243695,6.515327203802164e-05,0.0
2024-06-11,0.0,4.39,0.0035526267951111468,0.0027103813151374556,-0.017897091722595126,0.02461133400255495,0.0,0.0,9.628973285125915e-06,0.0
2024-06-12,0.0,4.31,0.008300785160827218,0.008503672791998707,-0.018223234624145768,0.02461002980142446,0.0,0.0,7.058716092435302e-05,0.0
2024-06-13,0.0,4.24,0.0018159991361974548,0.0023446558536817097,-0.016241299303944134,0.02460471706279193,0.0,0.0,4.257893004966291e-06,0.0
2024-06-14,0.0,4.2,-0.0015709637875283011,-0.000393860697500914,-0.009433962264150941,0.0245994043241594,0.0,-0.0,6.187408931045744e-07,-0.0
2024-06-17,0.0,4.28,0.019728845306597353,0.007664386564552705,0.01904761904761898,0.024594091585526872,0.0,0.0,0.00015120949690202346,0.0
2024-06-18,0.0,4.22,0.012819012831509546,0.0025213273947457537,-0.014018691588785215,0.024588778846894317,0.0,0.0,3.2320928225682355e-05,0.0
2024-06-20,0.0,4.25,0.004453266673664524,-0.0025259318472709014,0.007109004739336511,0.024583466108261787,0.0,0.0,-1.1248648115399375e-05,0.0
2024-06-21,0.0,4.25,-0.0054836218145318805,-0.001562130321101196,0.0,0.024578153369629256,0.0,-0.0,8.56613190593221e-06,-0.0
2024-06-24,0.0,4.25,0.00903336804033672,-0.003065171894990004,0.0,0.024572840630996726,0.0,0.0,-2.7688825834341046e-05,0.0
2024-06-25,0.0,4.23,-0.011626554762969366,0.003933590015736899,-0.004705882352941115,0.0245675278923642,0.0,-0.0,-4.573409973303458e-05,-0.0
2024-06-26,0.0,4.32,0.0028231720707985186,0.0015724312002203256,0.02127659574468077,0.024562215153731644,0.0,0.0,4.439243847714217e-06,0.0
2024-06-27,0.0,4.29,0.013372426858046182,0.0009073212238914774,-0.006944444444444531,0.024556902415099113,0.0,0.0,1.2133086703241726e-05,0.0
2024-06-28,0.0,4.36,0.00023155773356031695,-0.004083652583445674,0.01631701631701632,0.024550695415686913,0.0,0.0,-9.456013368704134e-07,0.0
2024-07-01,0.0,4.48,0.0021987594486705397,0.0026755639309195,0.02752293577981657,0.024544488416274712,0.0,0.0,5.882921473631342e-06,0.0
2024-07-02,0.0,4.43,-0.004157051001093759,0.006195317856513505,-0.011160714285714413,0.024538281416862512,0.0,-0.0,-2.5754252297513506e-05,-0.0
2024-07-03,0.0,4.36,0.012755084663368388,0.005084444409779065,-0.015801354401805745,0.024532074417450284,0.0,0.0,6.48525189129221e-05,0.0
2024-07-05,0.0,4.28,-0.00915955410930358,0.005448765178485582,-0.01834862385321101,0.024525867418038083,0.0,-0.0,-4.990825948122787e-05,-0.0
2024-07-08,0.0,4.28,-0.00912873708307993,0.0010166989647510949,0.0,0.024519660418625883,0.0,-0.0,-9.281177541852295e-06,-0.0
2024-07-09,0.0,4.3,-0.012711327555575802,0.0007410719362856977,0.004672897196261516,0.024513453419213682,0.0,-0.0,-9.420008124372304e-06,-0.0
2024-07-10,0.0,4.28,0.00496099870986999,0.010208065293514812,-0.0046511627906975495,0.02450724641980148,0.0,0.0,5.0642198751395605e-05,0.0
2024-07-11,0.0,4.2,0.0037611622935744826,-0.008763028841120457,-0.01869158878504673,0.024501039420389253,0.0,0.0,-3.295917365472796e-05,0.0
2024-07-12,0.0,4.18,-0.00433258477717835,0.0055170270744306915,-0.004761904761904856,0.024494832420977053,0.0,-0.0,-2.390298751795922e-05,-0.0
2024-07-15,0.0,4.23,-0.002116903537103254,0.0028262026252154904,0.011961722488038395,0.024491973536570358,0.0,-0.0,-5.982798333889174e-06,-0.0
2024-07-16,0.0,4.17,-0.013199706980891679,0.006389375498743188,-0.014184397163120699,0.024489114652163663,0.0,-0.0,-8.433788437429872e-05,-0.0
2024-07-17,0.0,4.16,0.016123234444004098,-0.013927543241993745,-0.0023980815347721673,0.024486255767756968,0.0,0.0,-0.00022455704491967005,0.0
2024-07-18,0.0,4.2,0.0003525949535878592,-0.007816403936922511,0.009615384615384581,0.02448339688335026,0.0,0.0,-2.756024583363153e-06,0.0
2024-07-19,0.0,4.25,-0.02913880083596143,-0.007140265531926926,0.011904761904761862,0.024480537998943563,0.0,-0.0,0.0002080587752506989,-0.0
2024-07-22,0.0,4.26,-0.0027834410647950003,0.01079203564940956,0.0023529411764704466,0.02447767911453687,0.0,-0.0,-3.0038995199298146e-05,-0.0
2024-07-23,0.0,4.25,-0.01686892431927789,-0.001558102589770738,-0.0023474178403755097,0.024474820230130173,0.0,-0.0,2.628351466851346e-05,-0.0
2024-07-24,0.0,4.28,0.008640870630580055,-0.02314909375473495,0.007058823529411784,0.024471961345723478,0.0,0.0,-0.0002000283243498334,0.0
2024-07-25,0.0,4.27,0.008077391622866914,-0.005142620237842288,-0.00233644859813098,0.02446910246131677,0.0,0.0,-4.1538957628733155e-05,0.0
2024-07-26,0.0,4.2,-0.015054090710413637,0.011090468702846357,-0.016393442622950727,0.024466243576910074,0.0,-0.0,-0.0001669569218736525,-0.0
2024-07-29,0.0,4.17,-0.01663994231263477,0.0008133101292933098,-0.0071428571428572285,0.024465875181451026,0.0,-0.0,-1.3533433633722201e-05,-0.0
2024-07-30,0.0,4.15,-0.014414659607356772,-0.004960171878030217,-0.004796163069544224,0.024465506785991974,0.0,-0.0,7.149918921578916e-05,-0.0
2024-07-31,0.0,4.09,0.026580237063334122,0.0157933986591674,-0.014457831325301318,0.024486255767756968,1.0,0.026580237063334122,0.0004197922803964128,0.0
2024-08-01,0.0,3.99,-0.014866260647787732,-0.013693502993456064,-0.024449877750611138,0.02448339688335026,0.0,-0.0,0.0002035711846819794,-0.0
2024-08-02,0.0,3.8,-0.03407946678665952,-0.018381860868696753,-0.04761904761904767,0.024480537998943563,0.0,-0.0,0.0006264440169517473,-0.0
2024-08-05,0.0,3.78,-0.006639689142639238,-0.02996879838863975,-0.0052631578947368585,0.02447767911453687,0.0,-0.0,0.00019898350527899563,-0.0
2024-08-06,0.0,3.9,0.0023591126864526135,0.010354085880061037,0.031746031746031855,0.024474820230130173,0.0,0.0,2.4426455356271867e-05,0.0
2024-08-07,0.0,3.96,0.02418930953084719,-0.007734647858502863,0.01538461538461533,0.024471961345723478,0.0,0.0,-0.00018709579116143012,0.0
2024-08-08,0.0,3.99,0.010596218711252714,0.023042611519136447,0.007575757575757569,0.02446910246131677,0.0,0.0,0.00024416455133520097,0.0
2024-08-09,0.0,3.94,0.00631632108222524,0.004671676849538509,-0.01253132832080206,0.024466243576910074,0.0,0.0,2.9507810974083674e-05,0.0
2024-08-12,0.0,3.9,0.033140839421077706,4.303397765514916e-05,-0.010152284263959421,0.024491973536570358,1.0,0.033140839421077706,1.4261821431195444e-06,0.0
2024-08-13,0.0,3.85,-0.019562582632458025,0.016847579753558328,-0.012820512820512775,0.024489114652163663,0.0,-0.0,-0.00032958217108591164,-0.0
2024-08-14,0.0,3.83,-0.011525595204326722,0.0038237284285767004,-0.0051948051948051965,0.024486255767756968,0.0,-0.0,-4.407074603905137e-05,-0.0
2024-08-15,0.0,3.92,0.01604812869877592,0.016133247764330783,0.023498694516971286,0.02448339688335026,0.0,0.0,0.0002589084364512193,0.0
2024-08-16,0.0,3.89,-0.016781843472202906,0.001989779357261412,-0.007653061224489721,0.024480537998943563,0.0,-0.0,-3.339216571778152e-05,-0.0
2024-08-19,0.0,3.86,-0.025351363395203164,0.009722284736913167,-0.007712082262210873,0.02447767911453687,0.0,-0.0,-0.00024647317339712287,-0.0
2024-08-20,0.0,3.82,-0.005923341387783498,-0.0019845553982971165,-0.010362694300518172,0.024474820230130173,0.0,-0.0,1.1755199127082475e-05,-0.0
2024-08-21,0.0,3.79,-0.014896294584770153,0.004239676828782013,-0.007853403141361182,0.024471961345723478,0.0,-0.0,-6.3155474985761e-05,-0.0
2024-08-22,0.0,3.86,0.015384590690272981,-0.008932805548120926,0.01846965699208436,0.02446910246131677,0.0,0.0,-0.00013742755707364004,0.0
2024-08-23,0.0,3.81,0.023309963661081845,0.01148337085011919,-0.012953367875647603,0.024466243576910074,0.0,0.0,0.00026767695722300486,0.0
2024-08-26,0.0,3.82,0.030498655587083423,-0.0031537266931381813,0.002624671916010346,0.024491973536570358,1.0,0.030498655587083423,-9.618442422981293e-05,0.0
2024-08-27,0.0,3.83,-0.02308728044175723,0.0015951960865450143,0.002617801047120505,0.024489114652163663,0.0,-0.0,-3.682873940965838e-05,-0.0
2024-08-28,0.0,3.84,-0.011313657967974344,-0.00597597320797616,0.0026109660574411553,0.024486255767756968,0.0,-0.0,6.761011690082069e-05,-0.0
2024-08-29,0.0,3.87,0.01640179136046016,-3.937906806072977e-05,0.0078125,0.02448339688335026,0.0,0.0,-6.458872583014502e-07,0.0
2024-08-30,0.0,3.91,-0.014260687450992071,0.010093051774424433,0.010335917312661591,0.024480537998943563,0.0,-0.0,-0.00014393385678174777,-0.0
2024-09-03,0.0,3.84,-0.06408633066220626,-0.02115107439771169,-0.017902813299232823,0.02447767911453687,0.0,-0.0,0.0013554947477126763,-0.0
2024-09-04,0.0,3.77,-0.014237329515360164,-0.0016025435809103872,-0.01822916666666663,0.024474820230130173,0.0,-0.0,2.2815941024146424e-05,-0.0
2024-09-05,0.0,3.73,-0.0001374760282735199,-0.003018017615584734,-0.010610079575596787,0.024471961345723478,0.0,-0.0,4.1490507505010796e-07,-0.0
2024-09-06,0.0,3.72,-0.02242405871600306,-0.01726024985928465,-0.002680965147452974,0.02446910246131677,0.0,-0.0,0.0003870448562974825,-0.0
2024-09-09,0.0,3.7,0.01097662265825039,0.0115800702824842,-0.005376344086021501,0.024466243576910074,0.0,0.0,0.00012711006184684806,0.0
2024-09-10,0.0,3.65,-0.0368874447601647,0.004472672652839682,-0.013513513513513598,0.024465875181451026,0.0,-0.0,-0.0001649854654119231,-0.0
2024-09-11,0.0,3.65,0.020523169805461983,0.010665025888896507,0.0,0.024465506785991974,0.0,0.0,0.00021888013729747113,0.0
2024-09-12,0.0,3.68,0.019260736419710156,0.007495302358939249,0.008219178082191858,0.024465138390532926,0.0,0.0,0.00014436504312156063,0.0
2024-09-13,0.0,3.66,-0.0050020925975474695,0.005407711405364557,-0.005434782608695676,0.024464769995073875,0.0,-0.0,-2.7049873190447074e-05,-0.0
2024-09-16,0.0,3.63,0.015919555647701644,0.0012566297656613212,-0.00819672131147553,0.024464401599614827,0.0,0.0,2.000498748300368e-05,0.0
2024-09-17,0.0,3.65,0.01305837729542536,0.00026455008109871336,0.005509641873278293,0.02446403320415578,0.0,0.0,3.4545947725223762e-06,0.0
2024-09-18,0.0,3.7,-0.0006783639678898945,-0.002896455862498093,0.013698630136986356,0.024463664808696727,0.0,-0.0,1.964851291702153e-06,-0.0
2024-09-19,-0.09380863039399623,3.73,0.01670055264162995,0.01697685316676334,0.008108108108108025,0.02446329641323768,0.0,0.0,0.00028352283000075327,-0.0015666559701341413
2024-09-20,0.0,3.73,-0.005208325373311062,-0.0019410273951238066,0.0,0.024462928017778628,0.0,-0.0,1.0109502232315199e-05,-0.0
2024-09-23,0.0,3.75,-0.007920477309848128,0.0028092730585327352,0.00536193029490617,0.02446255962231958,0.0,-0.0,-2.2250783517276184e-05,-0.0
2024-09-24,0.0,3.74,0.01718533987609816,0.0025111788443470395,-0.002666666666666595,0.02446253856765528,0.0,0.0,4.315546192977127e-05,0.0
2024-09-25,0.0,3.79,-0.022748425251114313,-0.0018612489301417234,0.013368983957219305,0.02446251751299098,0.0,-0.0,4.234048216104548e-05,-0.0
2024-09-26,0.0,3.79,-0.025319910611661167,0.00403867571712313,0.0,0.024462496458326675,0.0,-0.0,-0.00010225890814704421,-0.0
2024-09-27,0.0,3.75,0.005307330878643102,-0.0012532169669905446,-0.01055408970976257,0.024462475403662375,0.0,0.0,-6.6512371065483705e-06,0.0
2024-09-30,0.0,3.81,-0.0029175702149638605,0.004236552581176722,0.016000000000000014,0.024462454348998075,0.0,-0.0,-1.2360439624969468e-05,-0.0
2024-10-01,0.0,3.74,0.024940796979962876,-0.009324107094664358,-0.01837270341207342,0.02446403320415578,1.0,0.024940796979962876,-0.00023255066206745524,0.0
2024-10-02,0.0,3.79,0.0046221313019256804,0.00013839090212397487,0.013368983957219305,0.024463664808696727,0.0,0.0,6.396609206089574e-07,0.0
2024-10-03,0.0,3.85,0.05033831047216464,-0.001681413492255035,0.0158311345646438,0.024471961345723478,1.0,0.05033831047216464,-8.463951440522054e-05,0.0
2024-10-04,0.0,3.98,0.005539813063131005,0.008970249395274354,0.033766233766233666,0.02446910246131677,0.0,0.0,4.9693504779483864e-05,0.0
2024-10-07,0.0,4.03,0.03689938681370886,-0.009586022165882668,0.012562814070351758,0.024494832420977053,1.0,0.03689938681370886,-0.0003537183399036917,0.0
2024-10-08,0.0,4.04,-0.046336339872226295,0.009689347495581924,0.002481389578163684,0.024491973536570358,0.0,-0.0,-0.00044896889869538867,-0.0
2024-10-09,0.0,4.06,-0.007774014922889982,0.007113411987488272,0.004950495049504955,0.024489114652163663,0.0,-0.0,-5.5299770943398314e-05,-0.0
2024-10-10,0.0,4.09,0.03682423122743583,-0.002070122839989974,0.007389162561576512,0.024538281416862512,1.0,0.03682423122743583,-7.623068212898696e-05,0.0
2024-10-11,0.0,4.08,-0.004534012637697815,0.006051847587953629,-0.0024449877750610804,0.024532074417450284,0.0,-0.0,-2.7439153445202795e-05,-0.0
2024-10-15,0.0,4.03,-0.04144073228005141,-0.007609466332438197,-0.01225490196078427,0.024525867418038083,0.0,-0.0,0.00031534185707663597,-0.0
2024-10-16,0.0,4.02,-0.00040402396359429105,0.004679145956573816,-0.002481389578163906,0.024519660418625883,0.0,-0.0,-1.8904870956111536e-06,-0.0
2024-10-17,0.0,4.09,0.003098837560715495,-0.00017116047891174713,0.017412935323383172,0.024513453419213682,0.0,0.0,-5.303985209617744e-07,0.0
2024-10-18,0.0,4.08,-0.018670241056084502,0.00397155273894878,-0.0024449877750610804,0.02450724641980148,0.0,-0.0,-7.414984700312638e-05,-0.0
2024-10-21,0.0,4.19,0.016835524199780183,-0.0018227694906369774,0.026960784313725616,0.024501039420389253,0.0,0.0,-3.068727987023983e-05,0.0
2024-10-22,0.0,4.2,0.023556332998162954,-0.0004748538883844189,0.0023866348448686736,0.024494832420977053,0.0,0.0,-1.1185816320255876e-05,0.0
2024-10-23,0.0,4.24,-0.0142030749349209,-0.009191323428069387,0.00952380952380949,0.024491973536570358,0.0,-0.0,0.00013054505539996357,-0.0
2024-10-24,0.0,4.21,-0.007737484500247693,0.002145772011323821,-0.007075471698113289,0.024489114652163663,0.0,-0.0,-1.6602877678683384e-05,-0.0
2024-10-25,0.0,4.25,0.022452350900874718,-0.00029944716993013376,0.009501187648456089,0.024486255767756968,0.0,0.0,-6.723292935545223e-06,0.0
2024-10-28,0.0,4.28,-0.060881061104776424,0.0026514435020339455,0.007058823529411784,0.02448339688335026,0.0,-0.0,-0.00016142269386319104,-0.0
2024-10-29,0.0,4.28,-0.004200440073572009,0.001614127248163344,0.0,0.024480537998943563,0.0,-0.0,-6.780044777029821e-06,-0.0
2024-10-30,0.0,4.29,0.02010686515678617,-0.003300233889343751,0.002336448598130758,0.02447767911453687,0.0,0.0,-6.635735779889076e-05,0.0
2024-10-31,0.0,4.28,0.00840800254572538,-0.018614700871699585,-0.002331002331002252,0.024474820230130173,0.0,0.0,-0.00015651245231716656,0.0
2024-11-01,0.0,4.37,-0.000820191156159833,0.004092509543626166,0.02102803738317749,0.024471961345723478,0.0,-0.0,-3.3566401341818955e-06,-0.0
2024-11-04,0.0,4.31,0.0270862297984118,-0.002812083478299976,-0.013729977116704872,0.024501039420389253,1.0,0.0270862297984118,-7.616873930555031e-05,0.0
2024-11-05,0.0,4.26,0.005993566026473607,0.012265644545291332,-0.011600928074245953,0.024494832420977053,0.0,0.0,7.351495043945944e-05,0.0
2024-11-06,0.0,4.42,-0.008076269299752248,0.025295927786425976,0.03755868544600949,0.024491973536570358,0.0,-0.0,-0.00020429672499026194,-0.0
2024-11-07,0.0,4.31,0.009476763238456032,0.007431229727488331,-0.02488687782805432,0.024489114652163663,0.0,0.0,7.042400469798305e-05,0.0
2024-11-08,-0.051759834368530044,4.3,-0.02327111689477679,0.0037568333092317108,-0.002320185614849146,0.024486255767756968,0.0,-0.0,-8.742570709332226e-05,0.0012045091560443479
2024-11-12,0.0,4.43,0.0008352715726620552,-0.00289265965137242,0.03023255813953485,0.02448339688335026,0.0,0.0,-2.4161563761779138e-06,0.0
2024-11-13,0.0,4.44,0.005424946348025594,0.00023222772482434095,0.0022573363431153126,0.024480537998943563,0.0,0.0,1.2598229476961011e-06,0.0
2024-11-14,0.0,4.43,0.003873807194599399,-0.006049734794859041,-0.0022522522522524513,0.02447767911453687,0.0,0.0,-2.3435506173743272e-05,0.0
2024-11-15,0.0,4.43,-0.020948135256467992,-0.013203489851361216,0.0,0.024474820230130173,0.0,-0.0,0.00027658849126371724,-0.0
2024-11-18,0.0,4.42,0.031813092723883996,0.003917814394541086,-0.0022573363431150906,0.02450724641980148,1.0,0.031813092723883996,0.000124637792608503,0.0
2024-11-19,0.0,4.39,0.0001363507014984222,0.003963584828470035,-0.006787330316742168,0.024501039420389253,0.0,0.0,5.404375718103927e-07,0.0
2024-11-20,0.0,4.41,-0.006820352157294374,2.195086225209586e-05,0.004555808656036442,0.024494832420977053,0.0,-0.0,-1.4971261071555363e-07,-0.0
2024-11-21,0.0,4.43,0.01950289583785647,0.0053404615405816536,0.0045351473922901064,0.024491973536570358,0.0,0.0,0.00010415446515204249,0.0
2024-11-22,0.0,4.41,0.012663273198194158,0.003467959094991535,-0.004514672686230181,0.024489114652163663,0.0,0.0,4.391571346003998e-05,0.0
2024-11-25,0.0,4.27,-0.028734815555805038,0.003020480305938378,-0.031746031746031855,0.024486255767756968,0.0,-0.0,-8.679294448108086e-05,-0.0
2024-11-26,0.0,4.3,-0.0027394133924764086,0.005722005647630368,0.007025761124121788,0.02448339688335026,0.0,-0.0,-1.5674938902944276e-05,-0.0
2024-11-27,0.0,4.25,0.0002747462317223004,-0.003801238017440034,-0.011627906976744096,0.024480537998943563,0.0,0.0,-1.0443758211711974e-06,0.0
2024-11-29,0.0,4.18,0.0015103749496907515,0.005607785488815242,-0.016470588235294237,0.02447767911453687,0.0,0.0,8.469858725545848e-06,0.0
2024-12-02,0.0,4.19,-0.015217995245383253,0.0024484564662998753,0.0023923444976077235,0.024474820230130173,0.0,-0.0,-3.726059886267938e-05,-0.0
2024-12-03,0.0,4.23,0.024919961992169393,0.0004514491145146682,0.009546539379474916,0.02450724641980148,1.0,0.024919961992169393,1.1250094775104059e-05,0.0
2024-12-04,0.0,4.19,-0.01779414750224384,0.006051417924264779,-0.009456264775413725,0.024501039420389253,0.0,-0.0,-0.00010767982314208972,-0.0
2024-12-05,0.0,4.17,-0.003042473076075747,-0.0018697756269248078,-0.004773269689737569,0.024494832420977053,0.0,-0.0,5.688742003221378e-06,-0.0
2024-12-06,0.0,4.15,-0.013455314753550107,0.0024954538421815275,-0.004796163069544224,0.024491973536570358,0.0,-0.0,-3.357711689950841e-05,-0.0
2024-12-09,0.0,4.2,0.014341909500494632,-0.006144213927296471,0.012048192771084265,0.024489114652163663,0.0,0.0,-8.81197600969647e-05,0.0
2024-12-10,0.0,4.22,0.0006931390654403291,-0.002963883313944371,0.004761904761904745,0.024486255767756968,0.0,0.0,-2.054383310301587e-06,0.0
2024-12-11,0.0,4.26,0.01842352343372844,0.008165786048233592,0.009478672985782088,0.02448339688335026,0.0,0.0,0.00015044255061444432,0.0
2024-12-12,0.0,4.32,-0.0014960961096208703,-0.005414022527810203,0.014084507042253724,0.024480537998943563,0.0,-0.0,8.099898041256594e-06,-0.0
2024-12-13,0.0,4.4,0.014711812393187529,-2.6466639124200775e-05,0.0185185185185186,0.02447767911453687,0.0,0.0,-3.893722294734389e-07,0.0
2024-12-16,0.0,4.39,-0.007786202420368871,0.0037993543260221863,-0.002272727272727426,0.024474820230130173,0.0,-0.0,-2.9582541849112886e-05,-0.0
2024-12-17,0.0,4.4,-0.009741593627768164,-0.003863994965801476,0.002277904328018332,0.024471961345723478,0.0,-0.0,3.764146873657992e-05,-0.0
2024-12-18,0.0,4.5,0.002732571957519747,-0.02949284635160343,0.022727272727272707,0.02446910246131677,0.0,0.0,-8.059132488783011e-05,0.0
2024-12-19,-0.05458515283842791,4.57,-0.006949204802724207,-0.0008651123249070469,0.015555555555555545,0.024466243576910074,0.0,-0.0,6.011842723139955e-06,0.0003793234062622381
2024-12-20,0.0,4.52,0.0008233423470040968,0.010869123768910471,-0.010940919037199293,0.024465875181451026,0.0,0.0,8.949009873772762e-06,0.0
2024-12-23,0.0,4.59,-0.0042501395340275305,0.007287273468533639,0.015486725663716783,0.024465506785991974,0.0,-0.0,-3.097192906388475e-05,-0.0
2024-12-24,0.0,4.59,0.013080058014073748,0.01104275925539211,0.0,0.024465138390532926,0.0,0.0,0.00014443993169597862,0.0
2024-12-26,0.0,4.58,-0.0043490036268137855,-0.00040565878647391695,-0.002178649237472685,0.024464769995073875,0.0,-0.0,1.7642115336239437e-06,-0.0
2024-12-27,0.0,4.62,0.012421457905811506,-0.011055736101235558,0.008733624454148492,0.024464401599614827,0.0,0.0,-0.0001373283605992581,0.0
2024-12-30,0.0,4.55,0.0029661753557281845,-0.010701995701766776,-0.015151515151515249,0.02446403320415578,0.0,0.0,-3.1743995907689565e-05,0.0
2024-12-31,0.0,4.58,0.003360666783857935,-0.004284800394927402,0.00659340659340657,0.024463664808696727,0.0,0.0,-1.4399786362693881e-05,0.0
2025-01-02,0.0,4.57,0.017282970606592007,-0.0022238866412221947,-0.0021834061135370675,0.02446329641323768,0.0,0.0,-3.843536745263582e-05,0.0
2025-01-03,0.0,4.6,0.0076386385977025295,0.01259602672149196,0.006564551422319376,0.024462928017778628,0.0,0.0,9.621649589248093e-05,0.0
2025-01-06,0.0,4.62,-0.002744727207022457,0.005538045085450305,0.004347826086956719,0.02446255962231958,0.0,-0.0,-1.520042301975246e-05,-0.0
2025-01-07,0.0,4.67,0.009829619528209488,-0.01110391288210788,0.010822510822510845,0.02446253856765528,0.0,0.0,-0.00010914723890550451,0.0
2025-01-08,0.0,4.67,-0.011550932568433314,0.001560360190925314,0.0,0.02446251751299098,0.0,-0.0,-1.8023615347846032e-05,-0.0
2025-01-10,0.0,4.77,0.04726888525495365,-0.01541164380306681,0.021413276231263323,0.024465138390532926,1.0,0.04726888525495365,-0.0007284912225173826,0.0
2025-01-13,0.0,4.79,0.01567201562839715,0.0015754440882007614,0.004192872117400492,0.024464769995073875,0.0,0.0,2.4690384371948233e-05,0.0
2025-01-14,0.0,4.78,-0.013455177614390745,0.0011462798112440442,-0.0020876826722338038,0.024464401599614827,0.0,-0.0,-1.5423398456078914e-05,-0.0
2025-01-15,0.0,4.66,0.026401409643318052,0.018312792279639112,-0.025104602510460317,0.02447767911453687,1.0,0.026401409643318052,0.00048348353068774445,0.0
2025-01-16,0.0,4.61,-0.00902106393735913,-0.0021126894641922966,-0.010729613733905574,0.024474820230130173,0.0,-0.0,1.9058706736263712e-05,-0.0
2025-01-17,0.0,4.61,-0.006150817989528323,0.009991058969353706,0.0,0.024471961345723478,0.0,-0.0,-6.145318524313907e-05,-0.0
2025-01-21,0.0,4.57,-0.018566654078496336,0.008768227105582893,-0.008676789587852451,0.02446910246131677,0.0,-0.0,-0.00016279663955105276,-0.0
2025-01-22,0.0,4.6,-0.0036574714614557857,0.006137941522227575,0.006564551422319376,0.024466243576910074,0.0,-0.0,-2.2449345949631838e-05,-0.0
2025-01-23,0.0,4.65,-0.008987330183198194,0.00531348622041139,0.010869565217391353,0.024465875181451026,0.0,-0.0,-4.7754055086710974e-05,-0.0
2025-01-24,0.0,4.63,0.0026823231832535654,-0.002855132319398823,-0.004301075268817289,0.024465506785991974,0.0,0.0,-7.658387611579987e-06,0.0
2025-01-27,0.0,4.53,-0.01808914864898492,-0.014580715690809543,-0.021598272138228847,0.024465138390532926,0.0,-0.0,0.00026375273353964067,-0.0
2025-01-28,0.0,4.55,0.005319097340104939,0.009217869449967608,0.004415011037527394,0.024464769995073875,0.0,0.0,4.903074487275728e-05,0.0
2025-01-29,0.0,4.55,-0.011743399894198592,-0.004678895760321544,0.0,0.024464401599614827,0.0,-0.0,5.4946143976726265e-05,-0.0
2025-01-30,0.0,4.52,0.0037869013919211714,0.005275414405311762,-0.006593406593406681,0.02446403320415578,0.0,0.0,1.997747415443611e-05,0.0
2025-01-31,0.0,4.58,-0.0014309952702122875,-0.005046825754019935,0.013274336283185972,0.024463664808696727,0.0,-0.0,7.221983783588088e-06,-0.0
2025-02-03,0.0,4.54,-0.010422134308151754,-0.007608597684666707,-0.008733624454148492,0.02446329641323768,0.0,-0.0,7.929782696628889e-05,-0.0
2025-02-04,0.0,4.52,0.0031595295769111242,0.007224881828679752,-0.00440528634361248,0.024462928017778628,0.0,0.0,2.2827227827401408e-05,0.0
2025-02-05,0.0,4.43,-0.020866094508778077,0.003908672930614365,-0.019911504424778736,0.02446255962231958,0.0,-0.0,-8.155873877410192e-05,-0.0
2025-02-06,0.0,4.45,-0.004288965181697413,0.003644298722618622,0.004514672686230403,0.02446253856765528,0.0,-0.0,-1.5630270333015628e-05,-0.0
2025-02-07,0.0,4.49,0.004980518804983625,-0.009464770111542897,0.008988764044943753,0.02446251751299098,0.0,0.0,-4.713946552538636e-05,0.0
2025-02-10,0.0,4.51,0.01620679112137169,0.006712541085862833,0.00445434298440972,0.024462496458326675,0.0,0.0,0.00010878875127220444,0.0
2025-02-11,0.0,4.54,0.014893860715839757,0.00033958278885926063,0.006651884700665134,0.024462475403662375,0.0,0.0,5.057698758766249e-06,0.0
2025-02-12,0.0,4.62,-0.023636359673041785,-0.0027238667143857365,0.017621145374449254,0.024462454348998075,0.0,-0.0,6.438229336264785e-05,-0.0
2025-02-13,0.0,4.52,-0.0021282742944915833,0.010426292122230674,-0.0216450216450218,0.024462433294333775,0.0,-0.0,-2.219000951060364e-05,-0.0
2025-02-14,0.0,4.47,-0.0037323219384968187,-7.194380749464546e-05,-0.011061946902654829,0.024462412239669475,0.0,-0.0,2.6851745105125713e-07,-0.0
2025-02-18,0.0,4.55,0.014717667989850414,0.0024449877750611915,0.017897091722595126,0.02446239118500517,0.0,0.0,3.5984518312593684e-05,0.0
2025-02-19,0.0,4.53,0.002637191288164642,0.0023769693899173827,-0.004395604395604269,0.02446237013034087,0.0,0.0,6.268522967324145e-06,0.0
2025-02-20,0.0,4.5,0.005786460232885204,-0.0043341850761716705,-0.0066225165562914245,0.02446234907567657,0.0,0.0,-2.5079589585231902e-05,0.0
2025-02-21,0.0,4.42,-0.02680443203160454,-0.01706412670256352,-0.01777777777777778,0.02445972172152489,0.0,-0.0,0.000457394224377552,-0.0
2025-02-24,0.0,4.4,0.004702384424103645,-0.00496910650440241,-0.004524886877827927,0.024457094367373203,0.0,0.0,-2.3366649028014e-05,0.0
2025-02-25,0.0,4.3,-0.023535733684950655,-0.004679730915472358,-0.022727272727272818,0.02445446701322152,0.0,-0.0,0.00011014090054378773,-0.0
2025-02-26,0.0,4.25,-0.006710461329719308,0.00013602428004699796,-0.011627906976744096,0.024451839659069826,0.0,-0.0,-9.127856711582895e-07,-0.0
2025-02-27,0.0,4.29,0.020819001263536308,-0.015864553655509872,0.009411764705882453,0.024449212304918144,0.0,0.0,-0.0003302841625994996,0.0
2025-02-28,0.0,4.24,-0.01161535115771728,0.01585414463498891,-0.011655011655011593,0.024446584950766462,0.0,-0.0,-0.00018415145724063562,-0.0
2025-03-03,0.0,4.16,-0.021317266358133913,-0.0175967394669998,-0.018867924528301883,0.024443957596614777,0.0,-0.0,0.0003751143822527221,-0.0
2025-03-04,0.0,4.22,-0.008098321820887766,-0.012234826602200433,0.014423076923076872,0.024441330242463095,0.0,-0.0,9.908156324737789e-05,-0.0
2025-03-05,0.0,4.28,-0.024493212856775415,0.011159277893187936,0.014218009478673022,0.0244387028883114,0.0,-0.0,-0.0002733265687657604,-0.0
2025-03-06,0.0,4.29,0.002308744959150344,-0.017819007085749905,0.002336448598130758,0.024436075534159718,0.0,0.0,-4.113954278628935e-05,0.0
2025-03-07,0.0,4.32,0.012957119748653989,0.00552061780274804,0.006993006993007089,0.02442351273343938,0.0,0.0,7.153130595675742e-05,0.0
2025-03-10,0.0,4.22,-0.015349656362791397,-0.0269730913054258,-0.02314814814814825,0.02441094993271904,0.0,-0.0,0.00041402768258048245,-0.0
2025-03-11,0.0,4.28,0.004041552890161837,-0.007567865323653167,0.014218009478673022,0.0243983871319987,0.0,0.0,-3.0585927971166e-05,0.0
2025-03-12,0.0,4.32,0.019982740633042395,0.004886869929446425,0.009345794392523477,0.024385824331278304,0.0,0.0,9.765305430754209e-05,0.0
2025-03-13,0.0,4.27,-0.015081039335417823,-0.013890984206835322,-0.011574074074074292,0.024373261530557966,0.0,-0.0,0.00020949047923095123,-0.0
2025-03-14,0.0,4.31,0.010017238196191824,0.021265869083087807,0.00936768149882905,0.024360698729837628,0.0,0.0,0.000213025276054322,0.0
2025-03-17,0.0,4.31,0.006942446175368877,0.006416130719105961,0.0,0.024348135929117286,0.0,0.0,4.454364217152394e-05,0.0
2025-03-18,0.0,4.29,-0.0071760537275985525,-0.010653512117636543,-0.004640371229698292,0.02433557312839695,0.0,-0.0,7.645017534378207e-05,-0.0
2025-03-19,0.0,4.25,0.0031179312402955794,0.010798495567894584,-0.009324009324009341,0.02432301032767655,0.0,0.0,3.3668966679331875e-05,0.0
2025-03-20,0.0,4.24,0.017236525031701033,-0.0021848931523151816,-0.0023529411764705577,0.024310447526956214,0.0,0.0,-3.765996551147281e-05,0.0
2025-03-21,0.0,4.25,0.0022222730848524552,0.0008246534476661349,0.002358490566037652,0.024303961199611097,0.0,0.0,1.8326051610792344e-06,0.0
2025-03-24,0.0,4.34,0.011640746885545061,0.017646000146633645,0.021176470588235352,0.024297474872265978,0.0,0.0,0.0002054126212492533,0.0
2025-03-25,0.0,4.31,0.00027392661734793045,0.0015743334544251475,-0.00691244239631339,0.02429098854492086,0.0,0.0,4.3125183774836287e-07,0.0
2025-03-26,0.0,4.35,0.010545115144620532,-0.011156934922627149,0.009280742459396807,0.024284502217575714,0.0,0.0,-0.00011765116342014125,0.0
2025-03-27,0.0,4.38,0.003252444244366881,-0.003306980860763864,0.006896551724137945,0.024278015890230598,0.0,0.0,-1.0755770866822863e-05,0.0
2025-03-28,0.0,4.27,-0.005403235613597901,-0.01973722070834405,-0.02511415525114158,0.02427152956288548,0.0,-0.0,0.00010664485384476656,-0.0
2025-03-31,0.0,4.23,0.015075385736212699,0.005538521570653376,-0.009367681498828828,0.02426504323554036,0.0,0.0,8.349534908593426e-05,0.0
2025-04-01,0.0,4.17,-0.0033449291831086914,0.0037812354559083605,-0.014184397163120699,0.024258556908195245,0.0,-0.0,-1.2647964824673173e-05,-0.0
2025-04-02,0.0,4.2,0.006175313433542051,0.006728194715792668,0.007194244604316502,0.024252070580850098,0.0,0.0,4.1548711211921105e-05,0.0
2025-04-03,0.0,4.06,-0.06417608745088232,-0.04839563335990149,-0.03333333333333344,0.02424558425350498,0.0,-0.0,0.003105842398745876,-0.0
2025-04-04,0.0,4.01,-0.06501279723801556,-0.05974960534553109,-0.01231527093596052,0.024245065502019724,0.0,-0.0,0.003884488977380463,-0.0
2025-04-07,0.0,4.15,-0.020890556699150298,-0.0023314724921273955,0.034912718204488824,0.02424454675053447,0.0,-0.0,4.8705758289296604e-05,-0.0
2025-04-08,0.0,4.26,-0.021647709227028633,-0.015700524562941354,0.026506024096385472,0.024244027999049213,0.0,-0.0,0.00033988039045037524,-0.0
2025-04-09,0.0,4.34,0.04234326130263466,0.09515387644904849,0.018779342723004744,0.024284502217575714,1.0,0.04234326130263466,0.004029125454440675,0.0
2025-04-10,0.0,4.4,-0.03283447488783986,-0.03460757958472693,0.01382488479262678,0.024278015890230598,0.0,-0.0,0.0011363217028036359,-0.0
2025-04-11,0.0,4.48,0.02258013996258179,0.018092095201708958,0.0181818181818183,0.02427152956288548,0.0,0.0,0.0004085220418709427,0.0
2025-04-14,0.0,4.38,0.0018529202166341907,0.007944712390868913,-0.022321428571428714,0.02426504323554036,0.0,0.0,1.4720918204385167e-05,0.0
2025-04-15,0.0,4.35,-0.0032367307854901384,-0.0017277808903947145,-0.006849315068493178,0.024258556908195245,0.0,-0.0,5.592361598522135e-06,-0.0
2025-04-16,0.0,4.29,0.018246487375693565,-0.0224083715440897,-0.013793103448275779,0.024252070580850098,0.0,0.0,-0.00040887406848908364,0.0
2025-04-17,0.0,4.34,0.032042530892096854,0.0013268380955802073,0.011655011655011593,0.024310447526956214,1.0,0.032042530892096854,4.251525066643975e-05,0.0
2025-04-21,0.0,4.42,-0.025014669969743997,-0.023567493023827546,0.018433179723502224,0.024303961199611097,0.0,-0.0,0.0005895330600052901,-0.0
2025-04-22,0.0,4.41,0.01780863669080035,0.025117204723895226,-0.002262443438914019,0.024297474872265978,0.0,0.0,0.0004473031736163044,0.0
2025-04-23,0.0,4.4,-0.01957294850294633,0.01666113847096007,-0.0022675736961450532,0.02429098854492086,0.0,-0.0,-0.00032610760529255936,-0.0
2025-04-24,0.0,4.32,0.006503331629066134,0.020259113708281262,-0.018181818181818188,0.024284502217575714,0.0,0.0,0.00013175173495591283,0.0
2025-04-25,0.0,4.29,0.0048084099196110675,0.007373133469998461,-0.006944444444444531,0.024278015890230598,0.0,0.0,3.545304811575697e-05,0.0
2025-04-28,0.0,4.23,-0.015103964329986397,0.0006407067039131409,-0.013986013986013845,0.02427152956288548,0.0,-0.0,-9.677211201887236e-06,-0.0
2025-04-29,0.0,4.19,-0.02444580314957534,0.005802410694099036,-0.009456264775413725,0.02426504323554036,0.0,-0.0,-0.00014184458962093586,-0.0
2025-04-30,0.0,4.17,-0.017587565262493943,0.00147999135976562,-0.004773269689737569,0.024258556908195245,0.0,-0.0,-2.6029444627804993e-05,-0.0
2025-05-01,0.0,4.25,-0.01568437706784309,0.006299102138585644,0.01918465227817756,0.024252070580850098,0.0,-0.0,-9.879749313043405e-05,-0.0
2025-05-02,0.0,4.33,-0.013520040852195825,0.01472657412963474,0.018823529411764683,0.02424558425350498,0.0,-0.0,-0.00019910388384555185,-0.0
2025-05-05,0.0,4.36,-0.017294850015616037,-0.006381597588933863,0.006928406466512715,0.024245065502019724,0.0,-0.0,0.00011036877316062807,-0.0
2025-05-06,0.0,4.3,0.031877834936661076,-0.007693239651855532,-0.013761467889908396,0.024297474872265978,1.0,0.031877834936661076,-0.0002452438237500266,0.0
2025-05-07,0.0,4.26,-0.01657284905399803,0.00434635623313584,-0.009302325581395321,0.02429098854492086,0.0,-0.0,-7.203150578666373e-05,-0.0
2025-05-08,0.0,4.37,0.028141381720572012,0.005799775094835535,0.025821596244131495,0.024385824331278304,1.0,0.028141381720572012,0.00016321368483723355,0.0
2025-05-09,0.0,4.37,0.017027366203469896,-0.0007114809122162891,0.0,0.024373261530557966,0.0,0.0,-1.2114646039085571e-05,0.0
2025-05-12,0.0,4.45,0.016429341880260795,0.032558782749008364,0.01830663615560635,0.024360698729837628,0.0,0.0,0.0005349193729885958,0.0
2025-05-13,0.0,4.49,0.025708100253722055,0.0072482009835321826,0.008988764044943753,0.024443957596614777,1.0,0.025708100253722055,0.00018633747754377215,0.0
2025-05-14,0.0,4.53,-0.008104471526143464,0.001024415597859818,0.008908685968819663,0.024441330242463095,0.0,-0.0,-8.302347043792127e-06,-0.0
2025-05-15,0.0,4.45,-0.023604140490765535,0.004132332074135769,-0.017660044150110354,0.0244387028883114,0.0,-0.0,-9.754014683239724e-05,-0.0
2025-05-16,0.0,4.43,0.013637143955670394,0.007005272294898557,-0.004494382022471988,0.024436075534159718,0.0,0.0,9.553190673420113e-05,0.0
2025-05-19,0.0,4.46,0.001987421589050742,0.0008761131291423752,0.006772009029345494,0.02442351273343938,0.0,0.0,1.741206147308357e-06,0.0
2025-05-20,0.0,4.48,-0.0024413130893238266,-0.0038802294486252054,0.004484304932735439,0.02441094993271904,0.0,-0.0,9.472854942508488e-06,-0.0
2025-05-21,0.0,4.58,-0.0071886450145731695,-0.01613513066101424,0.02232142857142838,0.0243983871319987,0.0,-0.0,0.00011598972658578671,-0.0
2025-05-22,0.0,4.54,-0.007240813344422614,-0.00044487103794299543,-0.008733624454148492,0.024385824331278304,0.0,-0.0,3.2212281480847806e-06,-0.0
2025-05-23,0.0,4.51,0.005276168916966917,-0.006708297825321674,-0.0066079295154185536,0.024373261530557966,0.0,0.0,-3.539411247171898e-05,0.0
2025-05-27,0.0,4.43,-0.01065147351664919,0.0204590558452733,-0.0177383592017738,0.024360698729837628,0.0,-0.0,-0.00021791909151157537,-0.0
2025-05-28,0.0,4.47,0.012638558812171352,-0.005571225417268844,0.009029345372460584,0.024348135929117286,0.0,0.0,-7.041226009201616e-05,0.0
2025-05-29,0.0,4.43,-0.011556240098098303,0.004011194261904327,-0.008948545861297563,0.02433557312839695,0.0,-0.0,-4.635432397068061e-05,-0.0
2025-05-30,0.0,4.41,-0.0038971160413635575,-8.118516130162234e-05,-0.004514672686230181,0.02432301032767655,0.0,-0.0,3.1638799442924037e-07,-0.0
2025-06-02,0.0,4.46,0.011424033022024549,0.0041020419271569075,0.011337868480725488,0.024310447526956214,0.0,0.0,4.6861862433569734e-05,0.0
2025-06-03,0.0,4.46,0.01547269135845597,0.005800290454605506,0.0,0.024303961199611097,0.0,0.0,8.974610399350926e-05,0.0
2025-06-04,0.0,4.37,-0.01173238877480387,7.36874595066439e-05,-0.020179372197309364,0.024297474872265978,0.0,-0.0,-8.645299227595636e-07,-0.0
2025-06-05,0.0,4.4,0.0074004890999408435,-0.005277383403094138,0.006864988558352492,0.02429098854492086,0.0,0.0,-3.905521835080688e-05,0.0
2025-06-06,0.0,4.51,0.01729422935637981,0.010280683010067904,0.02499999999999991,0.024284502217575714,0.0,0.0,0.00017779648991635147,0.0
2025-06-09,0.0,4.49,0.0085752923778597,0.0009199480792858594,-0.0044345898004433115,0.024278015890230598,0.0,0.0,7.888823752326701e-06,0.0
2025-06-10,0.0,4.47,-0.0025357721751751994,0.00548298940767844,-0.0044543429844099425,0.02427152956288548,0.0,-0.0,-1.3903611976771336e-05,-0.0
2025-06-11,0.0,4.41,0.04336763537268751,-0.002743888954607865,-0.013422818791946178,0.024348135929117286,1.0,0.04336763537268751,-0.00011899597568657859,0.0
2025-06-12,0.0,4.36,-0.00587639461719236,0.0038224199557175265,-0.0113378684807256,0.02433557312839695,0.0,-0.0,-2.2462048052427132e-05,-0.0
2025-06-13,0.0,4.41,0.07021341845050699,-0.011296379879250695,0.011467889908256756,0.0244387028883114,1.0,0.07021341845050699,-0.0007931574474377167,0.0
2025-06-16,0.0,4.46,-0.013471641583949756,0.009392659896159117,0.011337868480725488,0.024436075534159718,0.0,-0.0,-0.00012653454764099435,-0.0
2025-06-17,0.0,4.39,0.04397096058583916,-0.008352184790166306,-0.015695067264574036,0.02445972172152489,1.0,0.04397096058583916,-0.00036725358821404795,0.0
2025-06-18,0.0,4.38,0.0032701113143176475,-0.0003092402101070313,-0.002277904328018221,0.024457094367373203,0.0,0.0,-1.0112499099129694e-06,0.0
2025-06-20,0.0,4.38,0.004041788791692813,-0.002178658486505891,0.0,0.02445446701322152,0.0,0.0,-8.805677451685938e-06,0.0
2025-06-23,0.0,4.34,-0.07180883814954742,0.009606504133156335,-0.0091324200913242,0.024451839659069826,0.0,-0.0,-0.0006898319004807815,-0.0
2025-06-24,0.0,4.3,-0.060716336925915604,0.01112172017970181,-0.009216589861751112,0.024449212304918144,0.0,-0.0,-0.0006752701096265298,-0.0
2025-06-25,0.0,4.29,0.008042909151569022,-3.2861029504172024e-06,-0.0023255813953487747,0.024446584950766462,0.0,0.0,-2.642982749290848e-08,0.0
2025-06-26,0.0,4.26,0.0007388157732319822,0.008020121275230219,-0.006993006993007089,0.024443957596614777,0.0,0.0,5.925392101373486e-06,0.0
2025-06-27,0.0,4.29,0.0005904810888912593,0.005218970885222163,0.007042253521126751,0.024441330242463095,0.0,0.0,3.081703611197762e-06,0.0
2025-06-30,0.0,4.24,-0.0023608682402260772,0.005164427424532603,-0.011655011655011593,0.0244387028883114,0.0,-0.0,-1.2192532685531579e-05,-0.0
2025-07-01,0.0,4.26,-0.007395355649848168,-0.001118531087121899,0.004716981132075304,0.024436075534159718,0.0,-0.0,8.271935194677748e-06,-0.0
2025-07-02,0.0,4.3,0.029801817639851125,0.004745096791088033,0.009389671361502261,0.02445972172152489,1.0,0.029801817639851125,0.0001414125092514483,0.0
2025-07-03,0.0,4.35,-0.004485567296425685,0.008338955206607324,0.011627906976744207,0.024457094367373203,0.0,-0.0,-3.7404944761116503e-05,-0.0
2025-07-07,0.0,4.4,0.01133719105666442,-0.007862297279128794,0.011494252873563315,0.02445446701322152,0.0,0.0,-8.913636639777597e-05,0.0
2025-07-08,0.0,4.42,0.008192004596496272,-0.0007158868810946961,0.004545454545454408,0.024451839659069826,0.0,0.0,-5.86454862049913e-06,0.0
2025-07-09,0.0,4.34,0.0005702197385211161,0.0060621034026635545,-0.018099547511312264,0.024449212304918144,0.0,0.0,3.45673101715478e-06,0.0
2025-07-10,0.0,4.35,-0.022082960504976934,0.0027462050044453346,0.0023041474654377225,0.024446584950766462,0.0,-0.0,-6.064433665173633e-05,-0.0
2025-07-11,0.0,4.43,0.02505829306523144,-0.0032975229626984737,0.01839080459770126,0.024462412239669475,1.0,0.02505829306523144,-8.26302967886286e-05,0.0
2025-07-14,0.0,4.43,-0.01634453547332282,0.001407413809457303,0.0,0.02446239118500517,0.0,-0.0,-2.3003524934319293e-05,-0.0
2025-07-15,0.0,4.5,-0.007224389634649997,-0.003956298214731202,0.015801354401805856,0.02446237013034087,0.0,-0.0,2.8581839814088385e-05,-0.0
2025-07-16,0.0,4.46,-0.002765280802473291,0.003193657417327689,-0.008888888888888946,0.02446234907567657,0.0,-0.0,-8.831359545812689e-06,-0.0
2025-07-17,0.0,4.47,0.014594279757618622,0.00537376740890938,0.0022421524663676085,0.02445972172152489,0.0,0.0,7.842626491799684e-05,0.0
2025-07-18,0.0,4.44,-0.00345221339698476,-9.048620868445933e-05,-0.006711409395973034,0.024457094367373203,0.0,-0.0,3.1237770186284924e-07,-0.0
2025-07-21,0.0,4.38,-0.0010103882225404037,0.001399134882868358,-0.013513513513513598,0.02445446701322152,0.0,-0.0,-1.4136694073956364e-06,-0.0
2025-07-22,0.0,4.35,-0.008958282831723507,0.0006375316336257875,-0.006849315068493178,0.024451839659069826,0.0,-0.0,-5.711188688190533e-06,-0.0
2025-07-23,0.0,4.4,-0.0011662663060381107,0.007811886951519131,0.011494252873563315,0.024449212304918144,0.0,-0.0,-9.110740538135534e-06,-0.0
2025-07-24,0.0,4.43,0.009779567188058724,0.0006982236416543941,0.006818181818181612,0.024446584950766462,0.0,0.0,6.828325015850185e-06,0.0
2025-07-25,0.0,4.4,-0.01069670223337893,0.00397432777929585,-0.006772009029345272,0.024443957596614777,0.0,-0.0,-4.2512200832973836e-05,-0.0
2025-07-28,0.0,4.42,0.023378118308673423,0.00017685810881817865,0.004545454545454408,0.024441330242463095,0.0,0.0,4.134609791799619e-06,0.0
2025-07-29,0.0,4.34,0.03526557950337694,-0.002959442388724254,-0.018099547511312264,0.02446237013034087,1.0,0.03526557950337694,-0.00010436645084521894,0.0
2025-07-30,0.0,4.38,0.010067517666977333,-0.0012494327466496813,0.009216589861751112,0.02446234907567657,0.0,0.0,-1.257868625059568e-05,0.0
2025-07-31,0.0,4.37,-0.009694143981179404,-0.0036948193411530106,-0.0022831050228310223,0.02445972172152489,0.0,-0.0,3.581811067758371e-05,-0.0
2025-08-01,0.0,4.23,-0.03943196826811379,-0.015992133140148468,-0.03203661327231111,0.024457094367373203,0.0,-0.0,0.0006306012865217854,-0.0
2025-08-04,0.0,4.22,-0.013061519400476507,0.01473710033091602,-0.0023640661938535423,0.02445446701322152,0.0,-0.0,-0.00019248892187902835,-0.0
2025-08-05,0.0,4.22,-0.016288579287170868,-0.004857865996303334,0.0,0.024451839659069826,0.0,-0.0,7.912773544723816e-05,-0.0
2025-08-06,0.0,4.22,-0.011088113642336639,0.007281907295092482,0.0,0.024449212304918144,0.0,-0.0,-8.074261562094564e-05,-0.0
2025-08-07,0.0,4.23,-0.00687694855239962,-0.0007974800154801898,0.0023696682464455776,0.024446584950766462,0.0,-0.0,5.484229038024117e-06,-0.0
2025-08-08,0.0,4.27,0.0024084906214034696,0.007799715348974834,0.009456264775413503,0.024443957596614777,0.0,0.0,1.8785541267622578e-05,0.0
2025-08-11,0.0,4.27,0.0006007045761704521,-0.0025041278217863283,0.0,0.024441330242463095,0.0,0.0,-1.504241041862794e-06,0.0
2025-08-12,0.0,4.29,-0.0076541276881079146,0.01134543584661274,0.004683840749414525,0.0244387028883114,0.0,-0.0,-8.683941464721062e-05,-0.0
2025-08-13,0.0,4.24,-0.007410851070924873,0.0032300788824048965,-0.011655011655011593,0.024436075534159718,0.0,-0.0,-2.3937633544842145e-05,-0.0
2025-08-14,0.0,4.29,0.018436677359599418,0.00030309080129242716,0.011792452830188704,0.02442351273343938,0.0,0.0,5.5879873140909375e-06,0.0
2025-08-15,0.0,4.33,-0.014811458976821013,-0.0028971350972291088,0.00932400932400923,0.02441094993271904,0.0,-0.0,4.29107976429173e-05,-0.0
2025-08-18,0.0,4.34,0.011389521904009658,-0.00010076318078544588,0.002309468822170757,0.0243983871319987,0.0,0.0,-1.147644454673521e-06,0.0
2025-08-19,0.0,4.3,-0.012162125783058308,-0.005858103118756786,-0.009216589861751112,0.024385824331278304,0.0,-0.0,7.124698698044619e-05,-0.0
2025-08-20,0.0,4.29,0.015959802519404764,-0.0024316693228262354,-0.0023255813953487747,0.024373261530557966,0.0,0.0,-3.880896218480143e-05,0.0
2025-08-21,0.0,4.33,0.012417742018698608,-0.004004181529308926,0.00932400932400923,0.024360698729837628,0.0,0.0,-4.97228932269963e-05,0.0
2025-08-22,0.0,4.26,0.0008867325197567943,0.015186444876893468,-0.01616628175519641,0.024348135929117286,0.0,0.0,1.3466314531835404e-05,0.0
2025-08-25,0.0,4.28,0.015798016267404735,-0.004266385548063467,0.0046948356807512415,0.02433557312839695,0.0,0.0,-6.740042829132713e-05,0.0
2025-08-26,0.0,4.26,-0.022965141874573214,0.004133995191134998,-0.004672897196261738,0.02432301032767655,0.0,-0.0,-9.493778607321865e-05,-0.0
2025-08-27,0.0,4.24,0.012347542635852582,0.0023909843081744153,-0.004694835680751019,0.024310447526956214,0.0,0.0,2.952278068683808e-05,0.0
2025-08-28,0.0,4.22,0.00837618911479976,0.0031567194195349924,-0.004716981132075526,0.024303961199611097,0.0,0.0,2.6441278840386016e-05,0.0
2025-08-29,0.0,4.23,-0.007286505100364549,-0.00639818429357164,0.0023696682464455776,0.024297474872265978,0.0,-0.0,4.66204024881821e-05,-0.0
2025-09-02,0.0,4.28,0.014973526158843065,-0.006922279936861564,0.011820330969267046,0.02429098854492086,0.0,0.0,-0.00010365093971343115,0.0
2025-09-03,0.0,4.22,-0.022273661109663112,0.0051000736279842585,-0.014018691588785215,0.024284502217575714,0.0,-0.0,-0.00011359731162405144,-0.0
2025-09-04,0.0,4.17,-0.009023677871606517,0.008346486409699372,-0.011848341232227444,0.024278015890230598,0.0,-0.0,-7.531600472086875e-05,-0.0
2025-09-05,0.0,4.1,-0.022242094510878774,-0.003165152978388819,-0.016786570743405393,0.02427152956288548,0.0,-0.0,7.039963168671354e-05,-0.0
2025-09-08,0.0,4.05,0.007938880046815422,0.0021059789159529885,-0.012195121951219523,0.02426504323554036,0.0,0.0,1.6719113994873152e-05,0.0
2025-09-09,0.0,4.08,0.005604404201691171,0.0026881536531127015,0.007407407407407529,0.024258556908195245,0.0,0.0,1.5065499628296295e-05,0.0
2025-09-10,0.0,4.04,0.01656873752423338,0.002983469943562689,-0.009803921568627416,0.024252070580850098,0.0,0.0,4.9432330406329565e-05,0.0
2025-09-11,0.0,4.01,-0.016594979295276313,0.008485890387959882,-0.007425742574257432,0.02424558425350498,0.0,-0.0,-0.00014082317529017852,-0.0
2025-09-12,0.0,4.06,0.009341496030289553,-0.00048276131466740146,0.012468827930174564,0.024245065502019724,0.0,0.0,-4.509712904542897e-06,0.0
2025-09-15,0.0,4.05,0.006717489057871617,0.004706619226962694,-0.0024630541871920597,0.02424454675053447,0.0,0.0,3.161666315669007e-05,0.0
2025-09-16,0.0,4.04,0.015272816459218852,-0.0012879303382402618,-0.0024691358024691024,0.024244027999049213,0.0,0.0,-1.9670323668203174e-05,0.0
2025-09-17,0.0,4.06,-0.0075946292272549565,-0.0009701681605103207,0.004950495049504955,0.024243509247563955,0.0,-0.0,7.36806746716386e-06,-0.0
2025-09-18,-0.05773672055427248,4.11,-0.007505438259613251,0.004789119185128365,0.012315270935960854,0.024242990496078698,0.0,-0.0,-3.594443836191027e-05,0.00043333939143263547
2025-09-19,0.0,4.14,-0.011269307661884831,0.004885418870829605,0.007299270072992581,0.02424247174459344,0.0,-0.0,-5.505528831255681e-05,-0.0
2025-09-22,0.002450980392156854,4.15,-0.001649679211879418,0.004410046474333074,0.0024154589371983004,0.024241952993108187,0.0,-0.0,-7.275161992129391e-06,-4.0433314016652256e-06
2025-09-23,0.0,4.12,0.015923051877017924,-0.005502159197012135,-0.0072289156626507145,0.02424143424162293,0.0,0.0,-8.761116632963552e-05,0.0
2025-09-24,0.0,4.16,0.024841052393963725,-0.002846617843333288,0.009708737864077666,0.024252070580850098,1.0,0.024841052393963725,-7.071298299183422e-05,0.0
2025-09-25,0.0,4.18,0.0015870814345155804,-0.0050090613431266195,0.004807692307692291,0.02424558425350498,0.0,0.0,-7.949788262025936e-06,0.0
2025-09-26,0.0,4.2,0.010227587196772303,0.005901836747171263,0.004784688995215447,0.024245065502019724,0.0,0.0,6.03615499528091e-05,0.0
2025-09-29,0.0,4.15,-0.030799887598877196,0.00263554421636214,-0.011904761904761862,0.02424454675053447,0.0,-0.0,-8.11744656258248e-05,-0.0
2025-09-30,0.0,4.16,-0.013976821547376339,0.0040908483833717035,0.00240963855421672,0.024244027999049213,0.0,-0.0,-5.717705783175929e-05,-0.0
2025-10-01,0.0,4.12,-0.024917908871875283,0.003399920834961989,-0.009615384615384581,0.024243509247563955,0.0,-0.0,-8.471891753717297e-05,-0.0
2025-10-02,0.0,4.1,-0.01897471909292514,0.0006183547238911569,-0.004854368932038944,0.024242990496078698,0.0,-0.0,-1.1733107185617987e-05,-0.0
2025-10-03,0.0,4.13,0.006551211432643367,6.551280273581206e-05,0.007317073170731714,0.02424247174459344,0.0,0.0,4.291882222673616e-07,0.0
2025-10-06,0.0,4.18,0.014566906232575727,0.0036465919796933033,0.012106537530266248,0.024241952993108187,0.0,0.0,5.3119563436655036e-05,0.0
2025-10-07,0.0,4.14,-0.0003055486801275542,-0.0038114057910215715,-0.009569377990430672,0.02424143424162293,0.0,-0.0,1.164570008877158e-06,-0.0
2025-10-08,0.0024449877750609694,4.13,0.012223118243847253,0.0058276636405680815,-0.0024154589371979673,0.024240915490137672,0.0,0.0,7.123222176403301e-05,2.9885374679331238e-05
2025-10-09,0.0,4.14,-0.015547151385613245,-0.002755570407195318,0.002421307506053294,0.024240396738652414,0.0,-0.0,4.284127027438154e-05,-0.0
2025-10-10,0.0,4.05,-0.038178497881971585,-0.02711167321141361,-0.021739130434782594,0.024238123452930995,0.0,-0.0,0.0010350829582786603,-0.0
2025-10-14,0.0,4.03,-0.01468730748038527,-0.0015643266604626893,-0.004938271604938205,0.024235850167209576,0.0,-0.0,2.2975746661979765e-05,-0.0
2025-10-15,0.0,4.05,-0.007693533369643957,0.004026001159503689,0.004962779156327368,0.024233576881488157,0.0,-0.0,-3.097417426686689e-05,-0.0
2025-10-16,0.0024390243902441266,3.99,-0.013729582881861768,-0.006294387099829435,-0.014814814814814725,0.024231303595766727,0.0,-0.0,8.641930937762974e-05,-3.34867875167391e-05
2025-10-17,0.0,4.02,0.003766779185447877,0.0052707155502571545,0.007518796992481036,0.024229030310045307,0.0,0.0,1.9853621627125105e-05,0.0
2025-10-20,0.0,4.0,-0.004568487352122119,0.010672270853256949,-0.004975124378109319,0.024226757024323888,0.0,-0.0,-4.875613441152591e-05,-0.0
2025-10-21,0.0,3.98,0.005081156889355398,3.2696450934288634e-05,-0.0050000000000000044,0.02422448373860247,0.0,0.0,1.6613579692223145e-07,0.0
2025-10-22,0.0,3.97,0.02071103170391675,-0.005337539220865439,-0.002512562814070307,0.02422221045288105,0.0,0.0,-0.00011054594402424322,0.0
2025-10-23,0.0,4.01,0.05432173994077005,0.0058273934429324825,0.010075566750629594,0.024240915490137672,1.0,0.05432173994077005,0.0003165541511395269,0.0
2025-10-24,0.0,4.02,-0.0007576212150588457,0.00790242258787388,0.0024937655860348684,0.024240396738652414,0.0,-0.0,-5.987043002933477e-06,-0.0
2025-10-27,0.0024330900243307862,4.01,-0.004852891764882239,0.012290050865671143,-0.0024875621890546595,0.024238123452930995,0.0,-0.0,-5.964228663599932e-05,-1.1807522542292e-05
2025-10-28,0.0,3.99,-0.018591910540062706,0.0022879438603986557,-0.004987531172069737,0.024235850167209576,0.0,-0.0,-4.2537247573217524e-05,-0.0
2025-10-29,0.0,4.08,0.008074481843877823,-4.3578255173426506e-05,0.022556390977443552,0.024233576881488157,0.0,0.0,-3.5187183018570716e-07,0.0
2025-10-30,-0.06067961165048541,4.11,0.0012323141298693496,-0.00990481243951924,0.007352941176470562,0.024231303595766727,0.0,0.0,-1.2205840322925262e-05,-7.477634283187798e-05
2025-10-31,-0.0025839793281654533,4.11,0.0010769183819110406,0.0026179217059763005,0.0,0.024229030310045307,0.0,0.0,2.8192880075697885e-06,-2.7827348369795176e-06
2025-11-03,0.002590673575129543,4.13,-0.002766256431842251,0.0017207127269924793,0.0048661800486617945,0.024226757024323888,0.0,-0.0,-4.759932648395766e-06,-7.166467440005858e-06
2025-11-04,0.0,4.1,-0.0069347657955745046,-0.011736830084583816,-0.007263922518159882,0.02422448373860247,0.0,-0.0,8.139216781904166e-05,-0.0
2025-11-05,0.0,4.17,-0.014276876920964021,0.0036535556982648654,0.017073170731707332,0.02422221045288105,0.0,-0.0,-5.216136502801425e-05,-0.0
2025-11-06,0.0,4.11,-0.002204020602007528,-0.011178189042419073,-0.014388489208633004,0.02421993716715962,0.0,-0.0,2.463695894262644e-05,-0.0
2025-11-07,0.0,4.11,0.003944461908912178,0.0012618418007710464,0.0,0.0242176638814382,0.0,0.0,4.9772869182145415e-06,0.0
2025-11-10,0.0,4.13,0.006757763370429659,0.01540101862170995,0.0048661800486617945,0.02421750986398332,0.0,0.0,0.00010407643950909657,0.0
2025-11-12,0.0,4.08,-0.037599822589657106,0.0006295171887717999,-0.012106537530266248,0.024217355846528444,0.0,-0.0,-2.3669734614959358e-05,-0.0
2025-11-13,0.0025839793281652312,4.11,0.004783913912300264,-0.01655685496159698,0.007352941176470562,0.024217201829073564,0.0,0.0,-7.920656879472143e-05,1.236153465710594e-05
2025-11-14,0.0,4.14,0.02190130304516491,-0.0005017255648851471,0.007299270072992581,0.024217047811618687,0.0,0.0,-1.0988443642056157e-05,0.0
2025-11-17,0.0,4.13,-0.0029508066968050306,-0.00916226617680782,-0.0024154589371979673,0.024216893794163807,0.0,-0.0,2.7036076392434743e-05,-0.0
2025-11-18,0.0,4.12,0.010747702090430522,-0.008256436690967983,-0.002421307506053183,0.024216739776708927,0.0,0.0,-8.873772188302386e-05,0.0
2025-11-19,0.0,4.13,-0.02126677579126901,0.0037538357962292324,0.0024271844660193054,0.02421658575925405,0.0,-0.0,-7.983198423564687e-05,-0.0
2025-11-20,0.0,4.1,-0.00204687855225294,-0.015567283563270418,-0.007263922518159882,0.02421643174179917,0.0,-0.0,3.1864338842497936e-05,-0.0
2025-11-21,0.0,4.06,-0.01293783024621531,0.009823035415319481,-0.009756097560975618,0.024216277724344294,0.0,-0.0,-0.00012708876470596454,-0.0
2025-11-24,0.0,4.04,0.0129475310232261,0.015467217001293498,-0.004926108374384119,0.024216123706889414,0.0,0.0,0.00020026227196721775,0.0
2025-11-25,0.0,4.01,-0.014044491157481076,0.009061696817220577,-0.007425742574257432,0.024213442289285195,0.0,-0.0,-0.0001272669208212288,-0.0
2025-11-26,0.0,4.0,0.010403353563399165,0.006906711511012631,-0.0024937655860348684,0.024210760871680975,0.0,0.0,7.185296180946328e-05,0.0
2025-11-28,0.002577319587628857,4.02,0.0011088182106744338,0.005354773163420257,0.004999999999999893,0.024208079454076756,0.0,0.0,5.937469997631127e-06,2.8577788934907984e-06
2025-12-01,0.0,4.09,-0.0004747245827840807,-0.005323329342915684,0.017412935323383172,0.024205398036472522,0.0,-0.0,2.5271153013379024e-06,-0.0
2025-12-02,0.0,4.09,-0.011397774685385609,0.002457235261999813,0.0,0.024202716618868303,0.0,-0.0,-2.800701386525834e-05,-0.0
2025-12-03,0.0,4.06,0.003522776674430572,0.0029797912994984355,-0.007334963325183463,0.024200035201264083,0.0,0.0,1.0497139284544252e-05,0.0
2025-12-04,0.0,4.11,0.009414395561291977,0.0010803218396737702,0.012315270935960854,0.024197353783659864,0.0,0.0,1.0170577132191525e-05,0.0
2025-12-05,0.0,4.14,0.007745837677330503,0.001936641757662061,0.007299270072992581,0.024194672366055645,0.0,0.0,1.500091269399036e-05,0.0
2025-12-08,0.0,4.17,-0.01976467955346206,-0.003477255626794018,0.007246376811594235,0.02419199094845141,0.0,-0.0,6.872684318905663e-05,-0.0
2025-12-09,0.0,4.18,-0.008801456824849674,-0.0008763589340257116,0.0023980815347721673,0.02418930953084719,0.0,-0.0,7.713235320898585e-06,-0.0
2025-12-10,0.0,4.13,0.0043590646391657994,0.00674955693920154,-0.011961722488038284,0.024187655029299805,0.0,0.0,2.9421754983709578e-05,0.0
2025-12-11,-0.06426735218508994,4.14,-0.014949370179429988,0.002079350841514227,0.002421307506053294,0.024186000527752417,0.0,-0.0,-3.108498546270544e-05,0.0009607564382667083
2025-12-12,0.0,4.19,-0.002610963619440576,-0.010663649289958,0.012077294685990614,0.024184346026205034,0.0,-0.0,2.7842400346553667e-05,-0.0
2025-12-15,0.0,4.18,-0.009162263880564514,-0.0015965630269072495,-0.0023866348448688957,0.02418269152465764,0.0,-0.0,1.4628131754477042e-05,-0.0
2025-12-16,0.0,4.15,-0.027080633539565913,-0.0023839179519623555,-0.007177033492822837,0.024181037023110252,0.0,-0.0,6.455800844548505e-05,-0.0
2025-12-17,0.0,4.16,0.012898882550051338,-0.011592143912241393,0.00240963855421672,0.024179382521562865,0.0,0.0,-0.00014952570282729434,0.0
2025-12-18,0.0,4.12,0.002345834264955604,0.007934262269941872,-0.009615384615384581,0.024177728020015478,0.0,0.0,1.8612464299974075e-05,0.0
2025-12-19,0.0,4.16,0.010865956689985579,0.008818059450332205,0.009708737864077666,0.024176073518468094,0.0,0.0,9.581665207702778e-05,0.0
2025-12-22,0.0,4.17,0.026459375588259393,0.006436496360377575,0.0024038461538460343,0.02419199094845141,1.0,0.026459375588259393,0.00017030567467169483,0.0
2025-12-23,0.0,4.18,0.0049943833545220695,0.004550388765703239,0.0023980815347721673,0.02418930953084719,0.0,0.0,2.2726385908032484e-05,0.0
2025-12-24,0.0,4.15,-0.0022442992505813386,0.0032214822012188726,-0.007177033492822837,0.024187655029299805,0.0,-0.0,-7.229970089956637e-06,-0.0
2025-12-26,0.0,4.14,-0.025706976954853022,-0.00030436354912266594,-0.002409638554217053,0.024186000527752417,0.0,-0.0,7.82426674319365e-06,-0.0
2025-12-29,0.0,4.12,0.021437982357276564,-0.00349205148036813,-0.004830917874396046,0.024184346026205034,0.0,0.0,-7.486253802683348e-05,0.0
2025-12-30,0.0,4.14,-0.00032290051997263536,-0.0013756671519022934,0.004854368932038833,0.02418269152465764,0.0,-0.0,4.442036386585249e-07,-0.0
2025-12-31,0.0,4.18,-0.017280357339559127,-0.007357666300846111,0.009661835748792313,0.024181037023110252,0.0,-0.0,0.00012714310286385293,-0.0
2026-01-02,0.0,4.19,-0.0016433603390084706,0.0018947067188299638,0.0023923444976077235,0.024179382521562865,0.0,-0.0,-3.1136858757780362e-06,-0.0
2026-01-05,0.0,4.17,0.016625486774209053,0.006354126864826393,-0.004773269689737569,0.024177728020015478,0.0,0.0,0.00010564045215281763,0.0
2026-01-06,0.0,4.18,-0.017163173371139373,0.006196712678341321,0.0023980815347721673,0.024176073518468094,0.0,-0.0,-0.0001063552540295095,-0.0
2026-01-07,0.0,4.15,-0.012191131287738077,-0.003439923431013958,-0.007177033492822837,0.0241744190169207,0.0,-0.0,4.193655816725758e-05,-0.0
2026-01-08,0.0,4.19,0.033855947714979795,7.65482590914246e-05,0.009638554216867545,0.02418930953084719,1.0,0.033855947714979795,2.5916138574719977e-06,0.0
2026-01-09,0.0,4.18,0.02177768087704446,0.006475487031883276,-0.0023866348448688957,0.024187655029299805,0.0,0.0,0.0001410210901037938,0.0
2026-01-12,0.0,4.19,0.008367520966531261,0.001577633215136931,0.0023923444976077235,0.024186000527752417,0.0,0.0,1.3200879005154394e-05,0.0
2026-01-13,0.0,4.18,0.02505092086387406,-0.0019391230550597216,-0.0023866348448688957,0.024208079454076742,1.0,0.02505092086387406,-4.857681819761479e-05,0.0
2026-01-14,0.0,4.15,0.016037809726376695,-0.005333360445499591,-0.007177033492822837,0.024205398036472536,0.0,0.0,-8.553542002710609e-05,0.0
2026-01-15,0.0,4.17,-0.04149125767914308,0.0025799262171273263,0.004819277108433662,0.024202716618868303,0.0,-0.0,-0.00010704438346800672,-0.0
2026-01-16,0.0,4.24,0.0058029946929878395,-0.0006423023039563436,0.016786570743405393,0.024200035201264094,0.0,0.0,-3.727276861152524e-06,0.0
2026-01-20,0.0,4.3,0.012318742388301551,-0.02062675805627745,0.014150943396226356,0.024197353783659864,0.0,0.0,-0.0002540957188011055,0.0
2026-01-21,0.0,4.26,0.004929138999533844,0.011587741323274559,-0.009302325581395321,0.02419467236605563,0.0,0.0,5.711758767306254e-05,0.0
2026-01-22,0.0,4.26,-0.018087068421427488,0.005487502192628835,0.0,0.024191990948451425,0.0,-0.0,-9.92528276208111e-05,-0.0
2026-01-23,0.0,4.24,0.028410861133104426,0.0003268698377891788,-0.004694835680751019,0.024216123706889414,1.0,0.028410861133104426,9.286653570028728e-06,0.0
2026-01-26,0.0,4.22,-0.0044019570069471214,0.005006083031276365,-0.004716981132075526,0.024213442289285205,0.0,-0.0,-2.203656227688608e-05,-0.0
2026-01-27,0.0,4.24,0.030187581452718604,0.004081896177137168,0.004739336492891155,0.024217355846528444,1.0,0.030187581452718604,0.00012322257332886893,0.0
2026-01-28,0.0,4.26,0.012283584946031434,-8.172305219089626e-05,0.004716981132075304,0.024217201829073564,0.0,0.0,-1.0038520536358345e-06,0.0
2026-01-29,0.0,4.24,0.03377189337809838,-0.001292631274007694,-0.004694835680751019,0.024231303595766737,1.0,0.03377189337809838,-4.3654605562983316e-05,0.0
2026-01-30,0.0,4.26,-0.00028279795397134766,-0.004301899620894223,0.004716981132075304,0.024229030310045307,0.0,-0.0,1.2165684109790025e-06,-0.0
2026-02-02,0.0,4.29,-0.06210212530813297,0.00539126612916796,0.007042253521126751,0.0242267570243239,0.0,-0.0,-0.0003348090847230816,-0.0
2026-02-03,0.0,4.28,0.015535425820309534,-0.008403983020698336,-0.002331002331002252,0.02422448373860247,0.0,0.0,-0.00013055945481319983,0.0
2026-02-04,0.0,4.29,0.03163518781363739,-0.005072391906223106,0.002336448598130758,0.024241434241622926,1.0,0.03163518781363739,-0.00016046607061774213,0.0
2026-02-05,0.0,4.21,-0.027497783730057845,-0.012251015567674717,-0.018648018648018683,0.024240915490137672,0.0,-0.0,0.0003368757765534912,-0.0
2026-02-06,0.0,4.22,0.007401924165967744,0.0196957966973359,0.002375296912114022,0.024240396738652414,0.0,0.0,0.00014578679354199827,0.0
2026-02-09,0.0,4.22,0.014548094333170836,0.004691086716887227,0.0,0.024238123452931006,0.0,0.0,6.824637208236005e-05,0.0
2026-02-10,0.0,4.16,-0.003476214666670918,-0.003303712975458173,-0.01421800947867291,0.024235850167209576,0.0,-0.0,1.148441549975872e-05,-0.0
2026-02-11,0.0,4.18,0.008720907667252753,-4.895607156218951e-05,0.004807692307692291,0.024233576881488146,0.0,0.0,-4.2694137984527293e-07,0.0
2026-02-12,0.0,4.09,-0.02708940693771389,-0.01566101212770199,-0.021531100478468845,0.024231303595766737,0.0,-0.0,0.00042424753058379163,-0.0
2026-02-13,0.0,4.04,0.0034064479912443435,0.0004990891480125548,-0.012224938875305624,0.024229030310045307,0.0,0.0,1.7001212256992181e-06,0.0
2026-02-17,0.0,4.05,-0.004870875735124569,0.0010313220779065713,0.0024752475247524774,0.0242267570243239,0.0,-0.0,-5.023441684373369e-06,-0.0
2026-02-18,0.0,4.09,0.04345891997554796,0.005566070147410729,0.009876543209876631,0.024241952993108187,1.0,0.04345891997554796,0.0002418953971146093,0.0
2026-02-19,0.0,4.08,0.018621253964492768,-0.0028221256867719813,-0.0024449877750610804,0.024241434241622926,0.0,0.0,-5.255151913309963e-05,0.0
2026-02-20,0.0,4.08,0.0013954572845489288,0.006939724763506794,0.0,0.024240915490137672,0.0,0.0,9.684089474000148e-06,0.0
2026-02-23,0.0,4.03,-0.0037626012322067304,-0.010385652247284827,-0.01225490196078427,0.024240396738652414,0.0,-0.0,3.907706794290449e-05,-0.0
2026-02-24,0.0,4.04,-0.010071356024868638,0.0076516140863223114,0.002481389578163684,0.024238123452931006,0.0,-0.0,-7.706212962825195e-05,-0.0
2026-02-25,0.0,4.05,0.00113044842234733,0.008136355657339944,0.0024752475247524774,0.024235850167209576,0.0,0.0,9.197730416496712e-06,0.0
2026-02-26,0.0,4.02,-0.0014114110977380134,-0.005365580569328343,-0.007407407407407418,0.024233576881488146,0.0,-0.0,7.573039961357472e-06,-0.0
2026-02-27,0.0,3.97,0.024452344267612558,-0.00433935281103115,-0.01243781094527352,0.024243509247563955,1.0,0.024452344267612558,-0.00010610734883396598,0.0
2026-03-02,0.0,4.05,0.0725716647794934,0.0003983547353176853,0.02015113350125941,0.024278015890230598,1.0,0.0725716647794934,2.8909266314798875e-05,0.0
2026-03-03,0.0,4.06,0.04708005869157739,-0.009444031095625416,0.0024691358024691024,0.024360698729837683,1.0,0.04708005869157739,-0.0004446255382671265,0.0
2026-03-04,0.0,4.09,0.0,0.007756049264286302,0.007389162561576512,0.024348135929117286,0.0,0.0,0.0,0.0
2026-03-05,0.0,4.13,0.049262924583061585,-0.005646704863891072,0.009779951100244544,0.024439329280850283,1.0,0.049262924583061585,-0.00027817319585267294,0.0
2026-03-06,0.0,4.15,0.08523590290544059,-0.013276795812569242,0.004842615012106588,0.024453344748418964,1.0,0.08523590290544059,-0.001131659678775512,0.0
2026-03-09,0.0,4.12,0.06764479963230086,0.008304161513105202,-0.0072289156626507145,0.02446234907567657,1.0,0.06764479963230086,0.0005617333416682656,0.0
2026-03-10,0.0,4.15,-0.11277279846363608,-0.0021351198877325173,0.00728155339805836,0.024461348594870175,0.0,-0.0,0.00024078344479496047,-0.0
2026-03-11,0.0,4.21,0.04760820227661822,-0.0008376012017449197,0.014457831325301207,0.02446251751299098,1.0,0.04760820227661822,-3.987668743981064e-05,0.0
2026-03-12,0.0,4.27,0.09219390539302297,-0.015227676506708532,0.014251781472683911,0.024465138390532926,1.0,0.09219390539302297,-0.0014038989672150448,0.0
2026-03-13,0.0,4.28,0.02667728777224343,-0.006059115470564369,0.0023419203747074846,0.024483396883350272,1.0,0.02667728777224343,-0.00016164076705349784,0.0
2026-03-16,0.0,4.23,-0.028407992267933335,0.010130883162251969,-0.011682242990654124,0.024480537998943563,0.0,-0.0,-0.00028779805054058997,-0.0
2026-03-17,0.0,4.2,0.03203272242091093,0.0024942548757938,-0.007092198581560294,0.02451966041862591,1.0,0.03203272242091093,7.989777408330646e-05,0.0
2026-03-18,0.0,4.26,0.03829045788613983,-0.013607567880073446,0.014285714285714235,0.024572840630996726,1.0,0.03829045788613983,-0.0005210400048447413,0.0
2026-03-19,0.0,4.25,0.011827195985707695,-0.002748797741878972,-0.0023474178403755097,0.024567527892364174,0.0,0.0,-3.251056961827336e-05,0.0
2026-03-20,0.0,4.39,0.032581692276222984,-0.015138182356779217,0.03294117647058825,0.02461133400255496,1.0,0.032581692276222984,-0.0004932275991699285,0.0
2026-03-23,0.0,4.34,-0.10918976498282762,0.011453200463990454,-0.011389521640091105,0.02461002980142446,0.0,-0.0,-0.00125057226696433,-0.0
2026-03-24,0.0,4.39,0.04552726947381158,-0.0037425745042546366,0.011520737327188835,0.024621767611598896,1.0,0.04552726947381158,-0.00017038919798101763,0.0
2026-03-25,0.0,4.33,-0.021724535261508526,0.005419124381509377,-0.013667425968109215,0.024620463410468398,0.0,-0.0,-0.00011772795871260104,-0.0
2026-03-26,0.0,4.42,0.05664254398731772,-0.017406172392416708,0.020785219399538146,0.02471722982140998,1.0,0.05664254398731772,-0.0009859298853882987,0.0
2026-03-27,0.0,4.44,0.042218289680638454,-0.01672184352107431,0.00452488687782826,0.024774875769909475,1.0,0.042218289680638454,-0.0007059676337670225,0.0
2026-03-30,0.0,4.35,0.0018654977795324879,-0.003945748828622642,-0.020270270270270396,0.024771993683874838,0.0,0.0,-7.360785678388453e-06,0.0
2026-03-31,0.0,4.3,0.049388187223909696,0.02913114047102594,-0.011494252873563204,0.02480613643712662,1.0,0.049388187223909696,0.001438734219629042,0.0
2026-04-01,0.0,4.33,-0.14524710632565452,0.007168516684867399,0.006976744186046657,0.024801203356356948,0.0,-0.0,-0.0010412063051241636,-0.0
2026-04-02,0.0,4.31,0.07779749735354446,0.0011208758485563575,-0.004618937644341958,0.024836798416188355,1.0,0.07779749735354446,8.720133586171513e-05,0.0
2026-04-06,0.0,4.34,0.006787103293172336,0.0044267825126402816,0.006960556844547661,0.024836266668966437,0.0,0.0,3.0045030169698565e-05,0.0
2026-04-07,0.0,4.33,-0.004554978730898829,0.0007592481161695641,-0.0023041474654377225,0.024835734921744512,0.0,-0.0,-3.458359020627368e-06,-0.0
2026-04-08,0.0,4.29,-0.13288182565335294,0.025081414644149813,-0.009237875288683584,0.024830801840974887,0.0,-0.0,-0.0033328641678833687,-0.0
2026-04-09,0.0,4.29,0.012348265635306666,0.006170023529293189,0.0,0.024825868760205216,0.0,0.0,7.618908951580464e-05,0.0
2026-04-10,0.0,4.31,-0.007506268082230094,-0.0011385210916523558,0.004662004662004504,0.02482093567943554,0.0,-0.0,8.546044531215842e-06,-0.0
2026-04-13,0.0,4.3,0.04369751885991202,0.010173274948748201,-0.002320185614849146,0.024838925405076043,1.0,0.04369751885991202,0.000444546873939995,0.0
2026-04-14,0.0,4.26,-0.045994360575196125,0.011782866364792755,-0.009302325581395321,0.02483839365785412,0.0,-0.0,-0.0005419454041916284,-0.0
2026-04-15,0.0,4.29,0.0014769425920060364,0.007975783355387733,0.007042253521126751,0.0248378619106322,0.0,0.0,1.177977414218496e-05,0.0
2026-04-16,0.0,4.32,0.046981976931790737,0.0026099558353673835,0.006993006993007089,0.0248421550323372,1.0,0.046981976931790737,0.00012262088485022303,0.0
2026-04-17,0.0,4.26,-0.09065300524761721,0.012040463669150903,-0.01388888888888895,0.024841787486212706,0.0,-0.0,-0.0010915042161832812,-0.0
2026-04-20,0.0,4.26,0.05642848261231559,-0.002374372617670484,0.0,0.024845978145735574,1.0,0.05642848261231559,-0.00013398224397137714,0.0
2026-04-21,0.0,4.3,0.03142019160582854,-0.006348217959672997,0.009389671361502261,0.024857230760477966,1.0,0.03142019160582854,-0.0001994622246484875,0.0
2026-04-22,0.0,4.3,0.03482940889780428,0.010460084168953943,0.0,0.02485914033318153,1.0,0.03482940889780428,0.00036431854862594614,0.0
2026-04-23,0.0,4.34,0.031007711894428525,-0.004132868267081369,0.009302325581395321,0.024896463980568714,1.0,0.031007711894428525,-0.00012815078852328516,0.0
2026-04-24,0.0,4.31,0.002474561121020624,0.007973689797975636,-0.00691244239631339,0.024891825046488406,0.0,0.0,1.9731382765149303e-05,0.0
2026-04-27,0.0,4.35,0.027532530859824655,0.0012323767534654362,0.009280742459396807,0.024914273934793358,1.0,0.027532530859824655,3.393045099571764e-05,0.0
2026-04-28,0.0,4.36,0.027995922436629517,-0.004894172187521972,0.0022988505747127963,0.024930379486066134,1.0,0.027995922436629517,-0.00013701686495337455,0.0
2026-04-29,0.0,4.42,0.0608484317192175,-0.0003991720531409948,0.013761467889908063,0.024950385607233297,1.0,0.0608484317192175,-2.4288993419769683e-05,0.0
2026-04-30,0.0,4.4,-0.03405910941830437,0.010238239941821936,-0.004524886877827927,0.024947988450415685,0.0,-0.0,-0.0003487053344293675,-0.0
2026-05-01,0.0,4.39,-0.051223610717127555,0.002928328889657106,-0.002272727272727426,0.024945591293598076,0.0,-0.0,-0.00014999957909551394,-0.0
2026-05-04,0.0,4.45,0.05796435590826321,-0.004062189384334225,0.013667425968109548,0.024965773261716055,1.0,0.05796435590826321,-0.0002354621912403176,0.0
2026-05-05,0.0,4.43,-0.0399335861353558,0.008120017337603702,-0.004494382022471988,0.024964768548138894,0.0,-0.0,-0.0003242614117717799,-0.0
2026-05-06,0.0,4.36,-0.07827437779674729,0.014588330317794274,-0.015801354401805745,0.024962371391321306,0.0,-0.0,-0.0011418924787187713,-0.0
2026-05-07,-0.0027472527472528485,4.41,-0.011948248489998314,-0.003803095327784889,0.011467889908256756,0.024959974234503694,0.0,-0.0,4.544032800752544e-05,3.282485848900757e-05
2026-05-08,0.0,4.38,0.012292658274484891,0.008425703533400997,-0.006802721088435382,0.024957577077686085,0.0,0.0,0.00010357429425821835,0.0
2026-05-11,0.0,4.42,0.028828098949080783,0.0018799566475542484,0.009132420091324311,0.024970796829601842,1.0,0.028828098949080783,5.419557625567606e-05,0.0
2026-05-12,0.0,4.46,0.03416176556827355,-0.0016026088601545085,0.009049773755656076,0.025000704793286643,1.0,0.03416176556827355,-5.474794817823641e-05,0.0
2026-05-13,0.0,4.46,-0.01985709804497915,0.005849246488426552,0.0,0.024995526971411438,0.0,-0.0,-0.00011614906100993602,-0.0
2026-05-14,0.0,4.47,0.0008520682535779756,0.007655604577358366,0.0022421524663676085,0.024990349149536184,0.0,0.0,6.523097622313298e-06,0.0
2026-05-15,0.0,4.59,0.03348468477726518,-0.012363320128051747,0.02684563758389258,0.025027705270553067,1.0,0.03348468477726518,-0.00041398187728823057,0.0
2026-05-18,0.0,4.61,0.025993010089360835,-0.0007356678561787344,0.004357298474945592,0.025032649891285997,1.0,0.025993010089360835,-1.91222220080723e-05,0.0
2026-05-19,-0.0027548209366390353,4.67,-0.007314894790239612,-0.006678320788135905,0.013015184381778733,0.025032150742114068,0.0,-0.0,4.885121394068424e-05,2.015122531746389e-05
2026-05-20,0.0,4.57,-0.056254512984368565,0.010792026370445518,-0.021413276231263323,0.025031595058168946,0.0,-0.0,-0.0006071001875838754,-0.0
2026-05-21,0.0,4.57,-0.02323362111983851,0.0017153304306989359,0.0,0.02503103937422382,0.0,-0.0,-3.9853337322188485e-05,-0.0
2026-05-22,0.0,4.56,0.009358540332780718,0.0037269732409066503,-0.002188183807440014,0.02503048369027869,0.0,0.0,3.4879029394219354e-05,0.0
2026-05-26,0.0,4.5,-0.03824607928778567,0.006108260424063872,-0.013157894736842035,0.02502992800633357,0.0,-0.0,-0.00023361701248919017,-0.0
2026-05-27,0.0,4.48,-0.05312312530885721,0.00016487914469087706,-0.004444444444444362,0.025029372322388443,0.0,-0.0,-8.75889546423066e-06,-0.0
2026-05-28,0.0,4.45,-0.006151254909566695,0.005753716619668614,-0.006696428571428603,0.02502881663844332,0.0,-0.0,-3.539257760499205e-05,-0.0
2026-05-29,0.0,4.45,-0.017714182573179582,0.002172260678511728,0.0,0.025028260954498196,0.0,-0.0,-3.847982225569571e-05,-0.0
2026-06-01,0.0,4.47,0.03183052914760154,0.0026252961308912415,0.004494382022471877,0.025033149040457923,1.0,0.03183052914760154,8.35645650154192e-05,0.0
2026-06-02,0.0,4.46,0.01073906724590512,0.0012920889411551784,-0.0022371364653243075,0.025032649891285997,0.0,0.0,1.3875830026755805e-05,0.0
2026-06-03,0.0,4.49,0.018854141235351562,-0.007372041104846239,0.0067264573991032695,0.025032150742114068,0.0,0.0,-0.00013899350418358815,0.0
2026-06-04,0.0,4.47,-0.028422439921149123,0.004054961568363158,-0.0044543429844099425,0.025031595058168946,0.0,-0.0,-0.00011525190155937048,-0.0
2026-06-05,0.0,4.55,-0.020414631867057276,-0.026445361894386843,0.017897091722595126,0.02503103937422382,0.0,-0.0,0.0005398723276650118,-0.0
2026-06-08,0.0,4.56,0.012461099019693611,0.0029781310549599205,0.00219780219780219,0.02503048369027869,0.0,0.0,3.711078596948016e-05,0.0
2026-06-09,0.0,4.53,-0.029708255191064348,-0.0025763939780845124,-0.0065789473684209065,0.02502992800633357,0.0,-0.0,7.654016977365615e-05,-0.0
2026-06-10,0.0,4.55,0.018042663542271686,-0.016199450298948426,0.004415011037527394,0.025029372322388443,0.0,0.0,-0.0002922812313136789,0.0
2026-06-11,0.0,4.45,-0.02921591047565053,0.017518885564244746,-0.0219780219780219,0.02502881663844332,0.0,-0.0,-0.0005118301922781409,-0.0
2026-06-12,0.0,4.48,-0.03374635444844443,0.0050255138730570525,0.006741573033707926,0.025028260954498196,0.0,-0.0,-0.00016959277244575806,-0.0
2026-06-15,0.0027624309392264568,4.47,-0.04763544686689869,0.016528391294663436,-0.0022321428571430157,0.025027705270553067,0.0,-0.0,-0.000787337305312251,-0.00013158963222899893
2026-06-16,0.0,4.43,-0.050619203765290166,-0.005684179609759754,-0.008948545861297563,0.025027149586607945,0.0,-0.0,0.00028772864590493653,-0.0
2026-06-17,0.0,4.49,0.007472188122165102,-0.012148282108228825,0.013544018058690765,0.02502659390266282,0.0,0.0,-9.077424927381826e-05,0.0
2026-06-18,0.0,4.46,0.003771155384721947,0.010846212235623431,-0.006681514476614803,0.025021416080787614,0.0,0.0,4.090275167620837e-05,0.0
2026-06-22,0.0,4.51,-0.024420751227367532,-0.003705051979052687,0.011210762331838486,0.02501623825891236,0.0,-0.0,9.048015266491141e-05,-0.0
2026-06-23,0.0,4.5,-0.01052631166575535,-0.014362785193208105,-0.0022172949002217113,0.025011060437037103,0.0,-0.0,0.0001511871533320047,-0.0
2026-06-24,0.0,4.41,-0.04333165396915584,-0.0009829319733113406,-0.020000000000000018,0.025005882615161897,0.0,-0.0,4.259206814274653e-05,-0.0
2026-06-25,0.0,4.4,0.020613023006442965,-9.92061187945481e-05,-0.0022675736961450532,0.025000704793286643,0.0,0.0,-2.044938009091934e-06,0.0
2026-06-26,0.0,4.38,-0.043449431034320196,-0.00047165741757115853,-0.00454545454545463,0.024995526971411438,0.0,-0.0,2.0493246436583615e-05,-0.0
2026-06-29,0.0,4.38,0.016113400424104807,0.011750057250389023,0.0,0.024990349149536184,0.0,0.0,0.00018933337748167425,0.0
2026-06-30,0.0,4.44,-0.0031442700223625053,0.007920198981480553,0.013698630136986356,0.024985171327660927,0.0,-0.0,-2.490324422861535e-05,-0.0
2026-07-01,0.0,4.48,-0.018513418925125813,-0.0021508346187620875,0.009009009009008917,0.02497999350578572,0.0,-0.0,3.981930233580579e-05,-0.0
2026-07-02,0.0,4.49,0.003213683916645671,1.3702513856905796e-06,0.0022321428571427937,0.024974815683910467,0.0,0.0,4.40355483995526e-09,0.0
2026-07-06,0.0,4.48,0.0026461671857418434,0.00724150765029874,-0.00222717149220486,0.024973810970333316,0.0,0.0,1.9162239919519046e-05,0.0
2026-07-07,0.0,4.55,0.030143156865294785,-0.0044551096782159405,0.015624999999999778,0.02501623825891236,1.0,0.030143156865294785,-0.00013429106988255607,0.0
2026-07-08,-0.0027548209366390353,4.56,0.05204952522041495,-0.002817238676629863,0.00219780219780219,0.02503048369027869,1.0,0.05204952522041495,-0.00014663593555117448,-0.0001433871218193206
2026-07-09,0.0,4.54,-0.02204554813270998,0.008142795337428232,-0.004385964912280604,0.02502992800633357,0.0,-0.0,-0.0001795123865460805,-0.0
2026-07-10,0.0,4.56,-0.0038007982166216037,0.004208843399813977,0.004405286343612147,0.025029372322388443,0.0,-0.0,-1.5996964488052572e-05,-0.0
2026-07-13,0.0,4.62,0.0959084424502672,-0.007927023147980106,0.013157894736842257,0.025034147338801785,1.0,0.0959084424502672,-0.0007602684433899859,0.0
2026-07-14,0.0027624309392264568,4.58,0.01716686978135229,0.0037589783811964317,-0.008658008658008698,0.025033648189629856,0.0,0.0,6.452989238091757e-05,4.742229221367929e-05
2026-07-15,0.0,4.55,0.002596407206333362,0.003819144358387927,-0.0065502183406114245,0.025033149040457923,0.0,0.0,9.916053934145818e-06,0.0
2026-07-16,0.0,4.57,-0.008475498730709408,-0.005101405539945647,0.004395604395604602,0.025032649891285997,0.0,-0.0,4.323695617864327e-05,-0.0
2026-07-17,0.0,4.55,0.04594556527307714,-0.010098540030789804,-0.004376367614879806,0.025037142233833354,1.0,0.04594556527307714,-0.00046398313014743537,0.0
2026-07-20,0.0,4.6,0.012712857729628935,-0.0019322546744660052,0.01098901098901095,0.025036643084661428,0.0,0.0,-2.4564478773896794e-05,0.0
2026-07-21,0.0,4.63,0.020062776182881104,0.008856366018608064,0.006521739130434856,0.0250361439354895,0.0,0.0,0.0001776832892250074,0.0
2026-07-22,0.0,4.67,0.03362265121160335,-0.0013636917526039793,0.008639308855291628,0.02504107122414594,1.0,0.03362265121160335,-4.585093215794368e-05,0.0
2026-07-23,0.0,4.71,0.07037315582075276,-0.012089697334330851,0.008565310492505418,0.025047654549179257,1.0,0.07037315582075276,-0.0008507901543346043,0.0
2026-07-24,0.0,4.69,-0.038832094222906566,0.0004967638835191579,-0.004246284501061459,0.025046837970505553,0.0,-0.0,-1.929038193135292e-05,-0.0
2026-07-27,0.0,4.65,-0.08700142875747297,0.0001619264104413265,-0.008528784648187626,0.025046021391831857,0.0,-0.0,-1.4087829061964394e-05,-0.0
2026-07-28,0.0,4.61,-0.04832508197109153,0.002104307328987254,-0.008602150537634468,0.025045204813158153,0.0,-0.0,-0.00010169082416567772,-0.0
2026-07-29,0.0,4.67,0.0790819576107229,-0.015161289750108109,0.013015184381778733,0.025052395304145533,1.0,0.0790819576107229,-0.001198984473341937,0.0
2026-07-30,0.0,4.68,-0.018845042150429925,0.016604359135647728,0.0021413276231263545,0.0250516580840098,0.0,-0.0,-0.00031290984779215765,-0.0
2026-07-31,0.0,4.75,0.01224310886476876,0.00700361981598796,0.014957264957265126,0.02505092086387406,0.0,0.0,8.574607985459234e-05,0.0
2026-08-03,0.0,4.7,-0.07046167232564204,0.01479091100582064,-0.010526315789473606,0.025050104285200363,0.0,-0.0,-0.0010421923246898665,-0.0
2026-08-04,0.0,4.63,-0.052644099432226255,0.01789619360979544,-0.014893617021276673,0.02504928770652666,0.0,-0.0,-0.0009421289958524433,-0.0
2026-08-05,0.0,4.63,0.001134026426391932,-0.0016764921193257454,0.0,0.025048471127852953,0.0,0.0,-1.9011863669532115e-06,0.0
2026-08-06,0.0,4.69,0.03826307152041508,-0.0017595333873230423,0.012958963282937441,0.02505534418468849,1.0,0.03826307152041508,-6.732515184169977e-05,0.0
2026-08-07,0.0,4.65,0.012850105654492294,0.006184231308959065,-0.008528784648187626,0.02505460696455275,0.0,0.0,7.946802571194316e-05,0.0
2026-08-10,0.0,4.72,0.04991020965447568,-0.0005839757139619595,0.015053763440860068,0.025060227115776403,1.0,0.04991020965447568,-2.9146350316963516e-05,0.0
2026-08-11,0.0,4.7,0.013565919115894776,-0.003212861472107087,-0.004237288135593098,0.02505974360314016,0.0,0.0,-4.358541886117936e-05,0.0
2026-08-12,0.0,4.68,0.0007873095483186265,0.0026267182752088836,-0.004255319148936287,0.02505926009050392,0.0,0.0,2.068040378814988e-06,0.0
